2026-10-06 12:48:15.884 | INFO     | __main__:main:127 - Starting compiler; detailed log: rospos/build/rospocc.log
2026-10-06 12:48:15.884 | INFO     | preprocess:include_replacer:97 - Skipping already included file: /home/erospo/Projects/RospOS/rospos/lib/block_device.rosc
2026-10-06 12:48:15.884 | INFO     | preprocess:include_replacer:97 - Skipping already included file: /home/erospo/Projects/RospOS/rospos/lib/stdlib.rosc
2026-10-06 12:48:15.885 | INFO     | preprocess:include_replacer:97 - Skipping already included file: /home/erospo/Projects/RospOS/rospos/lib/stdio.rosc
2026-10-06 12:48:15.885 | INFO     | preprocess:include_replacer:97 - Skipping already included file: /home/erospo/Projects/RospOS/rospos/lib/block_device.rosc
2026-10-06 12:48:15.885 | INFO     | preprocess:include_replacer:97 - Skipping already included file: /home/erospo/Projects/RospOS/rospos/lib/stdlib.rosc
2026-10-06 12:48:15.885 | INFO     | preprocess:include_replacer:97 - Skipping already included file: /home/erospo/Projects/RospOS/rospos/lib/stdio.rosc
2026-10-06 12:48:15.885 | INFO     | preprocess:include_replacer:97 - Skipping already included file: /home/erospo/Projects/RospOS/rospos/lib/display.rosc
2026-10-06 12:48:15.885 | INFO     | preprocess:include_replacer:97 - Skipping already included file: /home/erospo/Projects/RospOS/rospos/lib/file.rosc
2026-10-06 12:48:15.885 | INFO     | preprocess:include_replacer:97 - Skipping already included file: /home/erospo/Projects/RospOS/rospos/lib/terminal.rosc
2026-10-06 12:48:16.008 | INFO     | transformer:__default__:36 - DEBUG transformer: void -> line 1
2026-10-06 12:48:16.008 | INFO     | transformer:__default__:36 - DEBUG transformer: type_specifier -> line 1
2026-10-06 12:48:16.008 | INFO     | transformer:__default__:36 - DEBUG transformer: declarator -> line 1
2026-10-06 12:48:16.008 | INFO     | transformer:__default__:36 - DEBUG transformer: char -> line 1
2026-10-06 12:48:16.008 | INFO     | transformer:__default__:36 - DEBUG transformer: pointer -> line 1
2026-10-06 12:48:16.008 | INFO     | transformer:__default__:36 - DEBUG transformer: type_specifier -> line 1
2026-10-06 12:48:16.008 | INFO     | transformer:__default__:36 - DEBUG transformer: declarator -> line 1
2026-10-06 12:48:16.008 | INFO     | transformer:__default__:36 - DEBUG transformer: param -> line 1
2026-10-06 12:48:16.008 | INFO     | transformer:__default__:36 - DEBUG transformer: param_list -> line 1
2026-10-06 12:48:16.008 | INFO     | transformer:__default__:36 - DEBUG transformer: int -> line 3
2026-10-06 12:48:16.008 | INFO     | transformer:__default__:36 - DEBUG transformer: type_specifier -> line 3
2026-10-06 12:48:16.008 | INFO     | transformer:__default__:36 - DEBUG transformer: declarator -> line 3
2026-10-06 12:48:16.009 | INFO     | transformer:__default__:36 - DEBUG transformer: init_declarator -> line 3
2026-10-06 12:48:16.009 | INFO     | transformer:__default__:36 - DEBUG transformer: init_declarator_list -> line 3
2026-10-06 12:48:16.009 | INFO     | transformer:__default__:36 - DEBUG transformer: declaration -> line 3
2026-10-06 12:48:16.009 | INFO     | transformer:__default__:36 - DEBUG transformer: deref -> line 4
2026-10-06 12:48:16.009 | INFO     | transformer:__default__:36 - DEBUG transformer: unary -> line 4
2026-10-06 12:48:16.009 | INFO     | transformer:__default__:36 - DEBUG transformer: deref -> line 6
2026-10-06 12:48:16.009 | INFO     | transformer:__default__:36 - DEBUG transformer: unary -> line 6
2026-10-06 12:48:16.009 | INFO     | transformer:__default__:36 - DEBUG transformer: arg_list -> line 6
2026-10-06 12:48:16.009 | INFO     | transformer:__default__:36 - DEBUG transformer: call_suffix -> line 6
2026-10-06 12:48:16.009 | INFO     | transformer:__default__:36 - DEBUG transformer: postfix -> line 6
2026-10-06 12:48:16.009 | INFO     | transformer:__default__:36 - DEBUG transformer: expr_stmt -> line 6
2026-10-06 12:48:16.009 | INFO     | transformer:__default__:36 - DEBUG transformer: plus -> line 7
2026-10-06 12:48:16.009 | INFO     | transformer:__default__:36 - DEBUG transformer: additive -> line 7
2026-10-06 12:48:16.009 | INFO     | transformer:__default__:36 - DEBUG transformer: assignment -> line 7
2026-10-06 12:48:16.009 | INFO     | transformer:__default__:36 - DEBUG transformer: expr_stmt -> line 7
2026-10-06 12:48:16.009 | INFO     | transformer:__default__:36 - DEBUG transformer: compound_stmt -> line 5
2026-10-06 12:48:16.009 | INFO     | transformer:__default__:36 - DEBUG transformer: while_stmt -> line 4
2026-10-06 12:48:16.009 | INFO     | transformer:__default__:36 - DEBUG transformer: compound_stmt -> line 2
2026-10-06 12:48:16.009 | INFO     | transformer:__default__:36 - DEBUG transformer: function_def -> line 1
2026-10-06 12:48:16.009 | INFO     | transformer:__default__:36 - DEBUG transformer: external_decl -> line 1
2026-10-06 12:48:16.009 | INFO     | transformer:__default__:36 - DEBUG transformer: void -> line 10
2026-10-06 12:48:16.009 | INFO     | transformer:__default__:36 - DEBUG transformer: type_specifier -> line 10
2026-10-06 12:48:16.009 | INFO     | transformer:__default__:36 - DEBUG transformer: declarator -> line 10
2026-10-06 12:48:16.009 | INFO     | transformer:__default__:36 - DEBUG transformer: char -> line 10
2026-10-06 12:48:16.009 | INFO     | transformer:__default__:36 - DEBUG transformer: type_specifier -> line 10
2026-10-06 12:48:16.009 | INFO     | transformer:__default__:36 - DEBUG transformer: declarator -> line 10
2026-10-06 12:48:16.009 | INFO     | transformer:__default__:36 - DEBUG transformer: param -> line 10
2026-10-06 12:48:16.009 | INFO     | transformer:__default__:36 - DEBUG transformer: param_list -> line 10
2026-10-06 12:48:16.009 | INFO     | transformer:__default__:36 - DEBUG transformer: int -> line 12
2026-10-06 12:48:16.009 | INFO     | transformer:__default__:36 - DEBUG transformer: type_specifier -> line 12
2026-10-06 12:48:16.009 | INFO     | transformer:__default__:36 - DEBUG transformer: declarator -> line 12
2026-10-06 12:48:16.009 | INFO     | transformer:__default__:36 - DEBUG transformer: init_declarator -> line 12
2026-10-06 12:48:16.009 | INFO     | transformer:__default__:36 - DEBUG transformer: init_declarator_list -> line 12
2026-10-06 12:48:16.009 | INFO     | transformer:__default__:36 - DEBUG transformer: declaration -> line 12
2026-10-06 12:48:16.009 | INFO     | transformer:__default__:36 - DEBUG transformer: arg_list -> line 13
2026-10-06 12:48:16.009 | INFO     | transformer:__default__:36 - DEBUG transformer: call_suffix -> line 13
2026-10-06 12:48:16.010 | INFO     | transformer:__default__:36 - DEBUG transformer: postfix -> line 13
2026-10-06 12:48:16.010 | INFO     | transformer:__default__:36 - DEBUG transformer: expr_stmt -> line 13
2026-10-06 12:48:16.010 | INFO     | transformer:__default__:36 - DEBUG transformer: compound_stmt -> line 11
2026-10-06 12:48:16.010 | INFO     | transformer:__default__:36 - DEBUG transformer: function_def -> line 10
2026-10-06 12:48:16.010 | INFO     | transformer:__default__:36 - DEBUG transformer: external_decl -> line 10
2026-10-06 12:48:16.010 | INFO     | transformer:__default__:36 - DEBUG transformer: void -> line 16
2026-10-06 12:48:16.010 | INFO     | transformer:__default__:36 - DEBUG transformer: type_specifier -> line 16
2026-10-06 12:48:16.010 | INFO     | transformer:__default__:36 - DEBUG transformer: declarator -> line 16
2026-10-06 12:48:16.010 | INFO     | transformer:__default__:36 - DEBUG transformer: char -> line 16
2026-10-06 12:48:16.010 | INFO     | transformer:__default__:36 - DEBUG transformer: pointer -> line 16
2026-10-06 12:48:16.010 | INFO     | transformer:__default__:36 - DEBUG transformer: type_specifier -> line 16
2026-10-06 12:48:16.010 | INFO     | transformer:__default__:36 - DEBUG transformer: declarator -> line 16
2026-10-06 12:48:16.010 | INFO     | transformer:__default__:36 - DEBUG transformer: param -> line 16
2026-10-06 12:48:16.010 | INFO     | transformer:__default__:36 - DEBUG transformer: param_list -> line 16
2026-10-06 12:48:16.010 | INFO     | transformer:__default__:36 - DEBUG transformer: arg_list -> line 18
2026-10-06 12:48:16.010 | INFO     | transformer:__default__:36 - DEBUG transformer: call_suffix -> line 18
2026-10-06 12:48:16.010 | INFO     | transformer:__default__:36 - DEBUG transformer: postfix -> line 18
2026-10-06 12:48:16.010 | INFO     | transformer:__default__:36 - DEBUG transformer: expr_stmt -> line 18
2026-10-06 12:48:16.010 | INFO     | transformer:__default__:36 - DEBUG transformer: arg_list -> line 19
2026-10-06 12:48:16.010 | INFO     | transformer:__default__:36 - DEBUG transformer: call_suffix -> line 19
2026-10-06 12:48:16.010 | INFO     | transformer:__default__:36 - DEBUG transformer: postfix -> line 19
2026-10-06 12:48:16.010 | INFO     | transformer:__default__:36 - DEBUG transformer: expr_stmt -> line 19
2026-10-06 12:48:16.010 | INFO     | transformer:__default__:36 - DEBUG transformer: compound_stmt -> line 17
2026-10-06 12:48:16.010 | INFO     | transformer:__default__:36 - DEBUG transformer: function_def -> line 16
2026-10-06 12:48:16.010 | INFO     | transformer:__default__:36 - DEBUG transformer: external_decl -> line 16
2026-10-06 12:48:16.010 | INFO     | transformer:__default__:36 - DEBUG transformer: char -> line 23
2026-10-06 12:48:16.010 | INFO     | transformer:__default__:36 - DEBUG transformer: type_specifier -> line 23
2026-10-06 12:48:16.010 | INFO     | transformer:__default__:36 - DEBUG transformer: declarator -> line 23
2026-10-06 12:48:16.010 | INFO     | transformer:__default__:36 - DEBUG transformer: int -> line 25
2026-10-06 12:48:16.010 | INFO     | transformer:__default__:36 - DEBUG transformer: type_specifier -> line 25
2026-10-06 12:48:16.010 | INFO     | transformer:__default__:36 - DEBUG transformer: declarator -> line 25
2026-10-06 12:48:16.010 | INFO     | transformer:__default__:36 - DEBUG transformer: init_declarator -> line 25
2026-10-06 12:48:16.010 | INFO     | transformer:__default__:36 - DEBUG transformer: init_declarator_list -> line 25
2026-10-06 12:48:16.010 | INFO     | transformer:__default__:36 - DEBUG transformer: declaration -> line 25
2026-10-06 12:48:16.010 | INFO     | transformer:__default__:36 - DEBUG transformer: arg_list -> line 26
2026-10-06 12:48:16.010 | INFO     | transformer:__default__:36 - DEBUG transformer: call_suffix -> line 26
2026-10-06 12:48:16.010 | INFO     | transformer:__default__:36 - DEBUG transformer: postfix -> line 26
2026-10-06 12:48:16.010 | INFO     | transformer:__default__:36 - DEBUG transformer: return_stmt -> line 26
2026-10-06 12:48:16.011 | INFO     | transformer:__default__:36 - DEBUG transformer: compound_stmt -> line 24
2026-10-06 12:48:16.011 | INFO     | transformer:__default__:36 - DEBUG transformer: function_def -> line 23
2026-10-06 12:48:16.011 | INFO     | transformer:__default__:36 - DEBUG transformer: external_decl -> line 23
2026-10-06 12:48:16.011 | INFO     | transformer:__default__:36 - DEBUG transformer: char -> line 29
2026-10-06 12:48:16.011 | INFO     | transformer:__default__:36 - DEBUG transformer: pointer -> line 29
2026-10-06 12:48:16.011 | INFO     | transformer:__default__:36 - DEBUG transformer: type_specifier -> line 29
2026-10-06 12:48:16.011 | INFO     | transformer:__default__:36 - DEBUG transformer: declarator -> line 29
2026-10-06 12:48:16.011 | INFO     | transformer:__default__:36 - DEBUG transformer: char -> line 29
2026-10-06 12:48:16.011 | INFO     | transformer:__default__:36 - DEBUG transformer: pointer -> line 29
2026-10-06 12:48:16.011 | INFO     | transformer:__default__:36 - DEBUG transformer: type_specifier -> line 29
2026-10-06 12:48:16.011 | INFO     | transformer:__default__:36 - DEBUG transformer: declarator -> line 29
2026-10-06 12:48:16.011 | INFO     | transformer:__default__:36 - DEBUG transformer: param -> line 29
2026-10-06 12:48:16.011 | INFO     | transformer:__default__:36 - DEBUG transformer: int -> line 29
2026-10-06 12:48:16.011 | INFO     | transformer:__default__:36 - DEBUG transformer: type_specifier -> line 29
2026-10-06 12:48:16.011 | INFO     | transformer:__default__:36 - DEBUG transformer: declarator -> line 29
2026-10-06 12:48:16.011 | INFO     | transformer:__default__:36 - DEBUG transformer: param -> line 29
2026-10-06 12:48:16.011 | INFO     | transformer:__default__:36 - DEBUG transformer: param_list -> line 29
2026-10-06 12:48:16.011 | INFO     | transformer:__default__:36 - DEBUG transformer: int -> line 31
2026-10-06 12:48:16.011 | INFO     | transformer:__default__:36 - DEBUG transformer: type_specifier -> line 31
2026-10-06 12:48:16.011 | INFO     | transformer:__default__:36 - DEBUG transformer: declarator -> line 31
2026-10-06 12:48:16.011 | INFO     | transformer:__default__:36 - DEBUG transformer: init_declarator -> line 31
2026-10-06 12:48:16.011 | INFO     | transformer:__default__:36 - DEBUG transformer: init_declarator_list -> line 31
2026-10-06 12:48:16.011 | INFO     | transformer:__default__:36 - DEBUG transformer: declaration -> line 31
2026-10-06 12:48:16.011 | INFO     | transformer:__default__:36 - DEBUG transformer: int -> line 32
2026-10-06 12:48:16.011 | INFO     | transformer:__default__:36 - DEBUG transformer: type_specifier -> line 32
2026-10-06 12:48:16.011 | INFO     | transformer:__default__:36 - DEBUG transformer: declarator -> line 32
2026-10-06 12:48:16.011 | INFO     | transformer:__default__:36 - DEBUG transformer: init_declarator -> line 32
2026-10-06 12:48:16.011 | INFO     | transformer:__default__:36 - DEBUG transformer: init_declarator_list -> line 32
2026-10-06 12:48:16.011 | INFO     | transformer:__default__:36 - DEBUG transformer: declaration -> line 32
2026-10-06 12:48:16.011 | INFO     | transformer:__default__:36 - DEBUG transformer: lt -> line 33
2026-10-06 12:48:16.011 | INFO     | transformer:__default__:36 - DEBUG transformer: minus -> line 33
2026-10-06 12:48:16.011 | INFO     | transformer:__default__:36 - DEBUG transformer: additive -> line 33
2026-10-06 12:48:16.011 | INFO     | transformer:__default__:36 - DEBUG transformer: relational -> line 33
2026-10-06 12:48:16.011 | INFO     | transformer:__default__:36 - DEBUG transformer: char -> line 35
2026-10-06 12:48:16.011 | INFO     | transformer:__default__:36 - DEBUG transformer: type_specifier -> line 35
2026-10-06 12:48:16.011 | INFO     | transformer:__default__:36 - DEBUG transformer: declarator -> line 35
2026-10-06 12:48:16.011 | INFO     | transformer:__default__:36 - DEBUG transformer: arg_list -> line 35
2026-10-06 12:48:16.011 | INFO     | transformer:__default__:36 - DEBUG transformer: call_suffix -> line 35
2026-10-06 12:48:16.011 | INFO     | transformer:__default__:36 - DEBUG transformer: postfix -> line 35
2026-10-06 12:48:16.012 | INFO     | transformer:__default__:36 - DEBUG transformer: init_declarator -> line 35
2026-10-06 12:48:16.012 | INFO     | transformer:__default__:36 - DEBUG transformer: init_declarator_list -> line 35
2026-10-06 12:48:16.012 | INFO     | transformer:__default__:36 - DEBUG transformer: declaration -> line 35
2026-10-06 12:48:16.012 | INFO     | transformer:__default__:36 - DEBUG transformer: eq -> line 36
2026-10-06 12:48:16.012 | INFO     | transformer:__default__:36 - DEBUG transformer: equality -> line 36
2026-10-06 12:48:16.012 | INFO     | transformer:__default__:36 - DEBUG transformer: eq -> line 36
2026-10-06 12:48:16.012 | INFO     | transformer:__default__:36 - DEBUG transformer: equality -> line 36
2026-10-06 12:48:16.012 | INFO     | transformer:__default__:36 - DEBUG transformer: logic_or -> line 36
2026-10-06 12:48:16.012 | INFO     | transformer:__default__:36 - DEBUG transformer: expr_stmt -> line 37
2026-10-06 12:48:16.012 | INFO     | transformer:__default__:36 - DEBUG transformer: if_stmt -> line 36
2026-10-06 12:48:16.012 | INFO     | transformer:__default__:36 - DEBUG transformer: post_inc -> line 38
2026-10-06 12:48:16.012 | INFO     | transformer:__default__:36 - DEBUG transformer: postfix -> line 38
2026-10-06 12:48:16.012 | INFO     | transformer:__default__:36 - DEBUG transformer: array_index -> line 38
2026-10-06 12:48:16.012 | INFO     | transformer:__default__:36 - DEBUG transformer: postfix -> line 38
2026-10-06 12:48:16.012 | INFO     | transformer:__default__:36 - DEBUG transformer: assignment -> line 38
2026-10-06 12:48:16.012 | INFO     | transformer:__default__:36 - DEBUG transformer: expr_stmt -> line 38
2026-10-06 12:48:16.012 | INFO     | transformer:__default__:36 - DEBUG transformer: compound_stmt -> line 34
2026-10-06 12:48:16.012 | INFO     | transformer:__default__:36 - DEBUG transformer: while_stmt -> line 33
2026-10-06 12:48:16.012 | INFO     | transformer:__default__:36 - DEBUG transformer: array_index -> line 40
2026-10-06 12:48:16.012 | INFO     | transformer:__default__:36 - DEBUG transformer: postfix -> line 40
2026-10-06 12:48:16.012 | INFO     | transformer:__default__:36 - DEBUG transformer: assignment -> line 40
2026-10-06 12:48:16.012 | INFO     | transformer:__default__:36 - DEBUG transformer: expr_stmt -> line 40
2026-10-06 12:48:16.012 | INFO     | transformer:__default__:36 - DEBUG transformer: return_stmt -> line 41
2026-10-06 12:48:16.012 | INFO     | transformer:__default__:36 - DEBUG transformer: compound_stmt -> line 30
2026-10-06 12:48:16.012 | INFO     | transformer:__default__:36 - DEBUG transformer: function_def -> line 29
2026-10-06 12:48:16.012 | INFO     | transformer:__default__:36 - DEBUG transformer: external_decl -> line 29
2026-10-06 12:48:16.012 | INFO     | transformer:__default__:36 - DEBUG transformer: void -> line 44
2026-10-06 12:48:16.012 | INFO     | transformer:__default__:36 - DEBUG transformer: type_specifier -> line 44
2026-10-06 12:48:16.012 | INFO     | transformer:__default__:36 - DEBUG transformer: declarator -> line 44
2026-10-06 12:48:16.012 | INFO     | transformer:__default__:36 - DEBUG transformer: int -> line 44
2026-10-06 12:48:16.012 | INFO     | transformer:__default__:36 - DEBUG transformer: type_specifier -> line 44
2026-10-06 12:48:16.012 | INFO     | transformer:__default__:36 - DEBUG transformer: declarator -> line 44
2026-10-06 12:48:16.012 | INFO     | transformer:__default__:36 - DEBUG transformer: param -> line 44
2026-10-06 12:48:16.012 | INFO     | transformer:__default__:36 - DEBUG transformer: char -> line 44
2026-10-06 12:48:16.012 | INFO     | transformer:__default__:36 - DEBUG transformer: pointer -> line 44
2026-10-06 12:48:16.012 | INFO     | transformer:__default__:36 - DEBUG transformer: type_specifier -> line 44
2026-10-06 12:48:16.012 | INFO     | transformer:__default__:36 - DEBUG transformer: declarator -> line 44
2026-10-06 12:48:16.012 | INFO     | transformer:__default__:36 - DEBUG transformer: param -> line 44
2026-10-06 12:48:16.012 | INFO     | transformer:__default__:36 - DEBUG transformer: param_list -> line 44
2026-10-06 12:48:16.013 | INFO     | transformer:__default__:36 - DEBUG transformer: eq -> line 46
2026-10-06 12:48:16.013 | INFO     | transformer:__default__:36 - DEBUG transformer: equality -> line 46
2026-10-06 12:48:16.013 | INFO     | transformer:__default__:36 - DEBUG transformer: array_index -> line 48
2026-10-06 12:48:16.013 | INFO     | transformer:__default__:36 - DEBUG transformer: postfix -> line 48
2026-10-06 12:48:16.013 | INFO     | transformer:__default__:36 - DEBUG transformer: assignment -> line 48
2026-10-06 12:48:16.013 | INFO     | transformer:__default__:36 - DEBUG transformer: expr_stmt -> line 48
2026-10-06 12:48:16.013 | INFO     | transformer:__default__:36 - DEBUG transformer: array_index -> line 49
2026-10-06 12:48:16.013 | INFO     | transformer:__default__:36 - DEBUG transformer: postfix -> line 49
2026-10-06 12:48:16.013 | INFO     | transformer:__default__:36 - DEBUG transformer: assignment -> line 49
2026-10-06 12:48:16.013 | INFO     | transformer:__default__:36 - DEBUG transformer: expr_stmt -> line 49
2026-10-06 12:48:16.013 | INFO     | transformer:__default__:36 - DEBUG transformer: return_stmt -> line 50
2026-10-06 12:48:16.013 | INFO     | transformer:__default__:36 - DEBUG transformer: compound_stmt -> line 47
2026-10-06 12:48:16.013 | INFO     | transformer:__default__:36 - DEBUG transformer: if_stmt -> line 46
2026-10-06 12:48:16.013 | INFO     | transformer:__default__:36 - DEBUG transformer: int -> line 53
2026-10-06 12:48:16.013 | INFO     | transformer:__default__:36 - DEBUG transformer: type_specifier -> line 53
2026-10-06 12:48:16.013 | INFO     | transformer:__default__:36 - DEBUG transformer: declarator -> line 53
2026-10-06 12:48:16.013 | INFO     | transformer:__default__:36 - DEBUG transformer: init_declarator -> line 53
2026-10-06 12:48:16.013 | INFO     | transformer:__default__:36 - DEBUG transformer: init_declarator_list -> line 53
2026-10-06 12:48:16.013 | INFO     | transformer:__default__:36 - DEBUG transformer: declaration -> line 53
2026-10-06 12:48:16.013 | INFO     | transformer:__default__:36 - DEBUG transformer: lt -> line 54
2026-10-06 12:48:16.013 | INFO     | transformer:__default__:36 - DEBUG transformer: relational -> line 54
2026-10-06 12:48:16.013 | INFO     | transformer:__default__:36 - DEBUG transformer: assignment -> line 56
2026-10-06 12:48:16.013 | INFO     | transformer:__default__:36 - DEBUG transformer: expr_stmt -> line 56
2026-10-06 12:48:16.013 | INFO     | transformer:__default__:36 - DEBUG transformer: uminus -> line 57
2026-10-06 12:48:16.013 | INFO     | transformer:__default__:36 - DEBUG transformer: unary -> line 57
2026-10-06 12:48:16.013 | INFO     | transformer:__default__:36 - DEBUG transformer: assignment -> line 57
2026-10-06 12:48:16.013 | INFO     | transformer:__default__:36 - DEBUG transformer: expr_stmt -> line 57
2026-10-06 12:48:16.013 | INFO     | transformer:__default__:36 - DEBUG transformer: compound_stmt -> line 55
2026-10-06 12:48:16.013 | INFO     | transformer:__default__:36 - DEBUG transformer: if_stmt -> line 54
2026-10-06 12:48:16.013 | INFO     | transformer:__default__:36 - DEBUG transformer: int -> line 60
2026-10-06 12:48:16.013 | INFO     | transformer:__default__:36 - DEBUG transformer: type_specifier -> line 60
2026-10-06 12:48:16.013 | INFO     | transformer:__default__:36 - DEBUG transformer: declarator -> line 60
2026-10-06 12:48:16.013 | INFO     | transformer:__default__:36 - DEBUG transformer: init_declarator -> line 60
2026-10-06 12:48:16.013 | INFO     | transformer:__default__:36 - DEBUG transformer: init_declarator_list -> line 60
2026-10-06 12:48:16.013 | INFO     | transformer:__default__:36 - DEBUG transformer: declaration -> line 60
2026-10-06 12:48:16.013 | INFO     | transformer:__default__:36 - DEBUG transformer: gt -> line 61
2026-10-06 12:48:16.013 | INFO     | transformer:__default__:36 - DEBUG transformer: relational -> line 61
2026-10-06 12:48:16.013 | INFO     | transformer:__default__:36 - DEBUG transformer: array_index -> line 63
2026-10-06 12:48:16.014 | INFO     | transformer:__default__:36 - DEBUG transformer: postfix -> line 63
2026-10-06 12:48:16.014 | INFO     | transformer:__default__:36 - DEBUG transformer: mod -> line 63
2026-10-06 12:48:16.014 | INFO     | transformer:__default__:36 - DEBUG transformer: multiplicative -> line 63
2026-10-06 12:48:16.014 | INFO     | transformer:__default__:36 - DEBUG transformer: plus -> line 63
2026-10-06 12:48:16.014 | INFO     | transformer:__default__:36 - DEBUG transformer: additive -> line 63
2026-10-06 12:48:16.014 | INFO     | transformer:__default__:36 - DEBUG transformer: assignment -> line 63
2026-10-06 12:48:16.014 | INFO     | transformer:__default__:36 - DEBUG transformer: expr_stmt -> line 63
2026-10-06 12:48:16.014 | INFO     | transformer:__default__:36 - DEBUG transformer: plus -> line 64
2026-10-06 12:48:16.014 | INFO     | transformer:__default__:36 - DEBUG transformer: additive -> line 64
2026-10-06 12:48:16.014 | INFO     | transformer:__default__:36 - DEBUG transformer: assignment -> line 64
2026-10-06 12:48:16.014 | INFO     | transformer:__default__:36 - DEBUG transformer: expr_stmt -> line 64
2026-10-06 12:48:16.014 | INFO     | transformer:__default__:36 - DEBUG transformer: div -> line 65
2026-10-06 12:48:16.014 | INFO     | transformer:__default__:36 - DEBUG transformer: multiplicative -> line 65
2026-10-06 12:48:16.014 | INFO     | transformer:__default__:36 - DEBUG transformer: assignment -> line 65
2026-10-06 12:48:16.014 | INFO     | transformer:__default__:36 - DEBUG transformer: expr_stmt -> line 65
2026-10-06 12:48:16.014 | INFO     | transformer:__default__:36 - DEBUG transformer: compound_stmt -> line 62
2026-10-06 12:48:16.014 | INFO     | transformer:__default__:36 - DEBUG transformer: while_stmt -> line 61
2026-10-06 12:48:16.014 | INFO     | transformer:__default__:36 - DEBUG transformer: array_index -> line 70
2026-10-06 12:48:16.014 | INFO     | transformer:__default__:36 - DEBUG transformer: postfix -> line 70
2026-10-06 12:48:16.014 | INFO     | transformer:__default__:36 - DEBUG transformer: assignment -> line 70
2026-10-06 12:48:16.014 | INFO     | transformer:__default__:36 - DEBUG transformer: expr_stmt -> line 70
2026-10-06 12:48:16.014 | INFO     | transformer:__default__:36 - DEBUG transformer: plus -> line 71
2026-10-06 12:48:16.014 | INFO     | transformer:__default__:36 - DEBUG transformer: additive -> line 71
2026-10-06 12:48:16.014 | INFO     | transformer:__default__:36 - DEBUG transformer: assignment -> line 71
2026-10-06 12:48:16.014 | INFO     | transformer:__default__:36 - DEBUG transformer: expr_stmt -> line 71
2026-10-06 12:48:16.014 | INFO     | transformer:__default__:36 - DEBUG transformer: compound_stmt -> line 69
2026-10-06 12:48:16.014 | INFO     | transformer:__default__:36 - DEBUG transformer: if_stmt -> line 68
2026-10-06 12:48:16.014 | INFO     | transformer:__default__:36 - DEBUG transformer: array_index -> line 74
2026-10-06 12:48:16.014 | INFO     | transformer:__default__:36 - DEBUG transformer: postfix -> line 74
2026-10-06 12:48:16.014 | INFO     | transformer:__default__:36 - DEBUG transformer: assignment -> line 74
2026-10-06 12:48:16.014 | INFO     | transformer:__default__:36 - DEBUG transformer: expr_stmt -> line 74
2026-10-06 12:48:16.014 | INFO     | transformer:__default__:36 - DEBUG transformer: int -> line 76
2026-10-06 12:48:16.014 | INFO     | transformer:__default__:36 - DEBUG transformer: type_specifier -> line 76
2026-10-06 12:48:16.014 | INFO     | transformer:__default__:36 - DEBUG transformer: declarator -> line 76
2026-10-06 12:48:16.014 | INFO     | transformer:__default__:36 - DEBUG transformer: init_declarator -> line 76
2026-10-06 12:48:16.014 | INFO     | transformer:__default__:36 - DEBUG transformer: init_declarator_list -> line 76
2026-10-06 12:48:16.014 | INFO     | transformer:__default__:36 - DEBUG transformer: declaration -> line 76
2026-10-06 12:48:16.014 | INFO     | transformer:__default__:36 - DEBUG transformer: int -> line 77
2026-10-06 12:48:16.014 | INFO     | transformer:__default__:36 - DEBUG transformer: type_specifier -> line 77
2026-10-06 12:48:16.015 | INFO     | transformer:__default__:36 - DEBUG transformer: declarator -> line 77
2026-10-06 12:48:16.015 | INFO     | transformer:__default__:36 - DEBUG transformer: minus -> line 77
2026-10-06 12:48:16.015 | INFO     | transformer:__default__:36 - DEBUG transformer: additive -> line 77
2026-10-06 12:48:16.015 | INFO     | transformer:__default__:36 - DEBUG transformer: init_declarator -> line 77
2026-10-06 12:48:16.015 | INFO     | transformer:__default__:36 - DEBUG transformer: init_declarator_list -> line 77
2026-10-06 12:48:16.015 | INFO     | transformer:__default__:36 - DEBUG transformer: declaration -> line 77
2026-10-06 12:48:16.015 | INFO     | transformer:__default__:36 - DEBUG transformer: lt -> line 78
2026-10-06 12:48:16.015 | INFO     | transformer:__default__:36 - DEBUG transformer: relational -> line 78
2026-10-06 12:48:16.015 | INFO     | transformer:__default__:36 - DEBUG transformer: char -> line 80
2026-10-06 12:48:16.015 | INFO     | transformer:__default__:36 - DEBUG transformer: type_specifier -> line 80
2026-10-06 12:48:16.015 | INFO     | transformer:__default__:36 - DEBUG transformer: declarator -> line 80
2026-10-06 12:48:16.015 | INFO     | transformer:__default__:36 - DEBUG transformer: array_index -> line 80
2026-10-06 12:48:16.015 | INFO     | transformer:__default__:36 - DEBUG transformer: postfix -> line 80
2026-10-06 12:48:16.015 | INFO     | transformer:__default__:36 - DEBUG transformer: init_declarator -> line 80
2026-10-06 12:48:16.015 | INFO     | transformer:__default__:36 - DEBUG transformer: init_declarator_list -> line 80
2026-10-06 12:48:16.015 | INFO     | transformer:__default__:36 - DEBUG transformer: declaration -> line 80
2026-10-06 12:48:16.015 | INFO     | transformer:__default__:36 - DEBUG transformer: array_index -> line 81
2026-10-06 12:48:16.015 | INFO     | transformer:__default__:36 - DEBUG transformer: postfix -> line 81
2026-10-06 12:48:16.015 | INFO     | transformer:__default__:36 - DEBUG transformer: array_index -> line 81
2026-10-06 12:48:16.015 | INFO     | transformer:__default__:36 - DEBUG transformer: postfix -> line 81
2026-10-06 12:48:16.015 | INFO     | transformer:__default__:36 - DEBUG transformer: assignment -> line 81
2026-10-06 12:48:16.015 | INFO     | transformer:__default__:36 - DEBUG transformer: expr_stmt -> line 81
2026-10-06 12:48:16.015 | INFO     | transformer:__default__:36 - DEBUG transformer: array_index -> line 82
2026-10-06 12:48:16.015 | INFO     | transformer:__default__:36 - DEBUG transformer: postfix -> line 82
2026-10-06 12:48:16.015 | INFO     | transformer:__default__:36 - DEBUG transformer: assignment -> line 82
2026-10-06 12:48:16.015 | INFO     | transformer:__default__:36 - DEBUG transformer: expr_stmt -> line 82
2026-10-06 12:48:16.015 | INFO     | transformer:__default__:36 - DEBUG transformer: plus -> line 83
2026-10-06 12:48:16.015 | INFO     | transformer:__default__:36 - DEBUG transformer: additive -> line 83
2026-10-06 12:48:16.015 | INFO     | transformer:__default__:36 - DEBUG transformer: assignment -> line 83
2026-10-06 12:48:16.015 | INFO     | transformer:__default__:36 - DEBUG transformer: expr_stmt -> line 83
2026-10-06 12:48:16.015 | INFO     | transformer:__default__:36 - DEBUG transformer: minus -> line 84
2026-10-06 12:48:16.015 | INFO     | transformer:__default__:36 - DEBUG transformer: additive -> line 84
2026-10-06 12:48:16.015 | INFO     | transformer:__default__:36 - DEBUG transformer: assignment -> line 84
2026-10-06 12:48:16.015 | INFO     | transformer:__default__:36 - DEBUG transformer: expr_stmt -> line 84
2026-10-06 12:48:16.015 | INFO     | transformer:__default__:36 - DEBUG transformer: compound_stmt -> line 79
2026-10-06 12:48:16.015 | INFO     | transformer:__default__:36 - DEBUG transformer: while_stmt -> line 78
2026-10-06 12:48:16.015 | INFO     | transformer:__default__:36 - DEBUG transformer: compound_stmt -> line 45
2026-10-06 12:48:16.016 | INFO     | transformer:__default__:36 - DEBUG transformer: function_def -> line 44
2026-10-06 12:48:16.016 | INFO     | transformer:__default__:36 - DEBUG transformer: external_decl -> line 44
2026-10-06 12:48:16.016 | INFO     | transformer:__default__:36 - DEBUG transformer: char -> line 88
2026-10-06 12:48:16.016 | INFO     | transformer:__default__:36 - DEBUG transformer: type_specifier -> line 88
2026-10-06 12:48:16.016 | INFO     | transformer:__default__:36 - DEBUG transformer: array -> line 88
2026-10-06 12:48:16.016 | INFO     | transformer:__default__:36 - DEBUG transformer: declarator -> line 88
2026-10-06 12:48:16.016 | INFO     | transformer:__default__:36 - DEBUG transformer: init_declarator -> line 88
2026-10-06 12:48:16.016 | INFO     | transformer:__default__:36 - DEBUG transformer: init_declarator_list -> line 88
2026-10-06 12:48:16.016 | INFO     | transformer:__default__:36 - DEBUG transformer: declaration -> line 88
2026-10-06 12:48:16.016 | INFO     | transformer:__default__:36 - DEBUG transformer: external_decl -> line 88
2026-10-06 12:48:16.016 | INFO     | transformer:__default__:36 - DEBUG transformer: char -> line 90
2026-10-06 12:48:16.016 | INFO     | transformer:__default__:36 - DEBUG transformer: pointer -> line 90
2026-10-06 12:48:16.016 | INFO     | transformer:__default__:36 - DEBUG transformer: type_specifier -> line 90
2026-10-06 12:48:16.016 | INFO     | transformer:__default__:36 - DEBUG transformer: declarator -> line 90
2026-10-06 12:48:16.016 | INFO     | transformer:__default__:36 - DEBUG transformer: int -> line 90
2026-10-06 12:48:16.016 | INFO     | transformer:__default__:36 - DEBUG transformer: type_specifier -> line 90
2026-10-06 12:48:16.016 | INFO     | transformer:__default__:36 - DEBUG transformer: declarator -> line 90
2026-10-06 12:48:16.016 | INFO     | transformer:__default__:36 - DEBUG transformer: param -> line 90
2026-10-06 12:48:16.016 | INFO     | transformer:__default__:36 - DEBUG transformer: param_list -> line 90
2026-10-06 12:48:16.016 | INFO     | transformer:__default__:36 - DEBUG transformer: arg_list -> line 92
2026-10-06 12:48:16.016 | INFO     | transformer:__default__:36 - DEBUG transformer: call_suffix -> line 92
2026-10-06 12:48:16.016 | INFO     | transformer:__default__:36 - DEBUG transformer: postfix -> line 92
2026-10-06 12:48:16.016 | INFO     | transformer:__default__:36 - DEBUG transformer: expr_stmt -> line 92
2026-10-06 12:48:16.016 | INFO     | transformer:__default__:36 - DEBUG transformer: return_stmt -> line 93
2026-10-06 12:48:16.016 | INFO     | transformer:__default__:36 - DEBUG transformer: compound_stmt -> line 91
2026-10-06 12:48:16.016 | INFO     | transformer:__default__:36 - DEBUG transformer: function_def -> line 90
2026-10-06 12:48:16.016 | INFO     | transformer:__default__:36 - DEBUG transformer: external_decl -> line 90
2026-10-06 12:48:16.016 | INFO     | transformer:__default__:36 - DEBUG transformer: void -> line 96
2026-10-06 12:48:16.016 | INFO     | transformer:__default__:36 - DEBUG transformer: type_specifier -> line 96
2026-10-06 12:48:16.016 | INFO     | transformer:__default__:36 - DEBUG transformer: declarator -> line 96
2026-10-06 12:48:16.016 | INFO     | transformer:__default__:36 - DEBUG transformer: int -> line 96
2026-10-06 12:48:16.016 | INFO     | transformer:__default__:36 - DEBUG transformer: type_specifier -> line 96
2026-10-06 12:48:16.016 | INFO     | transformer:__default__:36 - DEBUG transformer: declarator -> line 96
2026-10-06 12:48:16.016 | INFO     | transformer:__default__:36 - DEBUG transformer: param -> line 96
2026-10-06 12:48:16.016 | INFO     | transformer:__default__:36 - DEBUG transformer: param_list -> line 96
2026-10-06 12:48:16.016 | INFO     | transformer:__default__:36 - DEBUG transformer: arg_list -> line 98
2026-10-06 12:48:16.016 | INFO     | transformer:__default__:36 - DEBUG transformer: call_suffix -> line 98
2026-10-06 12:48:16.016 | INFO     | transformer:__default__:36 - DEBUG transformer: postfix -> line 98
2026-10-06 12:48:16.016 | INFO     | transformer:__default__:36 - DEBUG transformer: arg_list -> line 98
2026-10-06 12:48:16.017 | INFO     | transformer:__default__:36 - DEBUG transformer: call_suffix -> line 98
2026-10-06 12:48:16.017 | INFO     | transformer:__default__:36 - DEBUG transformer: postfix -> line 98
2026-10-06 12:48:16.017 | INFO     | transformer:__default__:36 - DEBUG transformer: expr_stmt -> line 98
2026-10-06 12:48:16.017 | INFO     | transformer:__default__:36 - DEBUG transformer: compound_stmt -> line 97
2026-10-06 12:48:16.017 | INFO     | transformer:__default__:36 - DEBUG transformer: function_def -> line 96
2026-10-06 12:48:16.017 | INFO     | transformer:__default__:36 - DEBUG transformer: external_decl -> line 96
2026-10-06 12:48:16.017 | INFO     | transformer:__default__:36 - DEBUG transformer: char -> line 101
2026-10-06 12:48:16.017 | INFO     | transformer:__default__:36 - DEBUG transformer: type_specifier -> line 101
2026-10-06 12:48:16.017 | INFO     | transformer:__default__:36 - DEBUG transformer: array -> line 101
2026-10-06 12:48:16.017 | INFO     | transformer:__default__:36 - DEBUG transformer: declarator -> line 101
2026-10-06 12:48:16.017 | INFO     | transformer:__default__:36 - DEBUG transformer: init_declarator -> line 101
2026-10-06 12:48:16.017 | INFO     | transformer:__default__:36 - DEBUG transformer: init_declarator_list -> line 101
2026-10-06 12:48:16.017 | INFO     | transformer:__default__:36 - DEBUG transformer: declaration -> line 101
2026-10-06 12:48:16.017 | INFO     | transformer:__default__:36 - DEBUG transformer: external_decl -> line 101
2026-10-06 12:48:16.017 | INFO     | transformer:__default__:36 - DEBUG transformer: char -> line 103
2026-10-06 12:48:16.017 | INFO     | transformer:__default__:36 - DEBUG transformer: pointer -> line 103
2026-10-06 12:48:16.017 | INFO     | transformer:__default__:36 - DEBUG transformer: type_specifier -> line 103
2026-10-06 12:48:16.017 | INFO     | transformer:__default__:36 - DEBUG transformer: declarator -> line 103
2026-10-06 12:48:16.017 | INFO     | transformer:__default__:36 - DEBUG transformer: int -> line 103
2026-10-06 12:48:16.017 | INFO     | transformer:__default__:36 - DEBUG transformer: type_specifier -> line 103
2026-10-06 12:48:16.017 | INFO     | transformer:__default__:36 - DEBUG transformer: declarator -> line 103
2026-10-06 12:48:16.017 | INFO     | transformer:__default__:36 - DEBUG transformer: param -> line 103
2026-10-06 12:48:16.017 | INFO     | transformer:__default__:36 - DEBUG transformer: param_list -> line 103
2026-10-06 12:48:16.017 | INFO     | transformer:__default__:36 - DEBUG transformer: char -> line 105
2026-10-06 12:48:16.017 | INFO     | transformer:__default__:36 - DEBUG transformer: pointer -> line 105
2026-10-06 12:48:16.017 | INFO     | transformer:__default__:36 - DEBUG transformer: type_specifier -> line 105
2026-10-06 12:48:16.017 | INFO     | transformer:__default__:36 - DEBUG transformer: declarator -> line 105
2026-10-06 12:48:16.017 | INFO     | transformer:__default__:36 - DEBUG transformer: init_declarator -> line 105
2026-10-06 12:48:16.017 | INFO     | transformer:__default__:36 - DEBUG transformer: init_declarator_list -> line 105
2026-10-06 12:48:16.017 | INFO     | transformer:__default__:36 - DEBUG transformer: declaration -> line 105
2026-10-06 12:48:16.017 | INFO     | transformer:__default__:36 - DEBUG transformer: int -> line 106
2026-10-06 12:48:16.017 | INFO     | transformer:__default__:36 - DEBUG transformer: type_specifier -> line 106
2026-10-06 12:48:16.017 | INFO     | transformer:__default__:36 - DEBUG transformer: declarator -> line 106
2026-10-06 12:48:16.017 | INFO     | transformer:__default__:36 - DEBUG transformer: init_declarator -> line 106
2026-10-06 12:48:16.017 | INFO     | transformer:__default__:36 - DEBUG transformer: init_declarator_list -> line 106
2026-10-06 12:48:16.017 | INFO     | transformer:__default__:36 - DEBUG transformer: declaration -> line 106
2026-10-06 12:48:16.017 | INFO     | transformer:__default__:36 - DEBUG transformer: lt -> line 106
2026-10-06 12:48:16.017 | INFO     | transformer:__default__:36 - DEBUG transformer: relational -> line 106
2026-10-06 12:48:16.017 | INFO     | transformer:__default__:36 - DEBUG transformer: post_inc -> line 106
2026-10-06 12:48:16.017 | INFO     | transformer:__default__:36 - DEBUG transformer: postfix -> line 106
2026-10-06 12:48:16.018 | INFO     | transformer:__default__:36 - DEBUG transformer: minus -> line 108
2026-10-06 12:48:16.018 | INFO     | transformer:__default__:36 - DEBUG transformer: additive -> line 108
2026-10-06 12:48:16.018 | INFO     | transformer:__default__:36 - DEBUG transformer: array_index -> line 108
2026-10-06 12:48:16.018 | INFO     | transformer:__default__:36 - DEBUG transformer: postfix -> line 108
2026-10-06 12:48:16.018 | INFO     | transformer:__default__:36 - DEBUG transformer: bit_and -> line 108
2026-10-06 12:48:16.018 | INFO     | transformer:__default__:36 - DEBUG transformer: array_index -> line 108
2026-10-06 12:48:16.018 | INFO     | transformer:__default__:36 - DEBUG transformer: postfix -> line 108
2026-10-06 12:48:16.018 | INFO     | transformer:__default__:36 - DEBUG transformer: assignment -> line 108
2026-10-06 12:48:16.018 | INFO     | transformer:__default__:36 - DEBUG transformer: expr_stmt -> line 108
2026-10-06 12:48:16.018 | INFO     | transformer:__default__:36 - DEBUG transformer: rshift -> line 109
2026-10-06 12:48:16.018 | INFO     | transformer:__default__:36 - DEBUG transformer: shift -> line 109
2026-10-06 12:48:16.018 | INFO     | transformer:__default__:36 - DEBUG transformer: assignment -> line 109
2026-10-06 12:48:16.018 | INFO     | transformer:__default__:36 - DEBUG transformer: expr_stmt -> line 109
2026-10-06 12:48:16.018 | INFO     | transformer:__default__:36 - DEBUG transformer: compound_stmt -> line 107
2026-10-06 12:48:16.018 | INFO     | transformer:__default__:36 - DEBUG transformer: for_stmt -> line 106
2026-10-06 12:48:16.018 | INFO     | transformer:__default__:36 - DEBUG transformer: array_index -> line 111
2026-10-06 12:48:16.018 | INFO     | transformer:__default__:36 - DEBUG transformer: postfix -> line 111
2026-10-06 12:48:16.018 | INFO     | transformer:__default__:36 - DEBUG transformer: assignment -> line 111
2026-10-06 12:48:16.018 | INFO     | transformer:__default__:36 - DEBUG transformer: expr_stmt -> line 111
2026-10-06 12:48:16.018 | INFO     | transformer:__default__:36 - DEBUG transformer: return_stmt -> line 112
2026-10-06 12:48:16.018 | INFO     | transformer:__default__:36 - DEBUG transformer: compound_stmt -> line 104
2026-10-06 12:48:16.018 | INFO     | transformer:__default__:36 - DEBUG transformer: function_def -> line 103
2026-10-06 12:48:16.018 | INFO     | transformer:__default__:36 - DEBUG transformer: external_decl -> line 103
2026-10-06 12:48:16.018 | INFO     | transformer:__default__:36 - DEBUG transformer: void -> line 118
2026-10-06 12:48:16.018 | INFO     | transformer:__default__:36 - DEBUG transformer: type_specifier -> line 118
2026-10-06 12:48:16.018 | INFO     | transformer:__default__:36 - DEBUG transformer: declarator -> line 118
2026-10-06 12:48:16.018 | INFO     | transformer:__default__:36 - DEBUG transformer: int -> line 120
2026-10-06 12:48:16.018 | INFO     | transformer:__default__:36 - DEBUG transformer: type_specifier -> line 120
2026-10-06 12:48:16.018 | INFO     | transformer:__default__:36 - DEBUG transformer: declarator -> line 120
2026-10-06 12:48:16.018 | INFO     | transformer:__default__:36 - DEBUG transformer: init_declarator -> line 120
2026-10-06 12:48:16.018 | INFO     | transformer:__default__:36 - DEBUG transformer: init_declarator_list -> line 120
2026-10-06 12:48:16.018 | INFO     | transformer:__default__:36 - DEBUG transformer: declaration -> line 120
2026-10-06 12:48:16.018 | INFO     | transformer:__default__:36 - DEBUG transformer: lt -> line 121
2026-10-06 12:48:16.018 | INFO     | transformer:__default__:36 - DEBUG transformer: relational -> line 121
2026-10-06 12:48:16.018 | INFO     | transformer:__default__:36 - DEBUG transformer: plus -> line 123
2026-10-06 12:48:16.018 | INFO     | transformer:__default__:36 - DEBUG transformer: additive -> line 123
2026-10-06 12:48:16.018 | INFO     | transformer:__default__:36 - DEBUG transformer: arg_list -> line 123
2026-10-06 12:48:16.018 | INFO     | transformer:__default__:36 - DEBUG transformer: call_suffix -> line 123
2026-10-06 12:48:16.018 | INFO     | transformer:__default__:36 - DEBUG transformer: postfix -> line 123
2026-10-06 12:48:16.019 | INFO     | transformer:__default__:36 - DEBUG transformer: expr_stmt -> line 123
2026-10-06 12:48:16.019 | INFO     | transformer:__default__:36 - DEBUG transformer: plus -> line 124
2026-10-06 12:48:16.019 | INFO     | transformer:__default__:36 - DEBUG transformer: additive -> line 124
2026-10-06 12:48:16.019 | INFO     | transformer:__default__:36 - DEBUG transformer: assignment -> line 124
2026-10-06 12:48:16.019 | INFO     | transformer:__default__:36 - DEBUG transformer: expr_stmt -> line 124
2026-10-06 12:48:16.019 | INFO     | transformer:__default__:36 - DEBUG transformer: compound_stmt -> line 122
2026-10-06 12:48:16.019 | INFO     | transformer:__default__:36 - DEBUG transformer: while_stmt -> line 121
2026-10-06 12:48:16.019 | INFO     | transformer:__default__:36 - DEBUG transformer: return_stmt -> line 126
2026-10-06 12:48:16.019 | INFO     | transformer:__default__:36 - DEBUG transformer: compound_stmt -> line 119
2026-10-06 12:48:16.019 | INFO     | transformer:__default__:36 - DEBUG transformer: function_def -> line 118
2026-10-06 12:48:16.019 | INFO     | transformer:__default__:36 - DEBUG transformer: external_decl -> line 118
2026-10-06 12:48:16.019 | INFO     | transformer:__default__:36 - DEBUG transformer: void -> line 129
2026-10-06 12:48:16.019 | INFO     | transformer:__default__:36 - DEBUG transformer: type_specifier -> line 129
2026-10-06 12:48:16.019 | INFO     | transformer:__default__:36 - DEBUG transformer: declarator -> line 129
2026-10-06 12:48:16.019 | INFO     | transformer:__default__:36 - DEBUG transformer: int -> line 129
2026-10-06 12:48:16.019 | INFO     | transformer:__default__:36 - DEBUG transformer: type_specifier -> line 129
2026-10-06 12:48:16.019 | INFO     | transformer:__default__:36 - DEBUG transformer: declarator -> line 129
2026-10-06 12:48:16.019 | INFO     | transformer:__default__:36 - DEBUG transformer: param -> line 129
2026-10-06 12:48:16.019 | INFO     | transformer:__default__:36 - DEBUG transformer: int -> line 129
2026-10-06 12:48:16.019 | INFO     | transformer:__default__:36 - DEBUG transformer: type_specifier -> line 129
2026-10-06 12:48:16.019 | INFO     | transformer:__default__:36 - DEBUG transformer: declarator -> line 129
2026-10-06 12:48:16.019 | INFO     | transformer:__default__:36 - DEBUG transformer: param -> line 129
2026-10-06 12:48:16.019 | INFO     | transformer:__default__:36 - DEBUG transformer: param_list -> line 129
2026-10-06 12:48:16.019 | INFO     | transformer:__default__:36 - DEBUG transformer: int -> line 131
2026-10-06 12:48:16.019 | INFO     | transformer:__default__:36 - DEBUG transformer: type_specifier -> line 131
2026-10-06 12:48:16.019 | INFO     | transformer:__default__:36 - DEBUG transformer: declarator -> line 131
2026-10-06 12:48:16.019 | INFO     | transformer:__default__:36 - DEBUG transformer: init_declarator -> line 131
2026-10-06 12:48:16.019 | INFO     | transformer:__default__:36 - DEBUG transformer: init_declarator_list -> line 131
2026-10-06 12:48:16.019 | INFO     | transformer:__default__:36 - DEBUG transformer: declaration -> line 131
2026-10-06 12:48:16.019 | INFO     | transformer:__default__:36 - DEBUG transformer: lt -> line 132
2026-10-06 12:48:16.019 | INFO     | transformer:__default__:36 - DEBUG transformer: relational -> line 132
2026-10-06 12:48:16.019 | INFO     | transformer:__default__:36 - DEBUG transformer: int -> line 134
2026-10-06 12:48:16.019 | INFO     | transformer:__default__:36 - DEBUG transformer: type_specifier -> line 134
2026-10-06 12:48:16.019 | INFO     | transformer:__default__:36 - DEBUG transformer: declarator -> line 134
2026-10-06 12:48:16.019 | INFO     | transformer:__default__:36 - DEBUG transformer: init_declarator -> line 134
2026-10-06 12:48:16.019 | INFO     | transformer:__default__:36 - DEBUG transformer: init_declarator_list -> line 134
2026-10-06 12:48:16.019 | INFO     | transformer:__default__:36 - DEBUG transformer: declaration -> line 134
2026-10-06 12:48:16.020 | INFO     | transformer:__default__:36 - DEBUG transformer: lt -> line 135
2026-10-06 12:48:16.020 | INFO     | transformer:__default__:36 - DEBUG transformer: relational -> line 135
2026-10-06 12:48:16.020 | INFO     | transformer:__default__:36 - DEBUG transformer: int -> line 137
2026-10-06 12:48:16.020 | INFO     | transformer:__default__:36 - DEBUG transformer: type_specifier -> line 137
2026-10-06 12:48:16.020 | INFO     | transformer:__default__:36 - DEBUG transformer: declarator -> line 137
2026-10-06 12:48:16.020 | INFO     | transformer:__default__:36 - DEBUG transformer: plus -> line 137
2026-10-06 12:48:16.020 | INFO     | transformer:__default__:36 - DEBUG transformer: additive -> line 137
2026-10-06 12:48:16.020 | INFO     | transformer:__default__:36 - DEBUG transformer: init_declarator -> line 137
2026-10-06 12:48:16.020 | INFO     | transformer:__default__:36 - DEBUG transformer: init_declarator_list -> line 137
2026-10-06 12:48:16.020 | INFO     | transformer:__default__:36 - DEBUG transformer: declaration -> line 137
2026-10-06 12:48:16.020 | INFO     | transformer:__default__:36 - DEBUG transformer: int -> line 138
2026-10-06 12:48:16.020 | INFO     | transformer:__default__:36 - DEBUG transformer: type_specifier -> line 138
2026-10-06 12:48:16.020 | INFO     | transformer:__default__:36 - DEBUG transformer: declarator -> line 138
2026-10-06 12:48:16.020 | INFO     | transformer:__default__:36 - DEBUG transformer: plus -> line 138
2026-10-06 12:48:16.020 | INFO     | transformer:__default__:36 - DEBUG transformer: additive -> line 138
2026-10-06 12:48:16.020 | INFO     | transformer:__default__:36 - DEBUG transformer: init_declarator -> line 138
2026-10-06 12:48:16.020 | INFO     | transformer:__default__:36 - DEBUG transformer: init_declarator_list -> line 138
2026-10-06 12:48:16.020 | INFO     | transformer:__default__:36 - DEBUG transformer: declaration -> line 138
2026-10-06 12:48:16.020 | INFO     | transformer:__default__:36 - DEBUG transformer: int -> line 139
2026-10-06 12:48:16.020 | INFO     | transformer:__default__:36 - DEBUG transformer: type_specifier -> line 139
2026-10-06 12:48:16.020 | INFO     | transformer:__default__:36 - DEBUG transformer: declarator -> line 139
2026-10-06 12:48:16.020 | INFO     | transformer:__default__:36 - DEBUG transformer: mult -> line 139
2026-10-06 12:48:16.020 | INFO     | transformer:__default__:36 - DEBUG transformer: multiplicative -> line 139
2026-10-06 12:48:16.020 | INFO     | transformer:__default__:36 - DEBUG transformer: plus -> line 139
2026-10-06 12:48:16.020 | INFO     | transformer:__default__:36 - DEBUG transformer: additive -> line 139
2026-10-06 12:48:16.020 | INFO     | transformer:__default__:36 - DEBUG transformer: init_declarator -> line 139
2026-10-06 12:48:16.020 | INFO     | transformer:__default__:36 - DEBUG transformer: init_declarator_list -> line 139
2026-10-06 12:48:16.020 | INFO     | transformer:__default__:36 - DEBUG transformer: declaration -> line 139
2026-10-06 12:48:16.020 | INFO     | transformer:__default__:36 - DEBUG transformer: plus -> line 140
2026-10-06 12:48:16.020 | INFO     | transformer:__default__:36 - DEBUG transformer: additive -> line 140
2026-10-06 12:48:16.020 | INFO     | transformer:__default__:36 - DEBUG transformer: arg_list -> line 140
2026-10-06 12:48:16.020 | INFO     | transformer:__default__:36 - DEBUG transformer: call_suffix -> line 140
2026-10-06 12:48:16.020 | INFO     | transformer:__default__:36 - DEBUG transformer: postfix -> line 140
2026-10-06 12:48:16.020 | INFO     | transformer:__default__:36 - DEBUG transformer: expr_stmt -> line 140
2026-10-06 12:48:16.020 | INFO     | transformer:__default__:36 - DEBUG transformer: plus -> line 141
2026-10-06 12:48:16.020 | INFO     | transformer:__default__:36 - DEBUG transformer: additive -> line 141
2026-10-06 12:48:16.020 | INFO     | transformer:__default__:36 - DEBUG transformer: assignment -> line 141
2026-10-06 12:48:16.020 | INFO     | transformer:__default__:36 - DEBUG transformer: expr_stmt -> line 141
2026-10-06 12:48:16.020 | INFO     | transformer:__default__:36 - DEBUG transformer: compound_stmt -> line 136
2026-10-06 12:48:16.021 | INFO     | transformer:__default__:36 - DEBUG transformer: while_stmt -> line 135
2026-10-06 12:48:16.021 | INFO     | transformer:__default__:36 - DEBUG transformer: plus -> line 143
2026-10-06 12:48:16.021 | INFO     | transformer:__default__:36 - DEBUG transformer: additive -> line 143
2026-10-06 12:48:16.021 | INFO     | transformer:__default__:36 - DEBUG transformer: assignment -> line 143
2026-10-06 12:48:16.021 | INFO     | transformer:__default__:36 - DEBUG transformer: expr_stmt -> line 143
2026-10-06 12:48:16.021 | INFO     | transformer:__default__:36 - DEBUG transformer: compound_stmt -> line 133
2026-10-06 12:48:16.021 | INFO     | transformer:__default__:36 - DEBUG transformer: while_stmt -> line 132
2026-10-06 12:48:16.021 | INFO     | transformer:__default__:36 - DEBUG transformer: return_stmt -> line 145
2026-10-06 12:48:16.021 | INFO     | transformer:__default__:36 - DEBUG transformer: compound_stmt -> line 130
2026-10-06 12:48:16.021 | INFO     | transformer:__default__:36 - DEBUG transformer: function_def -> line 129
2026-10-06 12:48:16.021 | INFO     | transformer:__default__:36 - DEBUG transformer: external_decl -> line 129
2026-10-06 12:48:16.021 | INFO     | transformer:__default__:36 - DEBUG transformer: char -> line 148
2026-10-06 12:48:16.021 | INFO     | transformer:__default__:36 - DEBUG transformer: pointer -> line 148
2026-10-06 12:48:16.021 | INFO     | transformer:__default__:36 - DEBUG transformer: type_specifier -> line 148
2026-10-06 12:48:16.021 | INFO     | transformer:__default__:36 - DEBUG transformer: declarator -> line 148
2026-10-06 12:48:16.021 | INFO     | transformer:__default__:36 - DEBUG transformer: arg_list -> line 148
2026-10-06 12:48:16.021 | INFO     | transformer:__default__:36 - DEBUG transformer: call_suffix -> line 148
2026-10-06 12:48:16.021 | INFO     | transformer:__default__:36 - DEBUG transformer: postfix -> line 148
2026-10-06 12:48:16.021 | INFO     | transformer:__default__:36 - DEBUG transformer: init_declarator -> line 148
2026-10-06 12:48:16.021 | INFO     | transformer:__default__:36 - DEBUG transformer: init_declarator_list -> line 148
2026-10-06 12:48:16.021 | INFO     | transformer:__default__:36 - DEBUG transformer: declaration -> line 148
2026-10-06 12:48:16.021 | INFO     | transformer:__default__:36 - DEBUG transformer: external_decl -> line 148
2026-10-06 12:48:16.021 | INFO     | transformer:__default__:36 - DEBUG transformer: void -> line 150
2026-10-06 12:48:16.021 | INFO     | transformer:__default__:36 - DEBUG transformer: type_specifier -> line 150
2026-10-06 12:48:16.021 | INFO     | transformer:__default__:36 - DEBUG transformer: declarator -> line 150
2026-10-06 12:48:16.021 | INFO     | transformer:__default__:36 - DEBUG transformer: int -> line 150
2026-10-06 12:48:16.021 | INFO     | transformer:__default__:36 - DEBUG transformer: type_specifier -> line 150
2026-10-06 12:48:16.021 | INFO     | transformer:__default__:36 - DEBUG transformer: declarator -> line 150
2026-10-06 12:48:16.021 | INFO     | transformer:__default__:36 - DEBUG transformer: param -> line 150
2026-10-06 12:48:16.021 | INFO     | transformer:__default__:36 - DEBUG transformer: int -> line 150
2026-10-06 12:48:16.021 | INFO     | transformer:__default__:36 - DEBUG transformer: type_specifier -> line 150
2026-10-06 12:48:16.021 | INFO     | transformer:__default__:36 - DEBUG transformer: declarator -> line 150
2026-10-06 12:48:16.021 | INFO     | transformer:__default__:36 - DEBUG transformer: param -> line 150
2026-10-06 12:48:16.021 | INFO     | transformer:__default__:36 - DEBUG transformer: int -> line 150
2026-10-06 12:48:16.021 | INFO     | transformer:__default__:36 - DEBUG transformer: type_specifier -> line 150
2026-10-06 12:48:16.021 | INFO     | transformer:__default__:36 - DEBUG transformer: declarator -> line 150
2026-10-06 12:48:16.021 | INFO     | transformer:__default__:36 - DEBUG transformer: param -> line 150
2026-10-06 12:48:16.021 | INFO     | transformer:__default__:36 - DEBUG transformer: int -> line 150
2026-10-06 12:48:16.021 | INFO     | transformer:__default__:36 - DEBUG transformer: type_specifier -> line 150
2026-10-06 12:48:16.021 | INFO     | transformer:__default__:36 - DEBUG transformer: declarator -> line 150
2026-10-06 12:48:16.022 | INFO     | transformer:__default__:36 - DEBUG transformer: param -> line 150
2026-10-06 12:48:16.022 | INFO     | transformer:__default__:36 - DEBUG transformer: param_list -> line 150
2026-10-06 12:48:16.022 | INFO     | transformer:__default__:36 - DEBUG transformer: int -> line 152
2026-10-06 12:48:16.022 | INFO     | transformer:__default__:36 - DEBUG transformer: type_specifier -> line 152
2026-10-06 12:48:16.022 | INFO     | transformer:__default__:36 - DEBUG transformer: declarator -> line 152
2026-10-06 12:48:16.022 | INFO     | transformer:__default__:36 - DEBUG transformer: mult -> line 152
2026-10-06 12:48:16.022 | INFO     | transformer:__default__:36 - DEBUG transformer: multiplicative -> line 152
2026-10-06 12:48:16.022 | INFO     | transformer:__default__:36 - DEBUG transformer: init_declarator -> line 152
2026-10-06 12:48:16.022 | INFO     | transformer:__default__:36 - DEBUG transformer: init_declarator_list -> line 152
2026-10-06 12:48:16.022 | INFO     | transformer:__default__:36 - DEBUG transformer: declaration -> line 152
2026-10-06 12:48:16.022 | INFO     | transformer:__default__:36 - DEBUG transformer: int -> line 153
2026-10-06 12:48:16.022 | INFO     | transformer:__default__:36 - DEBUG transformer: type_specifier -> line 153
2026-10-06 12:48:16.022 | INFO     | transformer:__default__:36 - DEBUG transformer: declarator -> line 153
2026-10-06 12:48:16.022 | INFO     | transformer:__default__:36 - DEBUG transformer: init_declarator -> line 153
2026-10-06 12:48:16.022 | INFO     | transformer:__default__:36 - DEBUG transformer: init_declarator_list -> line 153
2026-10-06 12:48:16.022 | INFO     | transformer:__default__:36 - DEBUG transformer: declaration -> line 153
2026-10-06 12:48:16.022 | INFO     | transformer:__default__:36 - DEBUG transformer: lt -> line 154
2026-10-06 12:48:16.022 | INFO     | transformer:__default__:36 - DEBUG transformer: relational -> line 154
2026-10-06 12:48:16.022 | INFO     | transformer:__default__:36 - DEBUG transformer: int -> line 156
2026-10-06 12:48:16.022 | INFO     | transformer:__default__:36 - DEBUG transformer: type_specifier -> line 156
2026-10-06 12:48:16.022 | INFO     | transformer:__default__:36 - DEBUG transformer: declarator -> line 156
2026-10-06 12:48:16.022 | INFO     | transformer:__default__:36 - DEBUG transformer: plus -> line 156
2026-10-06 12:48:16.022 | INFO     | transformer:__default__:36 - DEBUG transformer: plus -> line 156
2026-10-06 12:48:16.022 | INFO     | transformer:__default__:36 - DEBUG transformer: additive -> line 156
2026-10-06 12:48:16.022 | INFO     | transformer:__default__:36 - DEBUG transformer: arg_list -> line 156
2026-10-06 12:48:16.022 | INFO     | transformer:__default__:36 - DEBUG transformer: call_suffix -> line 156
2026-10-06 12:48:16.022 | INFO     | transformer:__default__:36 - DEBUG transformer: postfix -> line 156
2026-10-06 12:48:16.022 | INFO     | transformer:__default__:36 - DEBUG transformer: init_declarator -> line 156
2026-10-06 12:48:16.022 | INFO     | transformer:__default__:36 - DEBUG transformer: init_declarator_list -> line 156
2026-10-06 12:48:16.022 | INFO     | transformer:__default__:36 - DEBUG transformer: declaration -> line 156
2026-10-06 12:48:16.022 | INFO     | transformer:__default__:36 - DEBUG transformer: neq -> line 157
2026-10-06 12:48:16.022 | INFO     | transformer:__default__:36 - DEBUG transformer: equality -> line 157
2026-10-06 12:48:16.022 | INFO     | transformer:__default__:36 - DEBUG transformer: int -> line 160
2026-10-06 12:48:16.022 | INFO     | transformer:__default__:36 - DEBUG transformer: type_specifier -> line 160
2026-10-06 12:48:16.022 | INFO     | transformer:__default__:36 - DEBUG transformer: declarator -> line 160
2026-10-06 12:48:16.022 | INFO     | transformer:__default__:36 - DEBUG transformer: init_declarator -> line 160
2026-10-06 12:48:16.022 | INFO     | transformer:__default__:36 - DEBUG transformer: init_declarator_list -> line 160
2026-10-06 12:48:16.023 | INFO     | transformer:__default__:36 - DEBUG transformer: declaration -> line 160
2026-10-06 12:48:16.023 | INFO     | transformer:__default__:36 - DEBUG transformer: lt -> line 161
2026-10-06 12:48:16.023 | INFO     | transformer:__default__:36 - DEBUG transformer: relational -> line 161
2026-10-06 12:48:16.023 | INFO     | transformer:__default__:36 - DEBUG transformer: int -> line 163
2026-10-06 12:48:16.023 | INFO     | transformer:__default__:36 - DEBUG transformer: type_specifier -> line 163
2026-10-06 12:48:16.023 | INFO     | transformer:__default__:36 - DEBUG transformer: declarator -> line 163
2026-10-06 12:48:16.023 | INFO     | transformer:__default__:36 - DEBUG transformer: rshift -> line 163
2026-10-06 12:48:16.023 | INFO     | transformer:__default__:36 - DEBUG transformer: shift -> line 163
2026-10-06 12:48:16.023 | INFO     | transformer:__default__:36 - DEBUG transformer: bit_and -> line 163
2026-10-06 12:48:16.023 | INFO     | transformer:__default__:36 - DEBUG transformer: init_declarator -> line 163
2026-10-06 12:48:16.023 | INFO     | transformer:__default__:36 - DEBUG transformer: init_declarator_list -> line 163
2026-10-06 12:48:16.023 | INFO     | transformer:__default__:36 - DEBUG transformer: declaration -> line 163
2026-10-06 12:48:16.023 | INFO     | transformer:__default__:36 - DEBUG transformer: int -> line 164
2026-10-06 12:48:16.023 | INFO     | transformer:__default__:36 - DEBUG transformer: type_specifier -> line 164
2026-10-06 12:48:16.023 | INFO     | transformer:__default__:36 - DEBUG transformer: declarator -> line 164
2026-10-06 12:48:16.023 | INFO     | transformer:__default__:36 - DEBUG transformer: plus -> line 164
2026-10-06 12:48:16.023 | INFO     | transformer:__default__:36 - DEBUG transformer: additive -> line 164
2026-10-06 12:48:16.023 | INFO     | transformer:__default__:36 - DEBUG transformer: mult -> line 164
2026-10-06 12:48:16.023 | INFO     | transformer:__default__:36 - DEBUG transformer: multiplicative -> line 164
2026-10-06 12:48:16.023 | INFO     | transformer:__default__:36 - DEBUG transformer: plus -> line 164
2026-10-06 12:48:16.023 | INFO     | transformer:__default__:36 - DEBUG transformer: plus -> line 164
2026-10-06 12:48:16.023 | INFO     | transformer:__default__:36 - DEBUG transformer: additive -> line 164
2026-10-06 12:48:16.023 | INFO     | transformer:__default__:36 - DEBUG transformer: init_declarator -> line 164
2026-10-06 12:48:16.023 | INFO     | transformer:__default__:36 - DEBUG transformer: init_declarator_list -> line 164
2026-10-06 12:48:16.023 | INFO     | transformer:__default__:36 - DEBUG transformer: declaration -> line 164
2026-10-06 12:48:16.023 | INFO     | transformer:__default__:36 - DEBUG transformer: plus -> line 167
2026-10-06 12:48:16.023 | INFO     | transformer:__default__:36 - DEBUG transformer: additive -> line 167
2026-10-06 12:48:16.023 | INFO     | transformer:__default__:36 - DEBUG transformer: arg_list -> line 167
2026-10-06 12:48:16.023 | INFO     | transformer:__default__:36 - DEBUG transformer: call_suffix -> line 167
2026-10-06 12:48:16.023 | INFO     | transformer:__default__:36 - DEBUG transformer: postfix -> line 167
2026-10-06 12:48:16.023 | INFO     | transformer:__default__:36 - DEBUG transformer: expr_stmt -> line 167
2026-10-06 12:48:16.023 | INFO     | transformer:__default__:36 - DEBUG transformer: compound_stmt -> line 166
2026-10-06 12:48:16.023 | INFO     | transformer:__default__:36 - DEBUG transformer: plus -> line 171
2026-10-06 12:48:16.023 | INFO     | transformer:__default__:36 - DEBUG transformer: additive -> line 171
2026-10-06 12:48:16.023 | INFO     | transformer:__default__:36 - DEBUG transformer: arg_list -> line 171
2026-10-06 12:48:16.023 | INFO     | transformer:__default__:36 - DEBUG transformer: call_suffix -> line 171
2026-10-06 12:48:16.023 | INFO     | transformer:__default__:36 - DEBUG transformer: postfix -> line 171
2026-10-06 12:48:16.023 | INFO     | transformer:__default__:36 - DEBUG transformer: expr_stmt -> line 171
2026-10-06 12:48:16.024 | INFO     | transformer:__default__:36 - DEBUG transformer: compound_stmt -> line 170
2026-10-06 12:48:16.024 | INFO     | transformer:__default__:36 - DEBUG transformer: if_stmt -> line 165
2026-10-06 12:48:16.024 | INFO     | transformer:__default__:36 - DEBUG transformer: plus -> line 173
2026-10-06 12:48:16.024 | INFO     | transformer:__default__:36 - DEBUG transformer: additive -> line 173
2026-10-06 12:48:16.024 | INFO     | transformer:__default__:36 - DEBUG transformer: assignment -> line 173
2026-10-06 12:48:16.024 | INFO     | transformer:__default__:36 - DEBUG transformer: expr_stmt -> line 173
2026-10-06 12:48:16.024 | INFO     | transformer:__default__:36 - DEBUG transformer: compound_stmt -> line 162
2026-10-06 12:48:16.024 | INFO     | transformer:__default__:36 - DEBUG transformer: while_stmt -> line 161
2026-10-06 12:48:16.024 | INFO     | transformer:__default__:36 - DEBUG transformer: compound_stmt -> line 158
2026-10-06 12:48:16.024 | INFO     | transformer:__default__:36 - DEBUG transformer: if_stmt -> line 157
2026-10-06 12:48:16.024 | INFO     | transformer:__default__:36 - DEBUG transformer: plus -> line 176
2026-10-06 12:48:16.024 | INFO     | transformer:__default__:36 - DEBUG transformer: additive -> line 176
2026-10-06 12:48:16.024 | INFO     | transformer:__default__:36 - DEBUG transformer: assignment -> line 176
2026-10-06 12:48:16.024 | INFO     | transformer:__default__:36 - DEBUG transformer: expr_stmt -> line 176
2026-10-06 12:48:16.024 | INFO     | transformer:__default__:36 - DEBUG transformer: compound_stmt -> line 155
2026-10-06 12:48:16.024 | INFO     | transformer:__default__:36 - DEBUG transformer: while_stmt -> line 154
2026-10-06 12:48:16.024 | INFO     | transformer:__default__:36 - DEBUG transformer: return_stmt -> line 178
2026-10-06 12:48:16.024 | INFO     | transformer:__default__:36 - DEBUG transformer: compound_stmt -> line 151
2026-10-06 12:48:16.024 | INFO     | transformer:__default__:36 - DEBUG transformer: function_def -> line 150
2026-10-06 12:48:16.024 | INFO     | transformer:__default__:36 - DEBUG transformer: external_decl -> line 150
2026-10-06 12:48:16.024 | INFO     | transformer:__default__:36 - DEBUG transformer: void -> line 181
2026-10-06 12:48:16.024 | INFO     | transformer:__default__:36 - DEBUG transformer: type_specifier -> line 181
2026-10-06 12:48:16.024 | INFO     | transformer:__default__:36 - DEBUG transformer: declarator -> line 181
2026-10-06 12:48:16.024 | INFO     | transformer:__default__:36 - DEBUG transformer: char -> line 181
2026-10-06 12:48:16.024 | INFO     | transformer:__default__:36 - DEBUG transformer: pointer -> line 181
2026-10-06 12:48:16.024 | INFO     | transformer:__default__:36 - DEBUG transformer: type_specifier -> line 181
2026-10-06 12:48:16.024 | INFO     | transformer:__default__:36 - DEBUG transformer: declarator -> line 181
2026-10-06 12:48:16.024 | INFO     | transformer:__default__:36 - DEBUG transformer: param -> line 181
2026-10-06 12:48:16.024 | INFO     | transformer:__default__:36 - DEBUG transformer: int -> line 181
2026-10-06 12:48:16.024 | INFO     | transformer:__default__:36 - DEBUG transformer: type_specifier -> line 181
2026-10-06 12:48:16.024 | INFO     | transformer:__default__:36 - DEBUG transformer: declarator -> line 181
2026-10-06 12:48:16.024 | INFO     | transformer:__default__:36 - DEBUG transformer: param -> line 181
2026-10-06 12:48:16.024 | INFO     | transformer:__default__:36 - DEBUG transformer: int -> line 181
2026-10-06 12:48:16.024 | INFO     | transformer:__default__:36 - DEBUG transformer: type_specifier -> line 181
2026-10-06 12:48:16.024 | INFO     | transformer:__default__:36 - DEBUG transformer: declarator -> line 181
2026-10-06 12:48:16.024 | INFO     | transformer:__default__:36 - DEBUG transformer: param -> line 181
2026-10-06 12:48:16.024 | INFO     | transformer:__default__:36 - DEBUG transformer: int -> line 181
2026-10-06 12:48:16.024 | INFO     | transformer:__default__:36 - DEBUG transformer: type_specifier -> line 181
2026-10-06 12:48:16.024 | INFO     | transformer:__default__:36 - DEBUG transformer: declarator -> line 181
2026-10-06 12:48:16.024 | INFO     | transformer:__default__:36 - DEBUG transformer: param -> line 181
2026-10-06 12:48:16.024 | INFO     | transformer:__default__:36 - DEBUG transformer: param_list -> line 181
2026-10-06 12:48:16.025 | INFO     | transformer:__default__:36 - DEBUG transformer: deref -> line 183
2026-10-06 12:48:16.025 | INFO     | transformer:__default__:36 - DEBUG transformer: unary -> line 183
2026-10-06 12:48:16.025 | INFO     | transformer:__default__:36 - DEBUG transformer: deref -> line 185
2026-10-06 12:48:16.025 | INFO     | transformer:__default__:36 - DEBUG transformer: unary -> line 185
2026-10-06 12:48:16.025 | INFO     | transformer:__default__:36 - DEBUG transformer: arg_list -> line 185
2026-10-06 12:48:16.025 | INFO     | transformer:__default__:36 - DEBUG transformer: call_suffix -> line 185
2026-10-06 12:48:16.025 | INFO     | transformer:__default__:36 - DEBUG transformer: postfix -> line 185
2026-10-06 12:48:16.025 | INFO     | transformer:__default__:36 - DEBUG transformer: expr_stmt -> line 185
2026-10-06 12:48:16.025 | INFO     | transformer:__default__:36 - DEBUG transformer: plus -> line 186
2026-10-06 12:48:16.025 | INFO     | transformer:__default__:36 - DEBUG transformer: additive -> line 186
2026-10-06 12:48:16.025 | INFO     | transformer:__default__:36 - DEBUG transformer: assignment -> line 186
2026-10-06 12:48:16.025 | INFO     | transformer:__default__:36 - DEBUG transformer: expr_stmt -> line 186
2026-10-06 12:48:16.025 | INFO     | transformer:__default__:36 - DEBUG transformer: plus -> line 187
2026-10-06 12:48:16.025 | INFO     | transformer:__default__:36 - DEBUG transformer: additive -> line 187
2026-10-06 12:48:16.025 | INFO     | transformer:__default__:36 - DEBUG transformer: assignment -> line 187
2026-10-06 12:48:16.025 | INFO     | transformer:__default__:36 - DEBUG transformer: expr_stmt -> line 187
2026-10-06 12:48:16.025 | INFO     | transformer:__default__:36 - DEBUG transformer: compound_stmt -> line 184
2026-10-06 12:48:16.025 | INFO     | transformer:__default__:36 - DEBUG transformer: while_stmt -> line 183
2026-10-06 12:48:16.025 | INFO     | transformer:__default__:36 - DEBUG transformer: return_stmt -> line 189
2026-10-06 12:48:16.025 | INFO     | transformer:__default__:36 - DEBUG transformer: compound_stmt -> line 182
2026-10-06 12:48:16.025 | INFO     | transformer:__default__:36 - DEBUG transformer: function_def -> line 181
2026-10-06 12:48:16.025 | INFO     | transformer:__default__:36 - DEBUG transformer: external_decl -> line 181
2026-10-06 12:48:16.025 | INFO     | transformer:__default__:36 - DEBUG transformer: void -> line 192
2026-10-06 12:48:16.025 | INFO     | transformer:__default__:36 - DEBUG transformer: type_specifier -> line 192
2026-10-06 12:48:16.025 | INFO     | transformer:__default__:36 - DEBUG transformer: declarator -> line 192
2026-10-06 12:48:16.025 | INFO     | transformer:__default__:36 - DEBUG transformer: int -> line 192
2026-10-06 12:48:16.025 | INFO     | transformer:__default__:36 - DEBUG transformer: type_specifier -> line 192
2026-10-06 12:48:16.025 | INFO     | transformer:__default__:36 - DEBUG transformer: declarator -> line 192
2026-10-06 12:48:16.025 | INFO     | transformer:__default__:36 - DEBUG transformer: param -> line 192
2026-10-06 12:48:16.025 | INFO     | transformer:__default__:36 - DEBUG transformer: int -> line 192
2026-10-06 12:48:16.025 | INFO     | transformer:__default__:36 - DEBUG transformer: type_specifier -> line 192
2026-10-06 12:48:16.025 | INFO     | transformer:__default__:36 - DEBUG transformer: declarator -> line 192
2026-10-06 12:48:16.025 | INFO     | transformer:__default__:36 - DEBUG transformer: param -> line 192
2026-10-06 12:48:16.025 | INFO     | transformer:__default__:36 - DEBUG transformer: int -> line 192
2026-10-06 12:48:16.025 | INFO     | transformer:__default__:36 - DEBUG transformer: type_specifier -> line 192
2026-10-06 12:48:16.025 | INFO     | transformer:__default__:36 - DEBUG transformer: declarator -> line 192
2026-10-06 12:48:16.025 | INFO     | transformer:__default__:36 - DEBUG transformer: param -> line 192
2026-10-06 12:48:16.025 | INFO     | transformer:__default__:36 - DEBUG transformer: int -> line 192
2026-10-06 12:48:16.025 | INFO     | transformer:__default__:36 - DEBUG transformer: type_specifier -> line 192
2026-10-06 12:48:16.025 | INFO     | transformer:__default__:36 - DEBUG transformer: declarator -> line 192
2026-10-06 12:48:16.026 | INFO     | transformer:__default__:36 - DEBUG transformer: param -> line 192
2026-10-06 12:48:16.026 | INFO     | transformer:__default__:36 - DEBUG transformer: param_list -> line 192
2026-10-06 12:48:16.026 | INFO     | transformer:__default__:36 - DEBUG transformer: int -> line 195
2026-10-06 12:48:16.026 | INFO     | transformer:__default__:36 - DEBUG transformer: type_specifier -> line 195
2026-10-06 12:48:16.026 | INFO     | transformer:__default__:36 - DEBUG transformer: declarator -> line 195
2026-10-06 12:48:16.026 | INFO     | transformer:__default__:36 - DEBUG transformer: minus -> line 195
2026-10-06 12:48:16.026 | INFO     | transformer:__default__:36 - DEBUG transformer: additive -> line 195
2026-10-06 12:48:16.026 | INFO     | transformer:__default__:36 - DEBUG transformer: init_declarator -> line 195
2026-10-06 12:48:16.026 | INFO     | transformer:__default__:36 - DEBUG transformer: init_declarator_list -> line 195
2026-10-06 12:48:16.026 | INFO     | transformer:__default__:36 - DEBUG transformer: declaration -> line 195
2026-10-06 12:48:16.026 | INFO     | transformer:__default__:36 - DEBUG transformer: lt -> line 196
2026-10-06 12:48:16.026 | INFO     | transformer:__default__:36 - DEBUG transformer: relational -> line 196
2026-10-06 12:48:16.026 | INFO     | transformer:__default__:36 - DEBUG transformer: uminus -> line 197
2026-10-06 12:48:16.026 | INFO     | transformer:__default__:36 - DEBUG transformer: unary -> line 197
2026-10-06 12:48:16.026 | INFO     | transformer:__default__:36 - DEBUG transformer: assignment -> line 197
2026-10-06 12:48:16.026 | INFO     | transformer:__default__:36 - DEBUG transformer: expr_stmt -> line 197
2026-10-06 12:48:16.026 | INFO     | transformer:__default__:36 - DEBUG transformer: if_stmt -> line 196
2026-10-06 12:48:16.026 | INFO     | transformer:__default__:36 - DEBUG transformer: int -> line 198
2026-10-06 12:48:16.026 | INFO     | transformer:__default__:36 - DEBUG transformer: type_specifier -> line 198
2026-10-06 12:48:16.026 | INFO     | transformer:__default__:36 - DEBUG transformer: declarator -> line 198
2026-10-06 12:48:16.026 | INFO     | transformer:__default__:36 - DEBUG transformer: uminus -> line 198
2026-10-06 12:48:16.026 | INFO     | transformer:__default__:36 - DEBUG transformer: unary -> line 198
2026-10-06 12:48:16.026 | INFO     | transformer:__default__:36 - DEBUG transformer: init_declarator -> line 198
2026-10-06 12:48:16.026 | INFO     | transformer:__default__:36 - DEBUG transformer: init_declarator_list -> line 198
2026-10-06 12:48:16.026 | INFO     | transformer:__default__:36 - DEBUG transformer: declaration -> line 198
2026-10-06 12:48:16.026 | INFO     | transformer:__default__:36 - DEBUG transformer: lt -> line 199
2026-10-06 12:48:16.026 | INFO     | transformer:__default__:36 - DEBUG transformer: relational -> line 199
2026-10-06 12:48:16.026 | INFO     | transformer:__default__:36 - DEBUG transformer: assignment -> line 200
2026-10-06 12:48:16.026 | INFO     | transformer:__default__:36 - DEBUG transformer: expr_stmt -> line 200
2026-10-06 12:48:16.026 | INFO     | transformer:__default__:36 - DEBUG transformer: if_stmt -> line 199
2026-10-06 12:48:16.026 | INFO     | transformer:__default__:36 - DEBUG transformer: int -> line 202
2026-10-06 12:48:16.026 | INFO     | transformer:__default__:36 - DEBUG transformer: type_specifier -> line 202
2026-10-06 12:48:16.026 | INFO     | transformer:__default__:36 - DEBUG transformer: declarator -> line 202
2026-10-06 12:48:16.026 | INFO     | transformer:__default__:36 - DEBUG transformer: minus -> line 202
2026-10-06 12:48:16.026 | INFO     | transformer:__default__:36 - DEBUG transformer: additive -> line 202
2026-10-06 12:48:16.026 | INFO     | transformer:__default__:36 - DEBUG transformer: init_declarator -> line 202
2026-10-06 12:48:16.026 | INFO     | transformer:__default__:36 - DEBUG transformer: init_declarator_list -> line 202
2026-10-06 12:48:16.026 | INFO     | transformer:__default__:36 - DEBUG transformer: declaration -> line 202
2026-10-06 12:48:16.026 | INFO     | transformer:__default__:36 - DEBUG transformer: lt -> line 203
2026-10-06 12:48:16.026 | INFO     | transformer:__default__:36 - DEBUG transformer: relational -> line 203
2026-10-06 12:48:16.027 | INFO     | transformer:__default__:36 - DEBUG transformer: uminus -> line 204
2026-10-06 12:48:16.027 | INFO     | transformer:__default__:36 - DEBUG transformer: unary -> line 204
2026-10-06 12:48:16.027 | INFO     | transformer:__default__:36 - DEBUG transformer: assignment -> line 204
2026-10-06 12:48:16.027 | INFO     | transformer:__default__:36 - DEBUG transformer: expr_stmt -> line 204
2026-10-06 12:48:16.027 | INFO     | transformer:__default__:36 - DEBUG transformer: if_stmt -> line 203
2026-10-06 12:48:16.027 | INFO     | transformer:__default__:36 - DEBUG transformer: uminus -> line 205
2026-10-06 12:48:16.027 | INFO     | transformer:__default__:36 - DEBUG transformer: unary -> line 205
2026-10-06 12:48:16.027 | INFO     | transformer:__default__:36 - DEBUG transformer: assignment -> line 205
2026-10-06 12:48:16.027 | INFO     | transformer:__default__:36 - DEBUG transformer: expr_stmt -> line 205
2026-10-06 12:48:16.027 | INFO     | transformer:__default__:36 - DEBUG transformer: int -> line 206
2026-10-06 12:48:16.027 | INFO     | transformer:__default__:36 - DEBUG transformer: type_specifier -> line 206
2026-10-06 12:48:16.027 | INFO     | transformer:__default__:36 - DEBUG transformer: declarator -> line 206
2026-10-06 12:48:16.027 | INFO     | transformer:__default__:36 - DEBUG transformer: uminus -> line 206
2026-10-06 12:48:16.027 | INFO     | transformer:__default__:36 - DEBUG transformer: unary -> line 206
2026-10-06 12:48:16.027 | INFO     | transformer:__default__:36 - DEBUG transformer: init_declarator -> line 206
2026-10-06 12:48:16.027 | INFO     | transformer:__default__:36 - DEBUG transformer: init_declarator_list -> line 206
2026-10-06 12:48:16.027 | INFO     | transformer:__default__:36 - DEBUG transformer: declaration -> line 206
2026-10-06 12:48:16.027 | INFO     | transformer:__default__:36 - DEBUG transformer: lt -> line 207
2026-10-06 12:48:16.027 | INFO     | transformer:__default__:36 - DEBUG transformer: relational -> line 207
2026-10-06 12:48:16.027 | INFO     | transformer:__default__:36 - DEBUG transformer: assignment -> line 208
2026-10-06 12:48:16.027 | INFO     | transformer:__default__:36 - DEBUG transformer: expr_stmt -> line 208
2026-10-06 12:48:16.027 | INFO     | transformer:__default__:36 - DEBUG transformer: if_stmt -> line 207
2026-10-06 12:48:16.027 | INFO     | transformer:__default__:36 - DEBUG transformer: int -> line 210
2026-10-06 12:48:16.027 | INFO     | transformer:__default__:36 - DEBUG transformer: type_specifier -> line 210
2026-10-06 12:48:16.027 | INFO     | transformer:__default__:36 - DEBUG transformer: declarator -> line 210
2026-10-06 12:48:16.027 | INFO     | transformer:__default__:36 - DEBUG transformer: plus -> line 210
2026-10-06 12:48:16.027 | INFO     | transformer:__default__:36 - DEBUG transformer: additive -> line 210
2026-10-06 12:48:16.027 | INFO     | transformer:__default__:36 - DEBUG transformer: init_declarator -> line 210
2026-10-06 12:48:16.027 | INFO     | transformer:__default__:36 - DEBUG transformer: init_declarator_list -> line 210
2026-10-06 12:48:16.027 | INFO     | transformer:__default__:36 - DEBUG transformer: declaration -> line 210
2026-10-06 12:48:16.027 | INFO     | transformer:__default__:36 - DEBUG transformer: int -> line 211
2026-10-06 12:48:16.027 | INFO     | transformer:__default__:36 - DEBUG transformer: type_specifier -> line 211
2026-10-06 12:48:16.027 | INFO     | transformer:__default__:36 - DEBUG transformer: declarator -> line 211
2026-10-06 12:48:16.027 | INFO     | transformer:__default__:36 - DEBUG transformer: init_declarator -> line 211
2026-10-06 12:48:16.027 | INFO     | transformer:__default__:36 - DEBUG transformer: init_declarator_list -> line 211
2026-10-06 12:48:16.027 | INFO     | transformer:__default__:36 - DEBUG transformer: declaration -> line 211
2026-10-06 12:48:16.027 | INFO     | transformer:__default__:36 - DEBUG transformer: int -> line 214
2026-10-06 12:48:16.027 | INFO     | transformer:__default__:36 - DEBUG transformer: type_specifier -> line 214
2026-10-06 12:48:16.027 | INFO     | transformer:__default__:36 - DEBUG transformer: declarator -> line 214
2026-10-06 12:48:16.027 | INFO     | transformer:__default__:36 - DEBUG transformer: mult -> line 214
2026-10-06 12:48:16.028 | INFO     | transformer:__default__:36 - DEBUG transformer: multiplicative -> line 214
2026-10-06 12:48:16.028 | INFO     | transformer:__default__:36 - DEBUG transformer: plus -> line 214
2026-10-06 12:48:16.028 | INFO     | transformer:__default__:36 - DEBUG transformer: additive -> line 214
2026-10-06 12:48:16.028 | INFO     | transformer:__default__:36 - DEBUG transformer: init_declarator -> line 214
2026-10-06 12:48:16.028 | INFO     | transformer:__default__:36 - DEBUG transformer: init_declarator_list -> line 214
2026-10-06 12:48:16.028 | INFO     | transformer:__default__:36 - DEBUG transformer: declaration -> line 214
2026-10-06 12:48:16.028 | INFO     | transformer:__default__:36 - DEBUG transformer: plus -> line 215
2026-10-06 12:48:16.028 | INFO     | transformer:__default__:36 - DEBUG transformer: additive -> line 215
2026-10-06 12:48:16.028 | INFO     | transformer:__default__:36 - DEBUG transformer: arg_list -> line 215
2026-10-06 12:48:16.028 | INFO     | transformer:__default__:36 - DEBUG transformer: call_suffix -> line 215
2026-10-06 12:48:16.028 | INFO     | transformer:__default__:36 - DEBUG transformer: postfix -> line 215
2026-10-06 12:48:16.028 | INFO     | transformer:__default__:36 - DEBUG transformer: expr_stmt -> line 215
2026-10-06 12:48:16.028 | INFO     | transformer:__default__:36 - DEBUG transformer: eq -> line 217
2026-10-06 12:48:16.028 | INFO     | transformer:__default__:36 - DEBUG transformer: equality -> line 217
2026-10-06 12:48:16.028 | INFO     | transformer:__default__:36 - DEBUG transformer: eq -> line 217
2026-10-06 12:48:16.028 | INFO     | transformer:__default__:36 - DEBUG transformer: equality -> line 217
2026-10-06 12:48:16.028 | INFO     | transformer:__default__:36 - DEBUG transformer: logic_and -> line 217
2026-10-06 12:48:16.028 | INFO     | transformer:__default__:36 - DEBUG transformer: assignment -> line 219
2026-10-06 12:48:16.028 | INFO     | transformer:__default__:36 - DEBUG transformer: expr_stmt -> line 219
2026-10-06 12:48:16.028 | INFO     | transformer:__default__:36 - DEBUG transformer: compound_stmt -> line 218
2026-10-06 12:48:16.028 | INFO     | transformer:__default__:36 - DEBUG transformer: if_stmt -> line 217
2026-10-06 12:48:16.028 | INFO     | transformer:__default__:36 - DEBUG transformer: int -> line 221
2026-10-06 12:48:16.028 | INFO     | transformer:__default__:36 - DEBUG transformer: type_specifier -> line 221
2026-10-06 12:48:16.028 | INFO     | transformer:__default__:36 - DEBUG transformer: declarator -> line 221
2026-10-06 12:48:16.028 | INFO     | transformer:__default__:36 - DEBUG transformer: plus -> line 221
2026-10-06 12:48:16.028 | INFO     | transformer:__default__:36 - DEBUG transformer: additive -> line 221
2026-10-06 12:48:16.028 | INFO     | transformer:__default__:36 - DEBUG transformer: init_declarator -> line 221
2026-10-06 12:48:16.028 | INFO     | transformer:__default__:36 - DEBUG transformer: init_declarator_list -> line 221
2026-10-06 12:48:16.028 | INFO     | transformer:__default__:36 - DEBUG transformer: declaration -> line 221
2026-10-06 12:48:16.028 | INFO     | transformer:__default__:36 - DEBUG transformer: gte -> line 222
2026-10-06 12:48:16.028 | INFO     | transformer:__default__:36 - DEBUG transformer: relational -> line 222
2026-10-06 12:48:16.028 | INFO     | transformer:__default__:36 - DEBUG transformer: plus -> line 224
2026-10-06 12:48:16.028 | INFO     | transformer:__default__:36 - DEBUG transformer: additive -> line 224
2026-10-06 12:48:16.028 | INFO     | transformer:__default__:36 - DEBUG transformer: assignment -> line 224
2026-10-06 12:48:16.028 | INFO     | transformer:__default__:36 - DEBUG transformer: expr_stmt -> line 224
2026-10-06 12:48:16.028 | INFO     | transformer:__default__:36 - DEBUG transformer: plus -> line 225
2026-10-06 12:48:16.028 | INFO     | transformer:__default__:36 - DEBUG transformer: additive -> line 225
2026-10-06 12:48:16.028 | INFO     | transformer:__default__:36 - DEBUG transformer: assignment -> line 225
2026-10-06 12:48:16.029 | INFO     | transformer:__default__:36 - DEBUG transformer: expr_stmt -> line 225
2026-10-06 12:48:16.029 | INFO     | transformer:__default__:36 - DEBUG transformer: compound_stmt -> line 223
2026-10-06 12:48:16.029 | INFO     | transformer:__default__:36 - DEBUG transformer: if_stmt -> line 222
2026-10-06 12:48:16.029 | INFO     | transformer:__default__:36 - DEBUG transformer: lte -> line 227
2026-10-06 12:48:16.029 | INFO     | transformer:__default__:36 - DEBUG transformer: relational -> line 227
2026-10-06 12:48:16.029 | INFO     | transformer:__default__:36 - DEBUG transformer: plus -> line 229
2026-10-06 12:48:16.029 | INFO     | transformer:__default__:36 - DEBUG transformer: additive -> line 229
2026-10-06 12:48:16.029 | INFO     | transformer:__default__:36 - DEBUG transformer: assignment -> line 229
2026-10-06 12:48:16.029 | INFO     | transformer:__default__:36 - DEBUG transformer: expr_stmt -> line 229
2026-10-06 12:48:16.029 | INFO     | transformer:__default__:36 - DEBUG transformer: plus -> line 230
2026-10-06 12:48:16.029 | INFO     | transformer:__default__:36 - DEBUG transformer: additive -> line 230
2026-10-06 12:48:16.029 | INFO     | transformer:__default__:36 - DEBUG transformer: assignment -> line 230
2026-10-06 12:48:16.029 | INFO     | transformer:__default__:36 - DEBUG transformer: expr_stmt -> line 230
2026-10-06 12:48:16.029 | INFO     | transformer:__default__:36 - DEBUG transformer: compound_stmt -> line 228
2026-10-06 12:48:16.029 | INFO     | transformer:__default__:36 - DEBUG transformer: if_stmt -> line 227
2026-10-06 12:48:16.029 | INFO     | transformer:__default__:36 - DEBUG transformer: compound_stmt -> line 213
2026-10-06 12:48:16.029 | INFO     | transformer:__default__:36 - DEBUG transformer: while_stmt -> line 212
2026-10-06 12:48:16.029 | INFO     | transformer:__default__:36 - DEBUG transformer: return_stmt -> line 233
2026-10-06 12:48:16.029 | INFO     | transformer:__default__:36 - DEBUG transformer: compound_stmt -> line 193
2026-10-06 12:48:16.029 | INFO     | transformer:__default__:36 - DEBUG transformer: function_def -> line 192
2026-10-06 12:48:16.029 | INFO     | transformer:__default__:36 - DEBUG transformer: external_decl -> line 192
2026-10-06 12:48:16.029 | INFO     | transformer:__default__:36 - DEBUG transformer: void -> line 236
2026-10-06 12:48:16.029 | INFO     | transformer:__default__:36 - DEBUG transformer: type_specifier -> line 236
2026-10-06 12:48:16.029 | INFO     | transformer:__default__:36 - DEBUG transformer: declarator -> line 236
2026-10-06 12:48:16.029 | INFO     | transformer:__default__:36 - DEBUG transformer: int -> line 236
2026-10-06 12:48:16.029 | INFO     | transformer:__default__:36 - DEBUG transformer: type_specifier -> line 236
2026-10-06 12:48:16.029 | INFO     | transformer:__default__:36 - DEBUG transformer: declarator -> line 236
2026-10-06 12:48:16.029 | INFO     | transformer:__default__:36 - DEBUG transformer: param -> line 236
2026-10-06 12:48:16.029 | INFO     | transformer:__default__:36 - DEBUG transformer: int -> line 236
2026-10-06 12:48:16.029 | INFO     | transformer:__default__:36 - DEBUG transformer: type_specifier -> line 236
2026-10-06 12:48:16.029 | INFO     | transformer:__default__:36 - DEBUG transformer: declarator -> line 236
2026-10-06 12:48:16.029 | INFO     | transformer:__default__:36 - DEBUG transformer: param -> line 236
2026-10-06 12:48:16.029 | INFO     | transformer:__default__:36 - DEBUG transformer: int -> line 236
2026-10-06 12:48:16.029 | INFO     | transformer:__default__:36 - DEBUG transformer: type_specifier -> line 236
2026-10-06 12:48:16.029 | INFO     | transformer:__default__:36 - DEBUG transformer: declarator -> line 236
2026-10-06 12:48:16.029 | INFO     | transformer:__default__:36 - DEBUG transformer: param -> line 236
2026-10-06 12:48:16.029 | INFO     | transformer:__default__:36 - DEBUG transformer: int -> line 236
2026-10-06 12:48:16.029 | INFO     | transformer:__default__:36 - DEBUG transformer: type_specifier -> line 236
2026-10-06 12:48:16.029 | INFO     | transformer:__default__:36 - DEBUG transformer: declarator -> line 236
2026-10-06 12:48:16.029 | INFO     | transformer:__default__:36 - DEBUG transformer: param -> line 236
2026-10-06 12:48:16.030 | INFO     | transformer:__default__:36 - DEBUG transformer: int -> line 236
2026-10-06 12:48:16.030 | INFO     | transformer:__default__:36 - DEBUG transformer: type_specifier -> line 236
2026-10-06 12:48:16.030 | INFO     | transformer:__default__:36 - DEBUG transformer: declarator -> line 236
2026-10-06 12:48:16.030 | INFO     | transformer:__default__:36 - DEBUG transformer: param -> line 236
2026-10-06 12:48:16.030 | INFO     | transformer:__default__:36 - DEBUG transformer: int -> line 236
2026-10-06 12:48:16.030 | INFO     | transformer:__default__:36 - DEBUG transformer: type_specifier -> line 236
2026-10-06 12:48:16.030 | INFO     | transformer:__default__:36 - DEBUG transformer: declarator -> line 236
2026-10-06 12:48:16.030 | INFO     | transformer:__default__:36 - DEBUG transformer: param -> line 236
2026-10-06 12:48:16.030 | INFO     | transformer:__default__:36 - DEBUG transformer: param_list -> line 236
2026-10-06 12:48:16.030 | INFO     | transformer:__default__:36 - DEBUG transformer: int -> line 240
2026-10-06 12:48:16.031 | INFO     | transformer:__default__:36 - DEBUG transformer: type_specifier -> line 240
2026-10-06 12:48:16.031 | INFO     | transformer:__default__:36 - DEBUG transformer: declarator -> line 240
2026-10-06 12:48:16.031 | INFO     | transformer:__default__:36 - DEBUG transformer: init_declarator -> line 240
2026-10-06 12:48:16.031 | INFO     | transformer:__default__:36 - DEBUG transformer: init_declarator_list -> line 240
2026-10-06 12:48:16.031 | INFO     | transformer:__default__:36 - DEBUG transformer: declaration -> line 240
2026-10-06 12:48:16.031 | INFO     | transformer:__default__:36 - DEBUG transformer: lt -> line 241
2026-10-06 12:48:16.031 | INFO     | transformer:__default__:36 - DEBUG transformer: relational -> line 241
2026-10-06 12:48:16.031 | INFO     | transformer:__default__:36 - DEBUG transformer: int -> line 243
2026-10-06 12:48:16.031 | INFO     | transformer:__default__:36 - DEBUG transformer: type_specifier -> line 243
2026-10-06 12:48:16.031 | INFO     | transformer:__default__:36 - DEBUG transformer: declarator -> line 243
2026-10-06 12:48:16.031 | INFO     | transformer:__default__:36 - DEBUG transformer: init_declarator -> line 243
2026-10-06 12:48:16.031 | INFO     | transformer:__default__:36 - DEBUG transformer: init_declarator_list -> line 243
2026-10-06 12:48:16.031 | INFO     | transformer:__default__:36 - DEBUG transformer: declaration -> line 243
2026-10-06 12:48:16.031 | INFO     | transformer:__default__:36 - DEBUG transformer: lt -> line 244
2026-10-06 12:48:16.031 | INFO     | transformer:__default__:36 - DEBUG transformer: relational -> line 244
2026-10-06 12:48:16.031 | INFO     | transformer:__default__:36 - DEBUG transformer: int -> line 246
2026-10-06 12:48:16.031 | INFO     | transformer:__default__:36 - DEBUG transformer: type_specifier -> line 246
2026-10-06 12:48:16.031 | INFO     | transformer:__default__:36 - DEBUG transformer: declarator -> line 246
2026-10-06 12:48:16.031 | INFO     | transformer:__default__:36 - DEBUG transformer: plus -> line 246
2026-10-06 12:48:16.031 | INFO     | transformer:__default__:36 - DEBUG transformer: additive -> line 246
2026-10-06 12:48:16.031 | INFO     | transformer:__default__:36 - DEBUG transformer: init_declarator -> line 246
2026-10-06 12:48:16.031 | INFO     | transformer:__default__:36 - DEBUG transformer: init_declarator_list -> line 246
2026-10-06 12:48:16.031 | INFO     | transformer:__default__:36 - DEBUG transformer: declaration -> line 246
2026-10-06 12:48:16.031 | INFO     | transformer:__default__:36 - DEBUG transformer: int -> line 247
2026-10-06 12:48:16.031 | INFO     | transformer:__default__:36 - DEBUG transformer: type_specifier -> line 247
2026-10-06 12:48:16.031 | INFO     | transformer:__default__:36 - DEBUG transformer: declarator -> line 247
2026-10-06 12:48:16.031 | INFO     | transformer:__default__:36 - DEBUG transformer: plus -> line 247
2026-10-06 12:48:16.031 | INFO     | transformer:__default__:36 - DEBUG transformer: additive -> line 247
2026-10-06 12:48:16.031 | INFO     | transformer:__default__:36 - DEBUG transformer: init_declarator -> line 247
2026-10-06 12:48:16.031 | INFO     | transformer:__default__:36 - DEBUG transformer: init_declarator_list -> line 247
2026-10-06 12:48:16.031 | INFO     | transformer:__default__:36 - DEBUG transformer: declaration -> line 247
2026-10-06 12:48:16.031 | INFO     | transformer:__default__:36 - DEBUG transformer: int -> line 248
2026-10-06 12:48:16.031 | INFO     | transformer:__default__:36 - DEBUG transformer: type_specifier -> line 248
2026-10-06 12:48:16.031 | INFO     | transformer:__default__:36 - DEBUG transformer: declarator -> line 248
2026-10-06 12:48:16.031 | INFO     | transformer:__default__:36 - DEBUG transformer: mult -> line 248
2026-10-06 12:48:16.031 | INFO     | transformer:__default__:36 - DEBUG transformer: multiplicative -> line 248
2026-10-06 12:48:16.031 | INFO     | transformer:__default__:36 - DEBUG transformer: plus -> line 248
2026-10-06 12:48:16.031 | INFO     | transformer:__default__:36 - DEBUG transformer: additive -> line 248
2026-10-06 12:48:16.032 | INFO     | transformer:__default__:36 - DEBUG transformer: init_declarator -> line 248
2026-10-06 12:48:16.032 | INFO     | transformer:__default__:36 - DEBUG transformer: init_declarator_list -> line 248
2026-10-06 12:48:16.032 | INFO     | transformer:__default__:36 - DEBUG transformer: declaration -> line 248
2026-10-06 12:48:16.032 | INFO     | transformer:__default__:36 - DEBUG transformer: eq -> line 249
2026-10-06 12:48:16.032 | INFO     | transformer:__default__:36 - DEBUG transformer: equality -> line 249
2026-10-06 12:48:16.032 | INFO     | transformer:__default__:36 - DEBUG transformer: eq -> line 249
2026-10-06 12:48:16.032 | INFO     | transformer:__default__:36 - DEBUG transformer: minus -> line 249
2026-10-06 12:48:16.032 | INFO     | transformer:__default__:36 - DEBUG transformer: additive -> line 249
2026-10-06 12:48:16.032 | INFO     | transformer:__default__:36 - DEBUG transformer: equality -> line 249
2026-10-06 12:48:16.032 | INFO     | transformer:__default__:36 - DEBUG transformer: eq -> line 249
2026-10-06 12:48:16.032 | INFO     | transformer:__default__:36 - DEBUG transformer: equality -> line 249
2026-10-06 12:48:16.032 | INFO     | transformer:__default__:36 - DEBUG transformer: eq -> line 249
2026-10-06 12:48:16.032 | INFO     | transformer:__default__:36 - DEBUG transformer: minus -> line 249
2026-10-06 12:48:16.032 | INFO     | transformer:__default__:36 - DEBUG transformer: additive -> line 249
2026-10-06 12:48:16.032 | INFO     | transformer:__default__:36 - DEBUG transformer: equality -> line 249
2026-10-06 12:48:16.032 | INFO     | transformer:__default__:36 - DEBUG transformer: logic_or -> line 249
2026-10-06 12:48:16.032 | INFO     | transformer:__default__:36 - DEBUG transformer: plus -> line 251
2026-10-06 12:48:16.032 | INFO     | transformer:__default__:36 - DEBUG transformer: additive -> line 251
2026-10-06 12:48:16.032 | INFO     | transformer:__default__:36 - DEBUG transformer: arg_list -> line 251
2026-10-06 12:48:16.032 | INFO     | transformer:__default__:36 - DEBUG transformer: call_suffix -> line 251
2026-10-06 12:48:16.032 | INFO     | transformer:__default__:36 - DEBUG transformer: postfix -> line 251
2026-10-06 12:48:16.032 | INFO     | transformer:__default__:36 - DEBUG transformer: expr_stmt -> line 251
2026-10-06 12:48:16.032 | INFO     | transformer:__default__:36 - DEBUG transformer: compound_stmt -> line 250
2026-10-06 12:48:16.032 | INFO     | transformer:__default__:36 - DEBUG transformer: plus -> line 255
2026-10-06 12:48:16.032 | INFO     | transformer:__default__:36 - DEBUG transformer: additive -> line 255
2026-10-06 12:48:16.032 | INFO     | transformer:__default__:36 - DEBUG transformer: arg_list -> line 255
2026-10-06 12:48:16.032 | INFO     | transformer:__default__:36 - DEBUG transformer: call_suffix -> line 255
2026-10-06 12:48:16.032 | INFO     | transformer:__default__:36 - DEBUG transformer: postfix -> line 255
2026-10-06 12:48:16.032 | INFO     | transformer:__default__:36 - DEBUG transformer: expr_stmt -> line 255
2026-10-06 12:48:16.032 | INFO     | transformer:__default__:36 - DEBUG transformer: compound_stmt -> line 254
2026-10-06 12:48:16.032 | INFO     | transformer:__default__:36 - DEBUG transformer: if_stmt -> line 249
2026-10-06 12:48:16.032 | INFO     | transformer:__default__:36 - DEBUG transformer: plus -> line 257
2026-10-06 12:48:16.032 | INFO     | transformer:__default__:36 - DEBUG transformer: additive -> line 257
2026-10-06 12:48:16.032 | INFO     | transformer:__default__:36 - DEBUG transformer: assignment -> line 257
2026-10-06 12:48:16.032 | INFO     | transformer:__default__:36 - DEBUG transformer: expr_stmt -> line 257
2026-10-06 12:48:16.032 | INFO     | transformer:__default__:36 - DEBUG transformer: compound_stmt -> line 245
2026-10-06 12:48:16.032 | INFO     | transformer:__default__:36 - DEBUG transformer: while_stmt -> line 244
2026-10-06 12:48:16.032 | INFO     | transformer:__default__:36 - DEBUG transformer: plus -> line 259
2026-10-06 12:48:16.032 | INFO     | transformer:__default__:36 - DEBUG transformer: additive -> line 259
2026-10-06 12:48:16.033 | INFO     | transformer:__default__:36 - DEBUG transformer: assignment -> line 259
2026-10-06 12:48:16.033 | INFO     | transformer:__default__:36 - DEBUG transformer: expr_stmt -> line 259
2026-10-06 12:48:16.033 | INFO     | transformer:__default__:36 - DEBUG transformer: compound_stmt -> line 242
2026-10-06 12:48:16.033 | INFO     | transformer:__default__:36 - DEBUG transformer: while_stmt -> line 241
2026-10-06 12:48:16.033 | INFO     | transformer:__default__:36 - DEBUG transformer: expr_stmt -> line 260
2026-10-06 12:48:16.033 | INFO     | transformer:__default__:36 - DEBUG transformer: return_stmt -> line 261
2026-10-06 12:48:16.033 | INFO     | transformer:__default__:36 - DEBUG transformer: compound_stmt -> line 237
2026-10-06 12:48:16.033 | INFO     | transformer:__default__:36 - DEBUG transformer: function_def -> line 236
2026-10-06 12:48:16.033 | INFO     | transformer:__default__:36 - DEBUG transformer: external_decl -> line 236
2026-10-06 12:48:16.033 | INFO     | transformer:__default__:36 - DEBUG transformer: void -> line 264
2026-10-06 12:48:16.033 | INFO     | transformer:__default__:36 - DEBUG transformer: type_specifier -> line 264
2026-10-06 12:48:16.033 | INFO     | transformer:__default__:36 - DEBUG transformer: declarator -> line 264
2026-10-06 12:48:16.033 | INFO     | transformer:__default__:36 - DEBUG transformer: int -> line 266
2026-10-06 12:48:16.033 | INFO     | transformer:__default__:36 - DEBUG transformer: type_specifier -> line 266
2026-10-06 12:48:16.033 | INFO     | transformer:__default__:36 - DEBUG transformer: declarator -> line 266
2026-10-06 12:48:16.033 | INFO     | transformer:__default__:36 - DEBUG transformer: init_declarator -> line 266
2026-10-06 12:48:16.033 | INFO     | transformer:__default__:36 - DEBUG transformer: init_declarator_list -> line 266
2026-10-06 12:48:16.033 | INFO     | transformer:__default__:36 - DEBUG transformer: declaration -> line 266
2026-10-06 12:48:16.033 | INFO     | transformer:__default__:36 - DEBUG transformer: lt -> line 267
2026-10-06 12:48:16.033 | INFO     | transformer:__default__:36 - DEBUG transformer: relational -> line 267
2026-10-06 12:48:16.033 | INFO     | transformer:__default__:36 - DEBUG transformer: plus -> line 269
2026-10-06 12:48:16.033 | INFO     | transformer:__default__:36 - DEBUG transformer: additive -> line 269
2026-10-06 12:48:16.033 | INFO     | transformer:__default__:36 - DEBUG transformer: arg_list -> line 269
2026-10-06 12:48:16.033 | INFO     | transformer:__default__:36 - DEBUG transformer: call_suffix -> line 269
2026-10-06 12:48:16.033 | INFO     | transformer:__default__:36 - DEBUG transformer: postfix -> line 269
2026-10-06 12:48:16.033 | INFO     | transformer:__default__:36 - DEBUG transformer: expr_stmt -> line 269
2026-10-06 12:48:16.033 | INFO     | transformer:__default__:36 - DEBUG transformer: plus -> line 270
2026-10-06 12:48:16.033 | INFO     | transformer:__default__:36 - DEBUG transformer: additive -> line 270
2026-10-06 12:48:16.033 | INFO     | transformer:__default__:36 - DEBUG transformer: assignment -> line 270
2026-10-06 12:48:16.033 | INFO     | transformer:__default__:36 - DEBUG transformer: expr_stmt -> line 270
2026-10-06 12:48:16.033 | INFO     | transformer:__default__:36 - DEBUG transformer: compound_stmt -> line 268
2026-10-06 12:48:16.033 | INFO     | transformer:__default__:36 - DEBUG transformer: while_stmt -> line 267
2026-10-06 12:48:16.033 | INFO     | transformer:__default__:36 - DEBUG transformer: compound_stmt -> line 265
2026-10-06 12:48:16.033 | INFO     | transformer:__default__:36 - DEBUG transformer: function_def -> line 264
2026-10-06 12:48:16.033 | INFO     | transformer:__default__:36 - DEBUG transformer: external_decl -> line 264
2026-10-06 12:48:16.033 | INFO     | transformer:__default__:36 - DEBUG transformer: void -> line 273
2026-10-06 12:48:16.033 | INFO     | transformer:__default__:36 - DEBUG transformer: type_specifier -> line 273
2026-10-06 12:48:16.033 | INFO     | transformer:__default__:36 - DEBUG transformer: declarator -> line 273
2026-10-06 12:48:16.033 | INFO     | transformer:__default__:36 - DEBUG transformer: int -> line 275
2026-10-06 12:48:16.033 | INFO     | transformer:__default__:36 - DEBUG transformer: type_specifier -> line 275
2026-10-06 12:48:16.034 | INFO     | transformer:__default__:36 - DEBUG transformer: declarator -> line 275
2026-10-06 12:48:16.034 | INFO     | transformer:__default__:36 - DEBUG transformer: init_declarator -> line 275
2026-10-06 12:48:16.034 | INFO     | transformer:__default__:36 - DEBUG transformer: init_declarator_list -> line 275
2026-10-06 12:48:16.034 | INFO     | transformer:__default__:36 - DEBUG transformer: declaration -> line 275
2026-10-06 12:48:16.034 | INFO     | transformer:__default__:36 - DEBUG transformer: int -> line 276
2026-10-06 12:48:16.034 | INFO     | transformer:__default__:36 - DEBUG transformer: type_specifier -> line 276
2026-10-06 12:48:16.034 | INFO     | transformer:__default__:36 - DEBUG transformer: declarator -> line 276
2026-10-06 12:48:16.034 | INFO     | transformer:__default__:36 - DEBUG transformer: init_declarator -> line 276
2026-10-06 12:48:16.034 | INFO     | transformer:__default__:36 - DEBUG transformer: init_declarator_list -> line 276
2026-10-06 12:48:16.034 | INFO     | transformer:__default__:36 - DEBUG transformer: declaration -> line 276
2026-10-06 12:48:16.034 | INFO     | transformer:__default__:36 - DEBUG transformer: int -> line 277
2026-10-06 12:48:16.034 | INFO     | transformer:__default__:36 - DEBUG transformer: type_specifier -> line 277
2026-10-06 12:48:16.034 | INFO     | transformer:__default__:36 - DEBUG transformer: declarator -> line 277
2026-10-06 12:48:16.034 | INFO     | transformer:__default__:36 - DEBUG transformer: init_declarator -> line 277
2026-10-06 12:48:16.034 | INFO     | transformer:__default__:36 - DEBUG transformer: init_declarator_list -> line 277
2026-10-06 12:48:16.034 | INFO     | transformer:__default__:36 - DEBUG transformer: declaration -> line 277
2026-10-06 12:48:16.034 | INFO     | transformer:__default__:36 - DEBUG transformer: arg_list -> line 281
2026-10-06 12:48:16.034 | INFO     | transformer:__default__:36 - DEBUG transformer: call_suffix -> line 281
2026-10-06 12:48:16.034 | INFO     | transformer:__default__:36 - DEBUG transformer: postfix -> line 281
2026-10-06 12:48:16.034 | INFO     | transformer:__default__:36 - DEBUG transformer: expr_stmt -> line 281
2026-10-06 12:48:16.034 | INFO     | transformer:__default__:36 - DEBUG transformer: plus -> line 282
2026-10-06 12:48:16.034 | INFO     | transformer:__default__:36 - DEBUG transformer: additive -> line 282
2026-10-06 12:48:16.034 | INFO     | transformer:__default__:36 - DEBUG transformer: assignment -> line 282
2026-10-06 12:48:16.034 | INFO     | transformer:__default__:36 - DEBUG transformer: expr_stmt -> line 282
2026-10-06 12:48:16.034 | INFO     | transformer:__default__:36 - DEBUG transformer: int -> line 283
2026-10-06 12:48:16.034 | INFO     | transformer:__default__:36 - DEBUG transformer: type_specifier -> line 283
2026-10-06 12:48:16.034 | INFO     | transformer:__default__:36 - DEBUG transformer: declarator -> line 283
2026-10-06 12:48:16.034 | INFO     | transformer:__default__:36 - DEBUG transformer: rshift -> line 283
2026-10-06 12:48:16.034 | INFO     | transformer:__default__:36 - DEBUG transformer: shift -> line 283
2026-10-06 12:48:16.034 | INFO     | transformer:__default__:36 - DEBUG transformer: rshift -> line 283
2026-10-06 12:48:16.034 | INFO     | transformer:__default__:36 - DEBUG transformer: shift -> line 283
2026-10-06 12:48:16.034 | INFO     | transformer:__default__:36 - DEBUG transformer: rshift -> line 283
2026-10-06 12:48:16.034 | INFO     | transformer:__default__:36 - DEBUG transformer: shift -> line 283
2026-10-06 12:48:16.034 | INFO     | transformer:__default__:36 - DEBUG transformer: rshift -> line 283
2026-10-06 12:48:16.034 | INFO     | transformer:__default__:36 - DEBUG transformer: shift -> line 283
2026-10-06 12:48:16.034 | INFO     | transformer:__default__:36 - DEBUG transformer: bit_xor -> line 283
2026-10-06 12:48:16.034 | INFO     | transformer:__default__:36 - DEBUG transformer: bit_and -> line 283
2026-10-06 12:48:16.034 | INFO     | transformer:__default__:36 - DEBUG transformer: init_declarator -> line 283
2026-10-06 12:48:16.035 | INFO     | transformer:__default__:36 - DEBUG transformer: init_declarator_list -> line 283
2026-10-06 12:48:16.035 | INFO     | transformer:__default__:36 - DEBUG transformer: declaration -> line 283
2026-10-06 12:48:16.035 | INFO     | transformer:__default__:36 - DEBUG transformer: rshift -> line 284
2026-10-06 12:48:16.035 | INFO     | transformer:__default__:36 - DEBUG transformer: shift -> line 284
2026-10-06 12:48:16.035 | INFO     | transformer:__default__:36 - DEBUG transformer: lshift -> line 284
2026-10-06 12:48:16.035 | INFO     | transformer:__default__:36 - DEBUG transformer: shift -> line 284
2026-10-06 12:48:16.035 | INFO     | transformer:__default__:36 - DEBUG transformer: bit_or -> line 284
2026-10-06 12:48:16.035 | INFO     | transformer:__default__:36 - DEBUG transformer: assignment -> line 284
2026-10-06 12:48:16.035 | INFO     | transformer:__default__:36 - DEBUG transformer: expr_stmt -> line 284
2026-10-06 12:48:16.035 | INFO     | transformer:__default__:36 - DEBUG transformer: rshift -> line 285
2026-10-06 12:48:16.035 | INFO     | transformer:__default__:36 - DEBUG transformer: shift -> line 285
2026-10-06 12:48:16.035 | INFO     | transformer:__default__:36 - DEBUG transformer: rshift -> line 285
2026-10-06 12:48:16.035 | INFO     | transformer:__default__:36 - DEBUG transformer: shift -> line 285
2026-10-06 12:48:16.035 | INFO     | transformer:__default__:36 - DEBUG transformer: rshift -> line 285
2026-10-06 12:48:16.035 | INFO     | transformer:__default__:36 - DEBUG transformer: shift -> line 285
2026-10-06 12:48:16.035 | INFO     | transformer:__default__:36 - DEBUG transformer: rshift -> line 285
2026-10-06 12:48:16.035 | INFO     | transformer:__default__:36 - DEBUG transformer: shift -> line 285
2026-10-06 12:48:16.035 | INFO     | transformer:__default__:36 - DEBUG transformer: bit_xor -> line 285
2026-10-06 12:48:16.035 | INFO     | transformer:__default__:36 - DEBUG transformer: bit_and -> line 285
2026-10-06 12:48:16.035 | INFO     | transformer:__default__:36 - DEBUG transformer: assignment -> line 285
2026-10-06 12:48:16.035 | INFO     | transformer:__default__:36 - DEBUG transformer: expr_stmt -> line 285
2026-10-06 12:48:16.035 | INFO     | transformer:__default__:36 - DEBUG transformer: rshift -> line 286
2026-10-06 12:48:16.035 | INFO     | transformer:__default__:36 - DEBUG transformer: shift -> line 286
2026-10-06 12:48:16.035 | INFO     | transformer:__default__:36 - DEBUG transformer: lshift -> line 286
2026-10-06 12:48:16.035 | INFO     | transformer:__default__:36 - DEBUG transformer: shift -> line 286
2026-10-06 12:48:16.035 | INFO     | transformer:__default__:36 - DEBUG transformer: bit_or -> line 286
2026-10-06 12:48:16.035 | INFO     | transformer:__default__:36 - DEBUG transformer: assignment -> line 286
2026-10-06 12:48:16.035 | INFO     | transformer:__default__:36 - DEBUG transformer: expr_stmt -> line 286
2026-10-06 12:48:16.035 | INFO     | transformer:__default__:36 - DEBUG transformer: rshift -> line 287
2026-10-06 12:48:16.035 | INFO     | transformer:__default__:36 - DEBUG transformer: shift -> line 287
2026-10-06 12:48:16.035 | INFO     | transformer:__default__:36 - DEBUG transformer: rshift -> line 287
2026-10-06 12:48:16.035 | INFO     | transformer:__default__:36 - DEBUG transformer: shift -> line 287
2026-10-06 12:48:16.035 | INFO     | transformer:__default__:36 - DEBUG transformer: rshift -> line 287
2026-10-06 12:48:16.035 | INFO     | transformer:__default__:36 - DEBUG transformer: shift -> line 287
2026-10-06 12:48:16.035 | INFO     | transformer:__default__:36 - DEBUG transformer: rshift -> line 287
2026-10-06 12:48:16.035 | INFO     | transformer:__default__:36 - DEBUG transformer: shift -> line 287
2026-10-06 12:48:16.036 | INFO     | transformer:__default__:36 - DEBUG transformer: bit_xor -> line 287
2026-10-06 12:48:16.036 | INFO     | transformer:__default__:36 - DEBUG transformer: bit_and -> line 287
2026-10-06 12:48:16.036 | INFO     | transformer:__default__:36 - DEBUG transformer: assignment -> line 287
2026-10-06 12:48:16.036 | INFO     | transformer:__default__:36 - DEBUG transformer: expr_stmt -> line 287
2026-10-06 12:48:16.036 | INFO     | transformer:__default__:36 - DEBUG transformer: rshift -> line 288
2026-10-06 12:48:16.036 | INFO     | transformer:__default__:36 - DEBUG transformer: shift -> line 288
2026-10-06 12:48:16.036 | INFO     | transformer:__default__:36 - DEBUG transformer: lshift -> line 288
2026-10-06 12:48:16.036 | INFO     | transformer:__default__:36 - DEBUG transformer: shift -> line 288
2026-10-06 12:48:16.036 | INFO     | transformer:__default__:36 - DEBUG transformer: bit_or -> line 288
2026-10-06 12:48:16.036 | INFO     | transformer:__default__:36 - DEBUG transformer: assignment -> line 288
2026-10-06 12:48:16.036 | INFO     | transformer:__default__:36 - DEBUG transformer: expr_stmt -> line 288
2026-10-06 12:48:16.036 | INFO     | transformer:__default__:36 - DEBUG transformer: rshift -> line 289
2026-10-06 12:48:16.036 | INFO     | transformer:__default__:36 - DEBUG transformer: shift -> line 289
2026-10-06 12:48:16.036 | INFO     | transformer:__default__:36 - DEBUG transformer: rshift -> line 289
2026-10-06 12:48:16.036 | INFO     | transformer:__default__:36 - DEBUG transformer: shift -> line 289
2026-10-06 12:48:16.036 | INFO     | transformer:__default__:36 - DEBUG transformer: rshift -> line 289
2026-10-06 12:48:16.036 | INFO     | transformer:__default__:36 - DEBUG transformer: shift -> line 289
2026-10-06 12:48:16.036 | INFO     | transformer:__default__:36 - DEBUG transformer: rshift -> line 289
2026-10-06 12:48:16.036 | INFO     | transformer:__default__:36 - DEBUG transformer: shift -> line 289
2026-10-06 12:48:16.036 | INFO     | transformer:__default__:36 - DEBUG transformer: bit_xor -> line 289
2026-10-06 12:48:16.036 | INFO     | transformer:__default__:36 - DEBUG transformer: bit_and -> line 289
2026-10-06 12:48:16.036 | INFO     | transformer:__default__:36 - DEBUG transformer: assignment -> line 289
2026-10-06 12:48:16.036 | INFO     | transformer:__default__:36 - DEBUG transformer: expr_stmt -> line 289
2026-10-06 12:48:16.036 | INFO     | transformer:__default__:36 - DEBUG transformer: rshift -> line 290
2026-10-06 12:48:16.036 | INFO     | transformer:__default__:36 - DEBUG transformer: shift -> line 290
2026-10-06 12:48:16.036 | INFO     | transformer:__default__:36 - DEBUG transformer: lshift -> line 290
2026-10-06 12:48:16.036 | INFO     | transformer:__default__:36 - DEBUG transformer: shift -> line 290
2026-10-06 12:48:16.036 | INFO     | transformer:__default__:36 - DEBUG transformer: bit_or -> line 290
2026-10-06 12:48:16.036 | INFO     | transformer:__default__:36 - DEBUG transformer: assignment -> line 290
2026-10-06 12:48:16.036 | INFO     | transformer:__default__:36 - DEBUG transformer: expr_stmt -> line 290
2026-10-06 12:48:16.036 | INFO     | transformer:__default__:36 - DEBUG transformer: minus -> line 292
2026-10-06 12:48:16.036 | INFO     | transformer:__default__:36 - DEBUG transformer: additive -> line 292
2026-10-06 12:48:16.036 | INFO     | transformer:__default__:36 - DEBUG transformer: assignment -> line 292
2026-10-06 12:48:16.036 | INFO     | transformer:__default__:36 - DEBUG transformer: expr_stmt -> line 292
2026-10-06 12:48:16.036 | INFO     | transformer:__default__:36 - DEBUG transformer: compound_stmt -> line 280
2026-10-06 12:48:16.036 | INFO     | transformer:__default__:36 - DEBUG transformer: while_stmt -> line 279
2026-10-06 12:48:16.036 | INFO     | transformer:__default__:36 - DEBUG transformer: compound_stmt -> line 274
2026-10-06 12:48:16.036 | INFO     | transformer:__default__:36 - DEBUG transformer: function_def -> line 273
2026-10-06 12:48:16.037 | INFO     | transformer:__default__:36 - DEBUG transformer: external_decl -> line 273
2026-10-06 12:48:16.037 | INFO     | transformer:__default__:36 - DEBUG transformer: void -> line 295
2026-10-06 12:48:16.037 | INFO     | transformer:__default__:36 - DEBUG transformer: type_specifier -> line 295
2026-10-06 12:48:16.037 | INFO     | transformer:__default__:36 - DEBUG transformer: declarator -> line 295
2026-10-06 12:48:16.037 | INFO     | transformer:__default__:36 - DEBUG transformer: int -> line 295
2026-10-06 12:48:16.037 | INFO     | transformer:__default__:36 - DEBUG transformer: type_specifier -> line 295
2026-10-06 12:48:16.037 | INFO     | transformer:__default__:36 - DEBUG transformer: declarator -> line 295
2026-10-06 12:48:16.037 | INFO     | transformer:__default__:36 - DEBUG transformer: param -> line 295
2026-10-06 12:48:16.037 | INFO     | transformer:__default__:36 - DEBUG transformer: int -> line 295
2026-10-06 12:48:16.037 | INFO     | transformer:__default__:36 - DEBUG transformer: type_specifier -> line 295
2026-10-06 12:48:16.037 | INFO     | transformer:__default__:36 - DEBUG transformer: declarator -> line 295
2026-10-06 12:48:16.037 | INFO     | transformer:__default__:36 - DEBUG transformer: param -> line 295
2026-10-06 12:48:16.037 | INFO     | transformer:__default__:36 - DEBUG transformer: int -> line 295
2026-10-06 12:48:16.037 | INFO     | transformer:__default__:36 - DEBUG transformer: type_specifier -> line 295
2026-10-06 12:48:16.037 | INFO     | transformer:__default__:36 - DEBUG transformer: declarator -> line 295
2026-10-06 12:48:16.037 | INFO     | transformer:__default__:36 - DEBUG transformer: param -> line 295
2026-10-06 12:48:16.037 | INFO     | transformer:__default__:36 - DEBUG transformer: param_list -> line 295
2026-10-06 12:48:16.037 | INFO     | transformer:__default__:36 - DEBUG transformer: int -> line 296
2026-10-06 12:48:16.037 | INFO     | transformer:__default__:36 - DEBUG transformer: type_specifier -> line 296
2026-10-06 12:48:16.037 | INFO     | transformer:__default__:36 - DEBUG transformer: declarator -> line 296
2026-10-06 12:48:16.037 | INFO     | transformer:__default__:36 - DEBUG transformer: init_declarator -> line 296
2026-10-06 12:48:16.040 | INFO     | transformer:__default__:36 - DEBUG transformer: init_declarator_list -> line 296
2026-10-06 12:48:16.040 | INFO     | transformer:__default__:36 - DEBUG transformer: declaration -> line 296
2026-10-06 12:48:16.040 | INFO     | transformer:__default__:36 - DEBUG transformer: lt -> line 296
2026-10-06 12:48:16.040 | INFO     | transformer:__default__:36 - DEBUG transformer: relational -> line 296
2026-10-06 12:48:16.040 | INFO     | transformer:__default__:36 - DEBUG transformer: post_inc -> line 296
2026-10-06 12:48:16.040 | INFO     | transformer:__default__:36 - DEBUG transformer: postfix -> line 296
2026-10-06 12:48:16.040 | INFO     | transformer:__default__:36 - DEBUG transformer: int -> line 298
2026-10-06 12:48:16.040 | INFO     | transformer:__default__:36 - DEBUG transformer: type_specifier -> line 298
2026-10-06 12:48:16.040 | INFO     | transformer:__default__:36 - DEBUG transformer: declarator -> line 298
2026-10-06 12:48:16.040 | INFO     | transformer:__default__:36 - DEBUG transformer: init_declarator -> line 298
2026-10-06 12:48:16.040 | INFO     | transformer:__default__:36 - DEBUG transformer: init_declarator_list -> line 298
2026-10-06 12:48:16.040 | INFO     | transformer:__default__:36 - DEBUG transformer: declaration -> line 298
2026-10-06 12:48:16.040 | INFO     | transformer:__default__:36 - DEBUG transformer: int -> line 299
2026-10-06 12:48:16.040 | INFO     | transformer:__default__:36 - DEBUG transformer: type_specifier -> line 299
2026-10-06 12:48:16.040 | INFO     | transformer:__default__:36 - DEBUG transformer: declarator -> line 299
2026-10-06 12:48:16.040 | INFO     | transformer:__default__:36 - DEBUG transformer: mod -> line 299
2026-10-06 12:48:16.040 | INFO     | transformer:__default__:36 - DEBUG transformer: multiplicative -> line 299
2026-10-06 12:48:16.040 | INFO     | transformer:__default__:36 - DEBUG transformer: init_declarator -> line 299
2026-10-06 12:48:16.040 | INFO     | transformer:__default__:36 - DEBUG transformer: init_declarator_list -> line 299
2026-10-06 12:48:16.040 | INFO     | transformer:__default__:36 - DEBUG transformer: declaration -> line 299
2026-10-06 12:48:16.040 | INFO     | transformer:__default__:36 - DEBUG transformer: int -> line 300
2026-10-06 12:48:16.040 | INFO     | transformer:__default__:36 - DEBUG transformer: type_specifier -> line 300
2026-10-06 12:48:16.040 | INFO     | transformer:__default__:36 - DEBUG transformer: declarator -> line 300
2026-10-06 12:48:16.040 | INFO     | transformer:__default__:36 - DEBUG transformer: div -> line 300
2026-10-06 12:48:16.040 | INFO     | transformer:__default__:36 - DEBUG transformer: multiplicative -> line 300
2026-10-06 12:48:16.040 | INFO     | transformer:__default__:36 - DEBUG transformer: init_declarator -> line 300
2026-10-06 12:48:16.040 | INFO     | transformer:__default__:36 - DEBUG transformer: init_declarator_list -> line 300
2026-10-06 12:48:16.040 | INFO     | transformer:__default__:36 - DEBUG transformer: declaration -> line 300
2026-10-06 12:48:16.040 | INFO     | transformer:__default__:36 - DEBUG transformer: int -> line 301
2026-10-06 12:48:16.041 | INFO     | transformer:__default__:36 - DEBUG transformer: type_specifier -> line 301
2026-10-06 12:48:16.041 | INFO     | transformer:__default__:36 - DEBUG transformer: declarator -> line 301
2026-10-06 12:48:16.041 | INFO     | transformer:__default__:36 - DEBUG transformer: init_declarator -> line 301
2026-10-06 12:48:16.041 | INFO     | transformer:__default__:36 - DEBUG transformer: init_declarator_list -> line 301
2026-10-06 12:48:16.041 | INFO     | transformer:__default__:36 - DEBUG transformer: declaration -> line 301
2026-10-06 12:48:16.041 | INFO     | transformer:__default__:36 - DEBUG transformer: lt -> line 301
2026-10-06 12:48:16.041 | INFO     | transformer:__default__:36 - DEBUG transformer: relational -> line 301
2026-10-06 12:48:16.041 | INFO     | transformer:__default__:36 - DEBUG transformer: post_inc -> line 301
2026-10-06 12:48:16.041 | INFO     | transformer:__default__:36 - DEBUG transformer: postfix -> line 301
2026-10-06 12:48:16.041 | INFO     | transformer:__default__:36 - DEBUG transformer: int -> line 303
2026-10-06 12:48:16.041 | INFO     | transformer:__default__:36 - DEBUG transformer: type_specifier -> line 303
2026-10-06 12:48:16.041 | INFO     | transformer:__default__:36 - DEBUG transformer: declarator -> line 303
2026-10-06 12:48:16.041 | INFO     | transformer:__default__:36 - DEBUG transformer: init_declarator -> line 303
2026-10-06 12:48:16.041 | INFO     | transformer:__default__:36 - DEBUG transformer: init_declarator_list -> line 303
2026-10-06 12:48:16.041 | INFO     | transformer:__default__:36 - DEBUG transformer: declaration -> line 303
2026-10-06 12:48:16.041 | INFO     | transformer:__default__:36 - DEBUG transformer: lt -> line 303
2026-10-06 12:48:16.041 | INFO     | transformer:__default__:36 - DEBUG transformer: relational -> line 303
2026-10-06 12:48:16.041 | INFO     | transformer:__default__:36 - DEBUG transformer: post_inc -> line 303
2026-10-06 12:48:16.041 | INFO     | transformer:__default__:36 - DEBUG transformer: postfix -> line 303
2026-10-06 12:48:16.041 | INFO     | transformer:__default__:36 - DEBUG transformer: int -> line 305
2026-10-06 12:48:16.041 | INFO     | transformer:__default__:36 - DEBUG transformer: type_specifier -> line 305
2026-10-06 12:48:16.041 | INFO     | transformer:__default__:36 - DEBUG transformer: declarator -> line 305
2026-10-06 12:48:16.041 | INFO     | transformer:__default__:36 - DEBUG transformer: plus -> line 305
2026-10-06 12:48:16.041 | INFO     | transformer:__default__:36 - DEBUG transformer: mult -> line 305
2026-10-06 12:48:16.041 | INFO     | transformer:__default__:36 - DEBUG transformer: multiplicative -> line 305
2026-10-06 12:48:16.041 | INFO     | transformer:__default__:36 - DEBUG transformer: plus -> line 305
2026-10-06 12:48:16.041 | INFO     | transformer:__default__:36 - DEBUG transformer: additive -> line 305
2026-10-06 12:48:16.041 | INFO     | transformer:__default__:36 - DEBUG transformer: init_declarator -> line 305
2026-10-06 12:48:16.041 | INFO     | transformer:__default__:36 - DEBUG transformer: init_declarator_list -> line 305
2026-10-06 12:48:16.041 | INFO     | transformer:__default__:36 - DEBUG transformer: declaration -> line 305
2026-10-06 12:48:16.041 | INFO     | transformer:__default__:36 - DEBUG transformer: int -> line 306
2026-10-06 12:48:16.041 | INFO     | transformer:__default__:36 - DEBUG transformer: type_specifier -> line 306
2026-10-06 12:48:16.041 | INFO     | transformer:__default__:36 - DEBUG transformer: declarator -> line 306
2026-10-06 12:48:16.041 | INFO     | transformer:__default__:36 - DEBUG transformer: plus -> line 306
2026-10-06 12:48:16.041 | INFO     | transformer:__default__:36 - DEBUG transformer: mult -> line 306
2026-10-06 12:48:16.041 | INFO     | transformer:__default__:36 - DEBUG transformer: multiplicative -> line 306
2026-10-06 12:48:16.042 | INFO     | transformer:__default__:36 - DEBUG transformer: plus -> line 306
2026-10-06 12:48:16.042 | INFO     | transformer:__default__:36 - DEBUG transformer: additive -> line 306
2026-10-06 12:48:16.042 | INFO     | transformer:__default__:36 - DEBUG transformer: init_declarator -> line 306
2026-10-06 12:48:16.042 | INFO     | transformer:__default__:36 - DEBUG transformer: init_declarator_list -> line 306
2026-10-06 12:48:16.042 | INFO     | transformer:__default__:36 - DEBUG transformer: declaration -> line 306
2026-10-06 12:48:16.042 | INFO     | transformer:__default__:36 - DEBUG transformer: int -> line 307
2026-10-06 12:48:16.042 | INFO     | transformer:__default__:36 - DEBUG transformer: type_specifier -> line 307
2026-10-06 12:48:16.042 | INFO     | transformer:__default__:36 - DEBUG transformer: declarator -> line 307
2026-10-06 12:48:16.042 | INFO     | transformer:__default__:36 - DEBUG transformer: mult -> line 307
2026-10-06 12:48:16.042 | INFO     | transformer:__default__:36 - DEBUG transformer: multiplicative -> line 307
2026-10-06 12:48:16.042 | INFO     | transformer:__default__:36 - DEBUG transformer: plus -> line 307
2026-10-06 12:48:16.042 | INFO     | transformer:__default__:36 - DEBUG transformer: additive -> line 307
2026-10-06 12:48:16.042 | INFO     | transformer:__default__:36 - DEBUG transformer: init_declarator -> line 307
2026-10-06 12:48:16.042 | INFO     | transformer:__default__:36 - DEBUG transformer: init_declarator_list -> line 307
2026-10-06 12:48:16.042 | INFO     | transformer:__default__:36 - DEBUG transformer: declaration -> line 307
2026-10-06 12:48:16.042 | INFO     | transformer:__default__:36 - DEBUG transformer: plus -> line 308
2026-10-06 12:48:16.042 | INFO     | transformer:__default__:36 - DEBUG transformer: additive -> line 308
2026-10-06 12:48:16.042 | INFO     | transformer:__default__:36 - DEBUG transformer: arg_list -> line 308
2026-10-06 12:48:16.042 | INFO     | transformer:__default__:36 - DEBUG transformer: call_suffix -> line 308
2026-10-06 12:48:16.042 | INFO     | transformer:__default__:36 - DEBUG transformer: postfix -> line 308
2026-10-06 12:48:16.042 | INFO     | transformer:__default__:36 - DEBUG transformer: expr_stmt -> line 308
2026-10-06 12:48:16.042 | INFO     | transformer:__default__:36 - DEBUG transformer: compound_stmt -> line 304
2026-10-06 12:48:16.042 | INFO     | transformer:__default__:36 - DEBUG transformer: for_stmt -> line 303
2026-10-06 12:48:16.042 | INFO     | transformer:__default__:36 - DEBUG transformer: compound_stmt -> line 302
2026-10-06 12:48:16.042 | INFO     | transformer:__default__:36 - DEBUG transformer: for_stmt -> line 301
2026-10-06 12:48:16.042 | INFO     | transformer:__default__:36 - DEBUG transformer: compound_stmt -> line 297
2026-10-06 12:48:16.042 | INFO     | transformer:__default__:36 - DEBUG transformer: for_stmt -> line 296
2026-10-06 12:48:16.042 | INFO     | transformer:__default__:36 - DEBUG transformer: compound_stmt -> line 295
2026-10-06 12:48:16.042 | INFO     | transformer:__default__:36 - DEBUG transformer: function_def -> line 295
2026-10-06 12:48:16.042 | INFO     | transformer:__default__:36 - DEBUG transformer: external_decl -> line 295
2026-10-06 12:48:16.042 | INFO     | transformer:__default__:36 - DEBUG transformer: void -> line 314
2026-10-06 12:48:16.042 | INFO     | transformer:__default__:36 - DEBUG transformer: type_specifier -> line 314
2026-10-06 12:48:16.042 | INFO     | transformer:__default__:36 - DEBUG transformer: declarator -> line 314
2026-10-06 12:48:16.042 | INFO     | transformer:__default__:36 - DEBUG transformer: int -> line 315
2026-10-06 12:48:16.042 | INFO     | transformer:__default__:36 - DEBUG transformer: type_specifier -> line 315
2026-10-06 12:48:16.042 | INFO     | transformer:__default__:36 - DEBUG transformer: declarator -> line 315
2026-10-06 12:48:16.042 | INFO     | transformer:__default__:36 - DEBUG transformer: init_declarator -> line 315
2026-10-06 12:48:16.042 | INFO     | transformer:__default__:36 - DEBUG transformer: init_declarator_list -> line 315
2026-10-06 12:48:16.042 | INFO     | transformer:__default__:36 - DEBUG transformer: declaration -> line 315
2026-10-06 12:48:16.042 | INFO     | transformer:__default__:36 - DEBUG transformer: lt -> line 316
2026-10-06 12:48:16.042 | INFO     | transformer:__default__:36 - DEBUG transformer: relational -> line 316
2026-10-06 12:48:16.043 | INFO     | transformer:__default__:36 - DEBUG transformer: arg_list -> line 318
2026-10-06 12:48:16.043 | INFO     | transformer:__default__:36 - DEBUG transformer: call_suffix -> line 318
2026-10-06 12:48:16.043 | INFO     | transformer:__default__:36 - DEBUG transformer: postfix -> line 318
2026-10-06 12:48:16.043 | INFO     | transformer:__default__:36 - DEBUG transformer: expr_stmt -> line 318
2026-10-06 12:48:16.043 | INFO     | transformer:__default__:36 - DEBUG transformer: arg_list -> line 319
2026-10-06 12:48:16.043 | INFO     | transformer:__default__:36 - DEBUG transformer: call_suffix -> line 319
2026-10-06 12:48:16.043 | INFO     | transformer:__default__:36 - DEBUG transformer: postfix -> line 319
2026-10-06 12:48:16.043 | INFO     | transformer:__default__:36 - DEBUG transformer: expr_stmt -> line 319
2026-10-06 12:48:16.043 | INFO     | transformer:__default__:36 - DEBUG transformer: rshift -> line 320
2026-10-06 12:48:16.043 | INFO     | transformer:__default__:36 - DEBUG transformer: shift -> line 320
2026-10-06 12:48:16.043 | INFO     | transformer:__default__:36 - DEBUG transformer: bit_and -> line 320
2026-10-06 12:48:16.043 | INFO     | transformer:__default__:36 - DEBUG transformer: arg_list -> line 320
2026-10-06 12:48:16.043 | INFO     | transformer:__default__:36 - DEBUG transformer: call_suffix -> line 320
2026-10-06 12:48:16.043 | INFO     | transformer:__default__:36 - DEBUG transformer: postfix -> line 320
2026-10-06 12:48:16.043 | INFO     | transformer:__default__:36 - DEBUG transformer: expr_stmt -> line 320
2026-10-06 12:48:16.043 | INFO     | transformer:__default__:36 - DEBUG transformer: rshift -> line 321
2026-10-06 12:48:16.043 | INFO     | transformer:__default__:36 - DEBUG transformer: shift -> line 321
2026-10-06 12:48:16.043 | INFO     | transformer:__default__:36 - DEBUG transformer: bit_and -> line 321
2026-10-06 12:48:16.043 | INFO     | transformer:__default__:36 - DEBUG transformer: arg_list -> line 321
2026-10-06 12:48:16.043 | INFO     | transformer:__default__:36 - DEBUG transformer: call_suffix -> line 321
2026-10-06 12:48:16.043 | INFO     | transformer:__default__:36 - DEBUG transformer: postfix -> line 321
2026-10-06 12:48:16.043 | INFO     | transformer:__default__:36 - DEBUG transformer: expr_stmt -> line 321
2026-10-06 12:48:16.043 | INFO     | transformer:__default__:36 - DEBUG transformer: arg_list -> line 322
2026-10-06 12:48:16.043 | INFO     | transformer:__default__:36 - DEBUG transformer: call_suffix -> line 322
2026-10-06 12:48:16.043 | INFO     | transformer:__default__:36 - DEBUG transformer: postfix -> line 322
2026-10-06 12:48:16.043 | INFO     | transformer:__default__:36 - DEBUG transformer: expr_stmt -> line 322
2026-10-06 12:48:16.043 | INFO     | transformer:__default__:36 - DEBUG transformer: arg_list -> line 327
2026-10-06 12:48:16.043 | INFO     | transformer:__default__:36 - DEBUG transformer: call_suffix -> line 327
2026-10-06 12:48:16.043 | INFO     | transformer:__default__:36 - DEBUG transformer: postfix -> line 327
2026-10-06 12:48:16.043 | INFO     | transformer:__default__:36 - DEBUG transformer: expr_stmt -> line 327
2026-10-06 12:48:16.043 | INFO     | transformer:__default__:36 - DEBUG transformer: arg_list -> line 328
2026-10-06 12:48:16.043 | INFO     | transformer:__default__:36 - DEBUG transformer: call_suffix -> line 328
2026-10-06 12:48:16.043 | INFO     | transformer:__default__:36 - DEBUG transformer: postfix -> line 328
2026-10-06 12:48:16.043 | INFO     | transformer:__default__:36 - DEBUG transformer: expr_stmt -> line 328
2026-10-06 12:48:16.043 | INFO     | transformer:__default__:36 - DEBUG transformer: plus -> line 329
2026-10-06 12:48:16.043 | INFO     | transformer:__default__:36 - DEBUG transformer: additive -> line 329
2026-10-06 12:48:16.043 | INFO     | transformer:__default__:36 - DEBUG transformer: assignment -> line 329
2026-10-06 12:48:16.044 | INFO     | transformer:__default__:36 - DEBUG transformer: expr_stmt -> line 329
2026-10-06 12:48:16.044 | INFO     | transformer:__default__:36 - DEBUG transformer: compound_stmt -> line 317
2026-10-06 12:48:16.044 | INFO     | transformer:__default__:36 - DEBUG transformer: while_stmt -> line 316
2026-10-06 12:48:16.044 | INFO     | transformer:__default__:36 - DEBUG transformer: return_stmt -> line 331
2026-10-06 12:48:16.044 | INFO     | transformer:__default__:36 - DEBUG transformer: compound_stmt -> line 314
2026-10-06 12:48:16.044 | INFO     | transformer:__default__:36 - DEBUG transformer: function_def -> line 314
2026-10-06 12:48:16.044 | INFO     | transformer:__default__:36 - DEBUG transformer: external_decl -> line 314
2026-10-06 12:48:16.044 | INFO     | transformer:__default__:36 - DEBUG transformer: int -> line 333
2026-10-06 12:48:16.044 | INFO     | transformer:__default__:36 - DEBUG transformer: type_specifier -> line 333
2026-10-06 12:48:16.044 | INFO     | transformer:__default__:36 - DEBUG transformer: declarator -> line 333
2026-10-06 12:48:16.044 | INFO     | transformer:__default__:36 - DEBUG transformer: int -> line 333
2026-10-06 12:48:16.044 | INFO     | transformer:__default__:36 - DEBUG transformer: type_specifier -> line 333
2026-10-06 12:48:16.044 | INFO     | transformer:__default__:36 - DEBUG transformer: declarator -> line 333
2026-10-06 12:48:16.044 | INFO     | transformer:__default__:36 - DEBUG transformer: param -> line 333
2026-10-06 12:48:16.044 | INFO     | transformer:__default__:36 - DEBUG transformer: param_list -> line 333
2026-10-06 12:48:16.044 | INFO     | transformer:__default__:36 - DEBUG transformer: int -> line 335
2026-10-06 12:48:16.044 | INFO     | transformer:__default__:36 - DEBUG transformer: type_specifier -> line 335
2026-10-06 12:48:16.044 | INFO     | transformer:__default__:36 - DEBUG transformer: declarator -> line 335
2026-10-06 12:48:16.044 | INFO     | transformer:__default__:36 - DEBUG transformer: plus -> line 335
2026-10-06 12:48:16.044 | INFO     | transformer:__default__:36 - DEBUG transformer: additive -> line 335
2026-10-06 12:48:16.044 | INFO     | transformer:__default__:36 - DEBUG transformer: arg_list -> line 335
2026-10-06 12:48:16.044 | INFO     | transformer:__default__:36 - DEBUG transformer: call_suffix -> line 335
2026-10-06 12:48:16.044 | INFO     | transformer:__default__:36 - DEBUG transformer: postfix -> line 335
2026-10-06 12:48:16.044 | INFO     | transformer:__default__:36 - DEBUG transformer: bit_and -> line 335
2026-10-06 12:48:16.044 | INFO     | transformer:__default__:36 - DEBUG transformer: init_declarator -> line 335
2026-10-06 12:48:16.044 | INFO     | transformer:__default__:36 - DEBUG transformer: init_declarator_list -> line 335
2026-10-06 12:48:16.044 | INFO     | transformer:__default__:36 - DEBUG transformer: declaration -> line 335
2026-10-06 12:48:16.044 | INFO     | transformer:__default__:36 - DEBUG transformer: int -> line 336
2026-10-06 12:48:16.044 | INFO     | transformer:__default__:36 - DEBUG transformer: type_specifier -> line 336
2026-10-06 12:48:16.044 | INFO     | transformer:__default__:36 - DEBUG transformer: declarator -> line 336
2026-10-06 12:48:16.044 | INFO     | transformer:__default__:36 - DEBUG transformer: plus -> line 336
2026-10-06 12:48:16.044 | INFO     | transformer:__default__:36 - DEBUG transformer: additive -> line 336
2026-10-06 12:48:16.044 | INFO     | transformer:__default__:36 - DEBUG transformer: arg_list -> line 336
2026-10-06 12:48:16.044 | INFO     | transformer:__default__:36 - DEBUG transformer: call_suffix -> line 336
2026-10-06 12:48:16.044 | INFO     | transformer:__default__:36 - DEBUG transformer: postfix -> line 336
2026-10-06 12:48:16.044 | INFO     | transformer:__default__:36 - DEBUG transformer: bit_and -> line 336
2026-10-06 12:48:16.044 | INFO     | transformer:__default__:36 - DEBUG transformer: init_declarator -> line 336
2026-10-06 12:48:16.044 | INFO     | transformer:__default__:36 - DEBUG transformer: init_declarator_list -> line 336
2026-10-06 12:48:16.044 | INFO     | transformer:__default__:36 - DEBUG transformer: declaration -> line 336
2026-10-06 12:48:16.044 | INFO     | transformer:__default__:36 - DEBUG transformer: int -> line 337
2026-10-06 12:48:16.044 | INFO     | transformer:__default__:36 - DEBUG transformer: type_specifier -> line 337
2026-10-06 12:48:16.045 | INFO     | transformer:__default__:36 - DEBUG transformer: declarator -> line 337
2026-10-06 12:48:16.045 | INFO     | transformer:__default__:36 - DEBUG transformer: plus -> line 337
2026-10-06 12:48:16.045 | INFO     | transformer:__default__:36 - DEBUG transformer: additive -> line 337
2026-10-06 12:48:16.045 | INFO     | transformer:__default__:36 - DEBUG transformer: arg_list -> line 337
2026-10-06 12:48:16.045 | INFO     | transformer:__default__:36 - DEBUG transformer: call_suffix -> line 337
2026-10-06 12:48:16.045 | INFO     | transformer:__default__:36 - DEBUG transformer: postfix -> line 337
2026-10-06 12:48:16.045 | INFO     | transformer:__default__:36 - DEBUG transformer: bit_and -> line 337
2026-10-06 12:48:16.045 | INFO     | transformer:__default__:36 - DEBUG transformer: init_declarator -> line 337
2026-10-06 12:48:16.045 | INFO     | transformer:__default__:36 - DEBUG transformer: init_declarator_list -> line 337
2026-10-06 12:48:16.045 | INFO     | transformer:__default__:36 - DEBUG transformer: declaration -> line 337
2026-10-06 12:48:16.045 | INFO     | transformer:__default__:36 - DEBUG transformer: int -> line 338
2026-10-06 12:48:16.045 | INFO     | transformer:__default__:36 - DEBUG transformer: type_specifier -> line 338
2026-10-06 12:48:16.045 | INFO     | transformer:__default__:36 - DEBUG transformer: declarator -> line 338
2026-10-06 12:48:16.045 | INFO     | transformer:__default__:36 - DEBUG transformer: plus -> line 338
2026-10-06 12:48:16.045 | INFO     | transformer:__default__:36 - DEBUG transformer: additive -> line 338
2026-10-06 12:48:16.045 | INFO     | transformer:__default__:36 - DEBUG transformer: arg_list -> line 338
2026-10-06 12:48:16.045 | INFO     | transformer:__default__:36 - DEBUG transformer: call_suffix -> line 338
2026-10-06 12:48:16.045 | INFO     | transformer:__default__:36 - DEBUG transformer: postfix -> line 338
2026-10-06 12:48:16.045 | INFO     | transformer:__default__:36 - DEBUG transformer: bit_and -> line 338
2026-10-06 12:48:16.045 | INFO     | transformer:__default__:36 - DEBUG transformer: init_declarator -> line 338
2026-10-06 12:48:16.045 | INFO     | transformer:__default__:36 - DEBUG transformer: init_declarator_list -> line 338
2026-10-06 12:48:16.045 | INFO     | transformer:__default__:36 - DEBUG transformer: declaration -> line 338
2026-10-06 12:48:16.045 | INFO     | transformer:__default__:36 - DEBUG transformer: int -> line 339
2026-10-06 12:48:16.045 | INFO     | transformer:__default__:36 - DEBUG transformer: type_specifier -> line 339
2026-10-06 12:48:16.045 | INFO     | transformer:__default__:36 - DEBUG transformer: declarator -> line 339
2026-10-06 12:48:16.045 | INFO     | transformer:__default__:36 - DEBUG transformer: lshift -> line 339
2026-10-06 12:48:16.045 | INFO     | transformer:__default__:36 - DEBUG transformer: shift -> line 339
2026-10-06 12:48:16.045 | INFO     | transformer:__default__:36 - DEBUG transformer: init_declarator -> line 339
2026-10-06 12:48:16.045 | INFO     | transformer:__default__:36 - DEBUG transformer: init_declarator_list -> line 339
2026-10-06 12:48:16.045 | INFO     | transformer:__default__:36 - DEBUG transformer: declaration -> line 339
2026-10-06 12:48:16.045 | INFO     | transformer:__default__:36 - DEBUG transformer: lshift -> line 340
2026-10-06 12:48:16.045 | INFO     | transformer:__default__:36 - DEBUG transformer: shift -> line 340
2026-10-06 12:48:16.045 | INFO     | transformer:__default__:36 - DEBUG transformer: bit_or -> line 340
2026-10-06 12:48:16.045 | INFO     | transformer:__default__:36 - DEBUG transformer: assignment -> line 340
2026-10-06 12:48:16.045 | INFO     | transformer:__default__:36 - DEBUG transformer: expr_stmt -> line 340
2026-10-06 12:48:16.045 | INFO     | transformer:__default__:36 - DEBUG transformer: lshift -> line 341
2026-10-06 12:48:16.045 | INFO     | transformer:__default__:36 - DEBUG transformer: shift -> line 341
2026-10-06 12:48:16.045 | INFO     | transformer:__default__:36 - DEBUG transformer: bit_or -> line 341
2026-10-06 12:48:16.045 | INFO     | transformer:__default__:36 - DEBUG transformer: assignment -> line 341
2026-10-06 12:48:16.046 | INFO     | transformer:__default__:36 - DEBUG transformer: expr_stmt -> line 341
2026-10-06 12:48:16.046 | INFO     | transformer:__default__:36 - DEBUG transformer: bit_or -> line 342
2026-10-06 12:48:16.046 | INFO     | transformer:__default__:36 - DEBUG transformer: assignment -> line 342
2026-10-06 12:48:16.046 | INFO     | transformer:__default__:36 - DEBUG transformer: expr_stmt -> line 342
2026-10-06 12:48:16.046 | INFO     | transformer:__default__:36 - DEBUG transformer: return_stmt -> line 343
2026-10-06 12:48:16.046 | INFO     | transformer:__default__:36 - DEBUG transformer: compound_stmt -> line 334
2026-10-06 12:48:16.046 | INFO     | transformer:__default__:36 - DEBUG transformer: function_def -> line 333
2026-10-06 12:48:16.046 | INFO     | transformer:__default__:36 - DEBUG transformer: external_decl -> line 333
2026-10-06 12:48:16.046 | INFO     | transformer:__default__:36 - DEBUG transformer: void -> line 346
2026-10-06 12:48:16.046 | INFO     | transformer:__default__:36 - DEBUG transformer: type_specifier -> line 346
2026-10-06 12:48:16.046 | INFO     | transformer:__default__:36 - DEBUG transformer: declarator -> line 346
2026-10-06 12:48:16.046 | INFO     | transformer:__default__:36 - DEBUG transformer: int -> line 346
2026-10-06 12:48:16.046 | INFO     | transformer:__default__:36 - DEBUG transformer: type_specifier -> line 346
2026-10-06 12:48:16.046 | INFO     | transformer:__default__:36 - DEBUG transformer: declarator -> line 346
2026-10-06 12:48:16.046 | INFO     | transformer:__default__:36 - DEBUG transformer: param -> line 346
2026-10-06 12:48:16.046 | INFO     | transformer:__default__:36 - DEBUG transformer: int -> line 346
2026-10-06 12:48:16.046 | INFO     | transformer:__default__:36 - DEBUG transformer: type_specifier -> line 346
2026-10-06 12:48:16.046 | INFO     | transformer:__default__:36 - DEBUG transformer: declarator -> line 346
2026-10-06 12:48:16.046 | INFO     | transformer:__default__:36 - DEBUG transformer: param -> line 346
2026-10-06 12:48:16.046 | INFO     | transformer:__default__:36 - DEBUG transformer: param_list -> line 346
2026-10-06 12:48:16.046 | INFO     | transformer:__default__:36 - DEBUG transformer: plus -> line 348
2026-10-06 12:48:16.046 | INFO     | transformer:__default__:36 - DEBUG transformer: additive -> line 348
2026-10-06 12:48:16.046 | INFO     | transformer:__default__:36 - DEBUG transformer: rshift -> line 348
2026-10-06 12:48:16.046 | INFO     | transformer:__default__:36 - DEBUG transformer: shift -> line 348
2026-10-06 12:48:16.046 | INFO     | transformer:__default__:36 - DEBUG transformer: bit_and -> line 348
2026-10-06 12:48:16.046 | INFO     | transformer:__default__:36 - DEBUG transformer: arg_list -> line 348
2026-10-06 12:48:16.046 | INFO     | transformer:__default__:36 - DEBUG transformer: call_suffix -> line 348
2026-10-06 12:48:16.046 | INFO     | transformer:__default__:36 - DEBUG transformer: postfix -> line 348
2026-10-06 12:48:16.046 | INFO     | transformer:__default__:36 - DEBUG transformer: expr_stmt -> line 348
2026-10-06 12:48:16.046 | INFO     | transformer:__default__:36 - DEBUG transformer: plus -> line 349
2026-10-06 12:48:16.046 | INFO     | transformer:__default__:36 - DEBUG transformer: additive -> line 349
2026-10-06 12:48:16.046 | INFO     | transformer:__default__:36 - DEBUG transformer: rshift -> line 349
2026-10-06 12:48:16.046 | INFO     | transformer:__default__:36 - DEBUG transformer: shift -> line 349
2026-10-06 12:48:16.046 | INFO     | transformer:__default__:36 - DEBUG transformer: bit_and -> line 349
2026-10-06 12:48:16.046 | INFO     | transformer:__default__:36 - DEBUG transformer: arg_list -> line 349
2026-10-06 12:48:16.046 | INFO     | transformer:__default__:36 - DEBUG transformer: call_suffix -> line 349
2026-10-06 12:48:16.046 | INFO     | transformer:__default__:36 - DEBUG transformer: postfix -> line 349
2026-10-06 12:48:16.046 | INFO     | transformer:__default__:36 - DEBUG transformer: expr_stmt -> line 349
2026-10-06 12:48:16.046 | INFO     | transformer:__default__:36 - DEBUG transformer: plus -> line 350
2026-10-06 12:48:16.047 | INFO     | transformer:__default__:36 - DEBUG transformer: additive -> line 350
2026-10-06 12:48:16.047 | INFO     | transformer:__default__:36 - DEBUG transformer: rshift -> line 350
2026-10-06 12:48:16.047 | INFO     | transformer:__default__:36 - DEBUG transformer: shift -> line 350
2026-10-06 12:48:16.047 | INFO     | transformer:__default__:36 - DEBUG transformer: bit_and -> line 350
2026-10-06 12:48:16.047 | INFO     | transformer:__default__:36 - DEBUG transformer: arg_list -> line 350
2026-10-06 12:48:16.047 | INFO     | transformer:__default__:36 - DEBUG transformer: call_suffix -> line 350
2026-10-06 12:48:16.047 | INFO     | transformer:__default__:36 - DEBUG transformer: postfix -> line 350
2026-10-06 12:48:16.047 | INFO     | transformer:__default__:36 - DEBUG transformer: expr_stmt -> line 350
2026-10-06 12:48:16.047 | INFO     | transformer:__default__:36 - DEBUG transformer: plus -> line 351
2026-10-06 12:48:16.047 | INFO     | transformer:__default__:36 - DEBUG transformer: additive -> line 351
2026-10-06 12:48:16.047 | INFO     | transformer:__default__:36 - DEBUG transformer: bit_and -> line 351
2026-10-06 12:48:16.047 | INFO     | transformer:__default__:36 - DEBUG transformer: arg_list -> line 351
2026-10-06 12:48:16.047 | INFO     | transformer:__default__:36 - DEBUG transformer: call_suffix -> line 351
2026-10-06 12:48:16.047 | INFO     | transformer:__default__:36 - DEBUG transformer: postfix -> line 351
2026-10-06 12:48:16.047 | INFO     | transformer:__default__:36 - DEBUG transformer: expr_stmt -> line 351
2026-10-06 12:48:16.047 | INFO     | transformer:__default__:36 - DEBUG transformer: compound_stmt -> line 347
2026-10-06 12:48:16.047 | INFO     | transformer:__default__:36 - DEBUG transformer: function_def -> line 346
2026-10-06 12:48:16.047 | INFO     | transformer:__default__:36 - DEBUG transformer: external_decl -> line 346
2026-10-06 12:48:16.047 | INFO     | transformer:__default__:36 - DEBUG transformer: void -> line 354
2026-10-06 12:48:16.047 | INFO     | transformer:__default__:36 - DEBUG transformer: type_specifier -> line 354
2026-10-06 12:48:16.047 | INFO     | transformer:__default__:36 - DEBUG transformer: declarator -> line 354
2026-10-06 12:48:16.047 | INFO     | transformer:__default__:36 - DEBUG transformer: int -> line 354
2026-10-06 12:48:16.047 | INFO     | transformer:__default__:36 - DEBUG transformer: type_specifier -> line 354
2026-10-06 12:48:16.047 | INFO     | transformer:__default__:36 - DEBUG transformer: declarator -> line 354
2026-10-06 12:48:16.047 | INFO     | transformer:__default__:36 - DEBUG transformer: param -> line 354
2026-10-06 12:48:16.047 | INFO     | transformer:__default__:36 - DEBUG transformer: char -> line 354
2026-10-06 12:48:16.047 | INFO     | transformer:__default__:36 - DEBUG transformer: pointer -> line 354
2026-10-06 12:48:16.047 | INFO     | transformer:__default__:36 - DEBUG transformer: type_specifier -> line 354
2026-10-06 12:48:16.047 | INFO     | transformer:__default__:36 - DEBUG transformer: declarator -> line 354
2026-10-06 12:48:16.047 | INFO     | transformer:__default__:36 - DEBUG transformer: param -> line 354
2026-10-06 12:48:16.047 | INFO     | transformer:__default__:36 - DEBUG transformer: param_list -> line 354
2026-10-06 12:48:16.047 | INFO     | transformer:__default__:36 - DEBUG transformer: arg_list -> line 356
2026-10-06 12:48:16.047 | INFO     | transformer:__default__:36 - DEBUG transformer: call_suffix -> line 356
2026-10-06 12:48:16.047 | INFO     | transformer:__default__:36 - DEBUG transformer: postfix -> line 356
2026-10-06 12:48:16.047 | INFO     | transformer:__default__:36 - DEBUG transformer: expr_stmt -> line 356
2026-10-06 12:48:16.047 | INFO     | transformer:__default__:36 - DEBUG transformer: int -> line 357
2026-10-06 12:48:16.047 | INFO     | transformer:__default__:36 - DEBUG transformer: type_specifier -> line 357
2026-10-06 12:48:16.047 | INFO     | transformer:__default__:36 - DEBUG transformer: cast -> line 357
2026-10-06 12:48:16.048 | INFO     | transformer:__default__:36 - DEBUG transformer: arg_list -> line 357
2026-10-06 12:48:16.048 | INFO     | transformer:__default__:36 - DEBUG transformer: call_suffix -> line 357
2026-10-06 12:48:16.048 | INFO     | transformer:__default__:36 - DEBUG transformer: postfix -> line 357
2026-10-06 12:48:16.048 | INFO     | transformer:__default__:36 - DEBUG transformer: expr_stmt -> line 357
2026-10-06 12:48:16.048 | INFO     | transformer:__default__:36 - DEBUG transformer: arg_list -> line 358
2026-10-06 12:48:16.048 | INFO     | transformer:__default__:36 - DEBUG transformer: call_suffix -> line 358
2026-10-06 12:48:16.048 | INFO     | transformer:__default__:36 - DEBUG transformer: postfix -> line 358
2026-10-06 12:48:16.048 | INFO     | transformer:__default__:36 - DEBUG transformer: expr_stmt -> line 358
2026-10-06 12:48:16.048 | INFO     | transformer:__default__:36 - DEBUG transformer: arg_list -> line 359
2026-10-06 12:48:16.048 | INFO     | transformer:__default__:36 - DEBUG transformer: call_suffix -> line 359
2026-10-06 12:48:16.048 | INFO     | transformer:__default__:36 - DEBUG transformer: postfix -> line 359
2026-10-06 12:48:16.048 | INFO     | transformer:__default__:36 - DEBUG transformer: expr_stmt -> line 359
2026-10-06 12:48:16.048 | INFO     | transformer:__default__:36 - DEBUG transformer: return_stmt -> line 365
2026-10-06 12:48:16.048 | INFO     | transformer:__default__:36 - DEBUG transformer: compound_stmt -> line 355
2026-10-06 12:48:16.048 | INFO     | transformer:__default__:36 - DEBUG transformer: function_def -> line 354
2026-10-06 12:48:16.048 | INFO     | transformer:__default__:36 - DEBUG transformer: external_decl -> line 354
2026-10-06 12:48:16.048 | INFO     | transformer:__default__:36 - DEBUG transformer: void -> line 368
2026-10-06 12:48:16.048 | INFO     | transformer:__default__:36 - DEBUG transformer: type_specifier -> line 368
2026-10-06 12:48:16.048 | INFO     | transformer:__default__:36 - DEBUG transformer: declarator -> line 368
2026-10-06 12:48:16.048 | INFO     | transformer:__default__:36 - DEBUG transformer: int -> line 368
2026-10-06 12:48:16.048 | INFO     | transformer:__default__:36 - DEBUG transformer: type_specifier -> line 368
2026-10-06 12:48:16.048 | INFO     | transformer:__default__:36 - DEBUG transformer: declarator -> line 368
2026-10-06 12:48:16.048 | INFO     | transformer:__default__:36 - DEBUG transformer: param -> line 368
2026-10-06 12:48:16.048 | INFO     | transformer:__default__:36 - DEBUG transformer: char -> line 368
2026-10-06 12:48:16.048 | INFO     | transformer:__default__:36 - DEBUG transformer: pointer -> line 368
2026-10-06 12:48:16.048 | INFO     | transformer:__default__:36 - DEBUG transformer: type_specifier -> line 368
2026-10-06 12:48:16.048 | INFO     | transformer:__default__:36 - DEBUG transformer: declarator -> line 368
2026-10-06 12:48:16.048 | INFO     | transformer:__default__:36 - DEBUG transformer: param -> line 368
2026-10-06 12:48:16.048 | INFO     | transformer:__default__:36 - DEBUG transformer: param_list -> line 368
2026-10-06 12:48:16.048 | INFO     | transformer:__default__:36 - DEBUG transformer: arg_list -> line 370
2026-10-06 12:48:16.048 | INFO     | transformer:__default__:36 - DEBUG transformer: call_suffix -> line 370
2026-10-06 12:48:16.048 | INFO     | transformer:__default__:36 - DEBUG transformer: postfix -> line 370
2026-10-06 12:48:16.048 | INFO     | transformer:__default__:36 - DEBUG transformer: expr_stmt -> line 370
2026-10-06 12:48:16.048 | INFO     | transformer:__default__:36 - DEBUG transformer: int -> line 371
2026-10-06 12:48:16.048 | INFO     | transformer:__default__:36 - DEBUG transformer: type_specifier -> line 371
2026-10-06 12:48:16.048 | INFO     | transformer:__default__:36 - DEBUG transformer: cast -> line 371
2026-10-06 12:48:16.048 | INFO     | transformer:__default__:36 - DEBUG transformer: arg_list -> line 371
2026-10-06 12:48:16.048 | INFO     | transformer:__default__:36 - DEBUG transformer: call_suffix -> line 371
2026-10-06 12:48:16.048 | INFO     | transformer:__default__:36 - DEBUG transformer: postfix -> line 371
2026-10-06 12:48:16.048 | INFO     | transformer:__default__:36 - DEBUG transformer: expr_stmt -> line 371
2026-10-06 12:48:16.049 | INFO     | transformer:__default__:36 - DEBUG transformer: arg_list -> line 372
2026-10-06 12:48:16.049 | INFO     | transformer:__default__:36 - DEBUG transformer: call_suffix -> line 372
2026-10-06 12:48:16.049 | INFO     | transformer:__default__:36 - DEBUG transformer: postfix -> line 372
2026-10-06 12:48:16.049 | INFO     | transformer:__default__:36 - DEBUG transformer: expr_stmt -> line 372
2026-10-06 12:48:16.049 | INFO     | transformer:__default__:36 - DEBUG transformer: arg_list -> line 373
2026-10-06 12:48:16.049 | INFO     | transformer:__default__:36 - DEBUG transformer: call_suffix -> line 373
2026-10-06 12:48:16.049 | INFO     | transformer:__default__:36 - DEBUG transformer: postfix -> line 373
2026-10-06 12:48:16.049 | INFO     | transformer:__default__:36 - DEBUG transformer: expr_stmt -> line 373
2026-10-06 12:48:16.049 | INFO     | transformer:__default__:36 - DEBUG transformer: return_stmt -> line 375
2026-10-06 12:48:16.049 | INFO     | transformer:__default__:36 - DEBUG transformer: compound_stmt -> line 369
2026-10-06 12:48:16.049 | INFO     | transformer:__default__:36 - DEBUG transformer: function_def -> line 368
2026-10-06 12:48:16.049 | INFO     | transformer:__default__:36 - DEBUG transformer: external_decl -> line 368
2026-10-06 12:48:16.049 | INFO     | transformer:__default__:36 - DEBUG transformer: int -> line 377
2026-10-06 12:48:16.049 | INFO     | transformer:__default__:36 - DEBUG transformer: type_specifier -> line 377
2026-10-06 12:48:16.049 | INFO     | transformer:__default__:36 - DEBUG transformer: declarator -> line 377
2026-10-06 12:48:16.049 | INFO     | transformer:__default__:36 - DEBUG transformer: char -> line 377
2026-10-06 12:48:16.049 | INFO     | transformer:__default__:36 - DEBUG transformer: pointer -> line 377
2026-10-06 12:48:16.049 | INFO     | transformer:__default__:36 - DEBUG transformer: type_specifier -> line 377
2026-10-06 12:48:16.049 | INFO     | transformer:__default__:36 - DEBUG transformer: declarator -> line 377
2026-10-06 12:48:16.049 | INFO     | transformer:__default__:36 - DEBUG transformer: param -> line 377
2026-10-06 12:48:16.049 | INFO     | transformer:__default__:36 - DEBUG transformer: param_list -> line 377
2026-10-06 12:48:16.049 | INFO     | transformer:__default__:36 - DEBUG transformer: not -> line 379
2026-10-06 12:48:16.049 | INFO     | transformer:__default__:36 - DEBUG transformer: unary -> line 379
2026-10-06 12:48:16.049 | INFO     | transformer:__default__:36 - DEBUG transformer: return_stmt -> line 381
2026-10-06 12:48:16.049 | INFO     | transformer:__default__:36 - DEBUG transformer: compound_stmt -> line 380
2026-10-06 12:48:16.049 | INFO     | transformer:__default__:36 - DEBUG transformer: if_stmt -> line 379
2026-10-06 12:48:16.049 | INFO     | transformer:__default__:36 - DEBUG transformer: int -> line 384
2026-10-06 12:48:16.049 | INFO     | transformer:__default__:36 - DEBUG transformer: type_specifier -> line 384
2026-10-06 12:48:16.049 | INFO     | transformer:__default__:36 - DEBUG transformer: declarator -> line 384
2026-10-06 12:48:16.049 | INFO     | transformer:__default__:36 - DEBUG transformer: init_declarator -> line 384
2026-10-06 12:48:16.049 | INFO     | transformer:__default__:36 - DEBUG transformer: init_declarator_list -> line 384
2026-10-06 12:48:16.049 | INFO     | transformer:__default__:36 - DEBUG transformer: declaration -> line 384
2026-10-06 12:48:16.049 | INFO     | transformer:__default__:36 - DEBUG transformer: array_index -> line 385
2026-10-06 12:48:16.049 | INFO     | transformer:__default__:36 - DEBUG transformer: postfix -> line 385
2026-10-06 12:48:16.049 | INFO     | transformer:__default__:36 - DEBUG transformer: neq -> line 385
2026-10-06 12:48:16.049 | INFO     | transformer:__default__:36 - DEBUG transformer: equality -> line 385
2026-10-06 12:48:16.049 | INFO     | transformer:__default__:36 - DEBUG transformer: plus -> line 387
2026-10-06 12:48:16.049 | INFO     | transformer:__default__:36 - DEBUG transformer: additive -> line 387
2026-10-06 12:48:16.049 | INFO     | transformer:__default__:36 - DEBUG transformer: assignment -> line 387
2026-10-06 12:48:16.049 | INFO     | transformer:__default__:36 - DEBUG transformer: expr_stmt -> line 387
2026-10-06 12:48:16.050 | INFO     | transformer:__default__:36 - DEBUG transformer: compound_stmt -> line 386
2026-10-06 12:48:16.050 | INFO     | transformer:__default__:36 - DEBUG transformer: while_stmt -> line 385
2026-10-06 12:48:16.050 | INFO     | transformer:__default__:36 - DEBUG transformer: return_stmt -> line 389
2026-10-06 12:48:16.050 | INFO     | transformer:__default__:36 - DEBUG transformer: compound_stmt -> line 378
2026-10-06 12:48:16.050 | INFO     | transformer:__default__:36 - DEBUG transformer: function_def -> line 377
2026-10-06 12:48:16.050 | INFO     | transformer:__default__:36 - DEBUG transformer: external_decl -> line 377
2026-10-06 12:48:16.050 | INFO     | transformer:__default__:36 - DEBUG transformer: int -> line 392
2026-10-06 12:48:16.050 | INFO     | transformer:__default__:36 - DEBUG transformer: type_specifier -> line 392
2026-10-06 12:48:16.050 | INFO     | transformer:__default__:36 - DEBUG transformer: declarator -> line 392
2026-10-06 12:48:16.050 | INFO     | transformer:__default__:36 - DEBUG transformer: char -> line 392
2026-10-06 12:48:16.050 | INFO     | transformer:__default__:36 - DEBUG transformer: pointer -> line 392
2026-10-06 12:48:16.050 | INFO     | transformer:__default__:36 - DEBUG transformer: type_specifier -> line 392
2026-10-06 12:48:16.050 | INFO     | transformer:__default__:36 - DEBUG transformer: declarator -> line 392
2026-10-06 12:48:16.050 | INFO     | transformer:__default__:36 - DEBUG transformer: param -> line 392
2026-10-06 12:48:16.050 | INFO     | transformer:__default__:36 - DEBUG transformer: char -> line 392
2026-10-06 12:48:16.050 | INFO     | transformer:__default__:36 - DEBUG transformer: pointer -> line 392
2026-10-06 12:48:16.050 | INFO     | transformer:__default__:36 - DEBUG transformer: type_specifier -> line 392
2026-10-06 12:48:16.050 | INFO     | transformer:__default__:36 - DEBUG transformer: declarator -> line 392
2026-10-06 12:48:16.050 | INFO     | transformer:__default__:36 - DEBUG transformer: param -> line 392
2026-10-06 12:48:16.050 | INFO     | transformer:__default__:36 - DEBUG transformer: param_list -> line 392
2026-10-06 12:48:16.050 | INFO     | transformer:__default__:36 - DEBUG transformer: int -> line 394
2026-10-06 12:48:16.050 | INFO     | transformer:__default__:36 - DEBUG transformer: type_specifier -> line 394
2026-10-06 12:48:16.050 | INFO     | transformer:__default__:36 - DEBUG transformer: declarator -> line 394
2026-10-06 12:48:16.050 | INFO     | transformer:__default__:36 - DEBUG transformer: init_declarator -> line 394
2026-10-06 12:48:16.050 | INFO     | transformer:__default__:36 - DEBUG transformer: init_declarator_list -> line 394
2026-10-06 12:48:16.050 | INFO     | transformer:__default__:36 - DEBUG transformer: declaration -> line 394
2026-10-06 12:48:16.050 | INFO     | transformer:__default__:36 - DEBUG transformer: array_index -> line 395
2026-10-06 12:48:16.050 | INFO     | transformer:__default__:36 - DEBUG transformer: postfix -> line 395
2026-10-06 12:48:16.050 | INFO     | transformer:__default__:36 - DEBUG transformer: array_index -> line 395
2026-10-06 12:48:16.050 | INFO     | transformer:__default__:36 - DEBUG transformer: postfix -> line 395
2026-10-06 12:48:16.050 | INFO     | transformer:__default__:36 - DEBUG transformer: logic_and -> line 395
2026-10-06 12:48:16.050 | INFO     | transformer:__default__:36 - DEBUG transformer: array_index -> line 397
2026-10-06 12:48:16.050 | INFO     | transformer:__default__:36 - DEBUG transformer: postfix -> line 397
2026-10-06 12:48:16.050 | INFO     | transformer:__default__:36 - DEBUG transformer: neq -> line 397
2026-10-06 12:48:16.050 | INFO     | transformer:__default__:36 - DEBUG transformer: array_index -> line 397
2026-10-06 12:48:16.050 | INFO     | transformer:__default__:36 - DEBUG transformer: postfix -> line 397
2026-10-06 12:48:16.050 | INFO     | transformer:__default__:36 - DEBUG transformer: equality -> line 397
2026-10-06 12:48:16.050 | INFO     | transformer:__default__:36 - DEBUG transformer: array_index -> line 399
2026-10-06 12:48:16.050 | INFO     | transformer:__default__:36 - DEBUG transformer: postfix -> line 399
2026-10-06 12:48:16.051 | INFO     | transformer:__default__:36 - DEBUG transformer: bit_and -> line 399
2026-10-06 12:48:16.051 | INFO     | transformer:__default__:36 - DEBUG transformer: minus -> line 399
2026-10-06 12:48:16.051 | INFO     | transformer:__default__:36 - DEBUG transformer: array_index -> line 399
2026-10-06 12:48:16.051 | INFO     | transformer:__default__:36 - DEBUG transformer: postfix -> line 399
2026-10-06 12:48:16.051 | INFO     | transformer:__default__:36 - DEBUG transformer: bit_and -> line 399
2026-10-06 12:48:16.051 | INFO     | transformer:__default__:36 - DEBUG transformer: additive -> line 399
2026-10-06 12:48:16.051 | INFO     | transformer:__default__:36 - DEBUG transformer: return_stmt -> line 399
2026-10-06 12:48:16.051 | INFO     | transformer:__default__:36 - DEBUG transformer: compound_stmt -> line 398
2026-10-06 12:48:16.051 | INFO     | transformer:__default__:36 - DEBUG transformer: if_stmt -> line 397
2026-10-06 12:48:16.051 | INFO     | transformer:__default__:36 - DEBUG transformer: plus -> line 401
2026-10-06 12:48:16.051 | INFO     | transformer:__default__:36 - DEBUG transformer: additive -> line 401
2026-10-06 12:48:16.051 | INFO     | transformer:__default__:36 - DEBUG transformer: assignment -> line 401
2026-10-06 12:48:16.051 | INFO     | transformer:__default__:36 - DEBUG transformer: expr_stmt -> line 401
2026-10-06 12:48:16.051 | INFO     | transformer:__default__:36 - DEBUG transformer: compound_stmt -> line 396
2026-10-06 12:48:16.051 | INFO     | transformer:__default__:36 - DEBUG transformer: while_stmt -> line 395
2026-10-06 12:48:16.051 | INFO     | transformer:__default__:36 - DEBUG transformer: array_index -> line 403
2026-10-06 12:48:16.051 | INFO     | transformer:__default__:36 - DEBUG transformer: postfix -> line 403
2026-10-06 12:48:16.051 | INFO     | transformer:__default__:36 - DEBUG transformer: bit_and -> line 403
2026-10-06 12:48:16.051 | INFO     | transformer:__default__:36 - DEBUG transformer: minus -> line 403
2026-10-06 12:48:16.051 | INFO     | transformer:__default__:36 - DEBUG transformer: array_index -> line 403
2026-10-06 12:48:16.051 | INFO     | transformer:__default__:36 - DEBUG transformer: postfix -> line 403
2026-10-06 12:48:16.051 | INFO     | transformer:__default__:36 - DEBUG transformer: bit_and -> line 403
2026-10-06 12:48:16.051 | INFO     | transformer:__default__:36 - DEBUG transformer: additive -> line 403
2026-10-06 12:48:16.051 | INFO     | transformer:__default__:36 - DEBUG transformer: return_stmt -> line 403
2026-10-06 12:48:16.051 | INFO     | transformer:__default__:36 - DEBUG transformer: compound_stmt -> line 393
2026-10-06 12:48:16.051 | INFO     | transformer:__default__:36 - DEBUG transformer: function_def -> line 392
2026-10-06 12:48:16.051 | INFO     | transformer:__default__:36 - DEBUG transformer: external_decl -> line 392
2026-10-06 12:48:16.051 | INFO     | transformer:__default__:36 - DEBUG transformer: char -> line 406
2026-10-06 12:48:16.051 | INFO     | transformer:__default__:36 - DEBUG transformer: pointer -> line 406
2026-10-06 12:48:16.051 | INFO     | transformer:__default__:36 - DEBUG transformer: type_specifier -> line 406
2026-10-06 12:48:16.051 | INFO     | transformer:__default__:36 - DEBUG transformer: declarator -> line 406
2026-10-06 12:48:16.051 | INFO     | transformer:__default__:36 - DEBUG transformer: char -> line 406
2026-10-06 12:48:16.051 | INFO     | transformer:__default__:36 - DEBUG transformer: pointer -> line 406
2026-10-06 12:48:16.051 | INFO     | transformer:__default__:36 - DEBUG transformer: type_specifier -> line 406
2026-10-06 12:48:16.051 | INFO     | transformer:__default__:36 - DEBUG transformer: declarator -> line 406
2026-10-06 12:48:16.051 | INFO     | transformer:__default__:36 - DEBUG transformer: param -> line 406
2026-10-06 12:48:16.051 | INFO     | transformer:__default__:36 - DEBUG transformer: char -> line 406
2026-10-06 12:48:16.051 | INFO     | transformer:__default__:36 - DEBUG transformer: pointer -> line 406
2026-10-06 12:48:16.052 | INFO     | transformer:__default__:36 - DEBUG transformer: type_specifier -> line 406
2026-10-06 12:48:16.052 | INFO     | transformer:__default__:36 - DEBUG transformer: declarator -> line 406
2026-10-06 12:48:16.052 | INFO     | transformer:__default__:36 - DEBUG transformer: param -> line 406
2026-10-06 12:48:16.052 | INFO     | transformer:__default__:36 - DEBUG transformer: param_list -> line 406
2026-10-06 12:48:16.052 | INFO     | transformer:__default__:36 - DEBUG transformer: int -> line 408
2026-10-06 12:48:16.052 | INFO     | transformer:__default__:36 - DEBUG transformer: type_specifier -> line 408
2026-10-06 12:48:16.052 | INFO     | transformer:__default__:36 - DEBUG transformer: declarator -> line 408
2026-10-06 12:48:16.052 | INFO     | transformer:__default__:36 - DEBUG transformer: init_declarator -> line 408
2026-10-06 12:48:16.052 | INFO     | transformer:__default__:36 - DEBUG transformer: init_declarator_list -> line 408
2026-10-06 12:48:16.052 | INFO     | transformer:__default__:36 - DEBUG transformer: declaration -> line 408
2026-10-06 12:48:16.052 | INFO     | transformer:__default__:36 - DEBUG transformer: array_index -> line 409
2026-10-06 12:48:16.052 | INFO     | transformer:__default__:36 - DEBUG transformer: postfix -> line 409
2026-10-06 12:48:16.052 | INFO     | transformer:__default__:36 - DEBUG transformer: array_index -> line 411
2026-10-06 12:48:16.052 | INFO     | transformer:__default__:36 - DEBUG transformer: postfix -> line 411
2026-10-06 12:48:16.052 | INFO     | transformer:__default__:36 - DEBUG transformer: array_index -> line 411
2026-10-06 12:48:16.052 | INFO     | transformer:__default__:36 - DEBUG transformer: postfix -> line 411
2026-10-06 12:48:16.052 | INFO     | transformer:__default__:36 - DEBUG transformer: assignment -> line 411
2026-10-06 12:48:16.052 | INFO     | transformer:__default__:36 - DEBUG transformer: expr_stmt -> line 411
2026-10-06 12:48:16.052 | INFO     | transformer:__default__:36 - DEBUG transformer: plus -> line 412
2026-10-06 12:48:16.052 | INFO     | transformer:__default__:36 - DEBUG transformer: additive -> line 412
2026-10-06 12:48:16.052 | INFO     | transformer:__default__:36 - DEBUG transformer: assignment -> line 412
2026-10-06 12:48:16.052 | INFO     | transformer:__default__:36 - DEBUG transformer: expr_stmt -> line 412
2026-10-06 12:48:16.052 | INFO     | transformer:__default__:36 - DEBUG transformer: compound_stmt -> line 410
2026-10-06 12:48:16.052 | INFO     | transformer:__default__:36 - DEBUG transformer: while_stmt -> line 409
2026-10-06 12:48:16.052 | INFO     | transformer:__default__:36 - DEBUG transformer: array_index -> line 414
2026-10-06 12:48:16.052 | INFO     | transformer:__default__:36 - DEBUG transformer: postfix -> line 414
2026-10-06 12:48:16.052 | INFO     | transformer:__default__:36 - DEBUG transformer: assignment -> line 414
2026-10-06 12:48:16.052 | INFO     | transformer:__default__:36 - DEBUG transformer: expr_stmt -> line 414
2026-10-06 12:48:16.052 | INFO     | transformer:__default__:36 - DEBUG transformer: return_stmt -> line 415
2026-10-06 12:48:16.052 | INFO     | transformer:__default__:36 - DEBUG transformer: compound_stmt -> line 407
2026-10-06 12:48:16.052 | INFO     | transformer:__default__:36 - DEBUG transformer: function_def -> line 406
2026-10-06 12:48:16.052 | INFO     | transformer:__default__:36 - DEBUG transformer: external_decl -> line 406
2026-10-06 12:48:16.052 | INFO     | transformer:__default__:36 - DEBUG transformer: char -> line 418
2026-10-06 12:48:16.052 | INFO     | transformer:__default__:36 - DEBUG transformer: pointer -> line 418
2026-10-06 12:48:16.052 | INFO     | transformer:__default__:36 - DEBUG transformer: type_specifier -> line 418
2026-10-06 12:48:16.052 | INFO     | transformer:__default__:36 - DEBUG transformer: declarator -> line 418
2026-10-06 12:48:16.052 | INFO     | transformer:__default__:36 - DEBUG transformer: char -> line 418
2026-10-06 12:48:16.052 | INFO     | transformer:__default__:36 - DEBUG transformer: pointer -> line 418
2026-10-06 12:48:16.052 | INFO     | transformer:__default__:36 - DEBUG transformer: type_specifier -> line 418
2026-10-06 12:48:16.052 | INFO     | transformer:__default__:36 - DEBUG transformer: declarator -> line 418
2026-10-06 12:48:16.053 | INFO     | transformer:__default__:36 - DEBUG transformer: param -> line 418
2026-10-06 12:48:16.053 | INFO     | transformer:__default__:36 - DEBUG transformer: char -> line 418
2026-10-06 12:48:16.053 | INFO     | transformer:__default__:36 - DEBUG transformer: pointer -> line 418
2026-10-06 12:48:16.053 | INFO     | transformer:__default__:36 - DEBUG transformer: type_specifier -> line 418
2026-10-06 12:48:16.053 | INFO     | transformer:__default__:36 - DEBUG transformer: declarator -> line 418
2026-10-06 12:48:16.053 | INFO     | transformer:__default__:36 - DEBUG transformer: param -> line 418
2026-10-06 12:48:16.053 | INFO     | transformer:__default__:36 - DEBUG transformer: int -> line 418
2026-10-06 12:48:16.053 | INFO     | transformer:__default__:36 - DEBUG transformer: type_specifier -> line 418
2026-10-06 12:48:16.053 | INFO     | transformer:__default__:36 - DEBUG transformer: declarator -> line 418
2026-10-06 12:48:16.053 | INFO     | transformer:__default__:36 - DEBUG transformer: param -> line 418
2026-10-06 12:48:16.053 | INFO     | transformer:__default__:36 - DEBUG transformer: param_list -> line 418
2026-10-06 12:48:16.053 | INFO     | transformer:__default__:36 - DEBUG transformer: int -> line 420
2026-10-06 12:48:16.053 | INFO     | transformer:__default__:36 - DEBUG transformer: type_specifier -> line 420
2026-10-06 12:48:16.053 | INFO     | transformer:__default__:36 - DEBUG transformer: declarator -> line 420
2026-10-06 12:48:16.053 | INFO     | transformer:__default__:36 - DEBUG transformer: init_declarator -> line 420
2026-10-06 12:48:16.053 | INFO     | transformer:__default__:36 - DEBUG transformer: init_declarator_list -> line 420
2026-10-06 12:48:16.053 | INFO     | transformer:__default__:36 - DEBUG transformer: declaration -> line 420
2026-10-06 12:48:16.053 | INFO     | transformer:__default__:36 - DEBUG transformer: lt -> line 421
2026-10-06 12:48:16.053 | INFO     | transformer:__default__:36 - DEBUG transformer: relational -> line 421
2026-10-06 12:48:16.053 | INFO     | transformer:__default__:36 - DEBUG transformer: array_index -> line 421
2026-10-06 12:48:16.053 | INFO     | transformer:__default__:36 - DEBUG transformer: postfix -> line 421
2026-10-06 12:48:16.053 | INFO     | transformer:__default__:36 - DEBUG transformer: logic_and -> line 421
2026-10-06 12:48:16.053 | INFO     | transformer:__default__:36 - DEBUG transformer: array_index -> line 423
2026-10-06 12:48:16.053 | INFO     | transformer:__default__:36 - DEBUG transformer: postfix -> line 423
2026-10-06 12:48:16.053 | INFO     | transformer:__default__:36 - DEBUG transformer: array_index -> line 423
2026-10-06 12:48:16.053 | INFO     | transformer:__default__:36 - DEBUG transformer: postfix -> line 423
2026-10-06 12:48:16.053 | INFO     | transformer:__default__:36 - DEBUG transformer: assignment -> line 423
2026-10-06 12:48:16.053 | INFO     | transformer:__default__:36 - DEBUG transformer: expr_stmt -> line 423
2026-10-06 12:48:16.053 | INFO     | transformer:__default__:36 - DEBUG transformer: plus -> line 424
2026-10-06 12:48:16.053 | INFO     | transformer:__default__:36 - DEBUG transformer: additive -> line 424
2026-10-06 12:48:16.053 | INFO     | transformer:__default__:36 - DEBUG transformer: assignment -> line 424
2026-10-06 12:48:16.053 | INFO     | transformer:__default__:36 - DEBUG transformer: expr_stmt -> line 424
2026-10-06 12:48:16.053 | INFO     | transformer:__default__:36 - DEBUG transformer: compound_stmt -> line 422
2026-10-06 12:48:16.053 | INFO     | transformer:__default__:36 - DEBUG transformer: while_stmt -> line 421
2026-10-06 12:48:16.053 | INFO     | transformer:__default__:36 - DEBUG transformer: lt -> line 426
2026-10-06 12:48:16.053 | INFO     | transformer:__default__:36 - DEBUG transformer: relational -> line 426
2026-10-06 12:48:16.053 | INFO     | transformer:__default__:36 - DEBUG transformer: array_index -> line 428
2026-10-06 12:48:16.053 | INFO     | transformer:__default__:36 - DEBUG transformer: postfix -> line 428
2026-10-06 12:48:16.053 | INFO     | transformer:__default__:36 - DEBUG transformer: assignment -> line 428
2026-10-06 12:48:16.053 | INFO     | transformer:__default__:36 - DEBUG transformer: expr_stmt -> line 428
2026-10-06 12:48:16.054 | INFO     | transformer:__default__:36 - DEBUG transformer: plus -> line 429
2026-10-06 12:48:16.054 | INFO     | transformer:__default__:36 - DEBUG transformer: additive -> line 429
2026-10-06 12:48:16.054 | INFO     | transformer:__default__:36 - DEBUG transformer: assignment -> line 429
2026-10-06 12:48:16.054 | INFO     | transformer:__default__:36 - DEBUG transformer: expr_stmt -> line 429
2026-10-06 12:48:16.054 | INFO     | transformer:__default__:36 - DEBUG transformer: compound_stmt -> line 427
2026-10-06 12:48:16.054 | INFO     | transformer:__default__:36 - DEBUG transformer: while_stmt -> line 426
2026-10-06 12:48:16.054 | INFO     | transformer:__default__:36 - DEBUG transformer: return_stmt -> line 431
2026-10-06 12:48:16.054 | INFO     | transformer:__default__:36 - DEBUG transformer: compound_stmt -> line 419
2026-10-06 12:48:16.054 | INFO     | transformer:__default__:36 - DEBUG transformer: function_def -> line 418
2026-10-06 12:48:16.054 | INFO     | transformer:__default__:36 - DEBUG transformer: external_decl -> line 418
2026-10-06 12:48:16.054 | INFO     | transformer:__default__:36 - DEBUG transformer: char -> line 434
2026-10-06 12:48:16.054 | INFO     | transformer:__default__:36 - DEBUG transformer: pointer -> line 434
2026-10-06 12:48:16.054 | INFO     | transformer:__default__:36 - DEBUG transformer: type_specifier -> line 434
2026-10-06 12:48:16.054 | INFO     | transformer:__default__:36 - DEBUG transformer: declarator -> line 434
2026-10-06 12:48:16.054 | INFO     | transformer:__default__:36 - DEBUG transformer: char -> line 434
2026-10-06 12:48:16.054 | INFO     | transformer:__default__:36 - DEBUG transformer: pointer -> line 434
2026-10-06 12:48:16.054 | INFO     | transformer:__default__:36 - DEBUG transformer: type_specifier -> line 434
2026-10-06 12:48:16.054 | INFO     | transformer:__default__:36 - DEBUG transformer: declarator -> line 434
2026-10-06 12:48:16.054 | INFO     | transformer:__default__:36 - DEBUG transformer: param -> line 434
2026-10-06 12:48:16.054 | INFO     | transformer:__default__:36 - DEBUG transformer: char -> line 434
2026-10-06 12:48:16.054 | INFO     | transformer:__default__:36 - DEBUG transformer: pointer -> line 434
2026-10-06 12:48:16.054 | INFO     | transformer:__default__:36 - DEBUG transformer: type_specifier -> line 434
2026-10-06 12:48:16.054 | INFO     | transformer:__default__:36 - DEBUG transformer: declarator -> line 434
2026-10-06 12:48:16.054 | INFO     | transformer:__default__:36 - DEBUG transformer: param -> line 434
2026-10-06 12:48:16.054 | INFO     | transformer:__default__:36 - DEBUG transformer: param_list -> line 434
2026-10-06 12:48:16.054 | INFO     | transformer:__default__:36 - DEBUG transformer: int -> line 436
2026-10-06 12:48:16.054 | INFO     | transformer:__default__:36 - DEBUG transformer: type_specifier -> line 436
2026-10-06 12:48:16.054 | INFO     | transformer:__default__:36 - DEBUG transformer: declarator -> line 436
2026-10-06 12:48:16.054 | INFO     | transformer:__default__:36 - DEBUG transformer: arg_list -> line 436
2026-10-06 12:48:16.054 | INFO     | transformer:__default__:36 - DEBUG transformer: call_suffix -> line 436
2026-10-06 12:48:16.054 | INFO     | transformer:__default__:36 - DEBUG transformer: postfix -> line 436
2026-10-06 12:48:16.054 | INFO     | transformer:__default__:36 - DEBUG transformer: init_declarator -> line 436
2026-10-06 12:48:16.054 | INFO     | transformer:__default__:36 - DEBUG transformer: init_declarator_list -> line 436
2026-10-06 12:48:16.054 | INFO     | transformer:__default__:36 - DEBUG transformer: declaration -> line 436
2026-10-06 12:48:16.054 | INFO     | transformer:__default__:36 - DEBUG transformer: int -> line 437
2026-10-06 12:48:16.054 | INFO     | transformer:__default__:36 - DEBUG transformer: type_specifier -> line 437
2026-10-06 12:48:16.054 | INFO     | transformer:__default__:36 - DEBUG transformer: declarator -> line 437
2026-10-06 12:48:16.054 | INFO     | transformer:__default__:36 - DEBUG transformer: init_declarator -> line 437
2026-10-06 12:48:16.054 | INFO     | transformer:__default__:36 - DEBUG transformer: init_declarator_list -> line 437
2026-10-06 12:48:16.054 | INFO     | transformer:__default__:36 - DEBUG transformer: declaration -> line 437
2026-10-06 12:48:16.055 | INFO     | transformer:__default__:36 - DEBUG transformer: array_index -> line 438
2026-10-06 12:48:16.055 | INFO     | transformer:__default__:36 - DEBUG transformer: postfix -> line 438
2026-10-06 12:48:16.055 | INFO     | transformer:__default__:36 - DEBUG transformer: array_index -> line 440
2026-10-06 12:48:16.055 | INFO     | transformer:__default__:36 - DEBUG transformer: postfix -> line 440
2026-10-06 12:48:16.055 | INFO     | transformer:__default__:36 - DEBUG transformer: array_index -> line 440
2026-10-06 12:48:16.055 | INFO     | transformer:__default__:36 - DEBUG transformer: postfix -> line 440
2026-10-06 12:48:16.055 | INFO     | transformer:__default__:36 - DEBUG transformer: assignment -> line 440
2026-10-06 12:48:16.055 | INFO     | transformer:__default__:36 - DEBUG transformer: expr_stmt -> line 440
2026-10-06 12:48:16.055 | INFO     | transformer:__default__:36 - DEBUG transformer: plus -> line 441
2026-10-06 12:48:16.055 | INFO     | transformer:__default__:36 - DEBUG transformer: additive -> line 441
2026-10-06 12:48:16.055 | INFO     | transformer:__default__:36 - DEBUG transformer: assignment -> line 441
2026-10-06 12:48:16.055 | INFO     | transformer:__default__:36 - DEBUG transformer: expr_stmt -> line 441
2026-10-06 12:48:16.055 | INFO     | transformer:__default__:36 - DEBUG transformer: plus -> line 442
2026-10-06 12:48:16.055 | INFO     | transformer:__default__:36 - DEBUG transformer: additive -> line 442
2026-10-06 12:48:16.055 | INFO     | transformer:__default__:36 - DEBUG transformer: assignment -> line 442
2026-10-06 12:48:16.055 | INFO     | transformer:__default__:36 - DEBUG transformer: expr_stmt -> line 442
2026-10-06 12:48:16.055 | INFO     | transformer:__default__:36 - DEBUG transformer: compound_stmt -> line 439
2026-10-06 12:48:16.055 | INFO     | transformer:__default__:36 - DEBUG transformer: while_stmt -> line 438
2026-10-06 12:48:16.055 | INFO     | transformer:__default__:36 - DEBUG transformer: array_index -> line 444
2026-10-06 12:48:16.055 | INFO     | transformer:__default__:36 - DEBUG transformer: postfix -> line 444
2026-10-06 12:48:16.055 | INFO     | transformer:__default__:36 - DEBUG transformer: assignment -> line 444
2026-10-06 12:48:16.055 | INFO     | transformer:__default__:36 - DEBUG transformer: expr_stmt -> line 444
2026-10-06 12:48:16.055 | INFO     | transformer:__default__:36 - DEBUG transformer: return_stmt -> line 445
2026-10-06 12:48:16.055 | INFO     | transformer:__default__:36 - DEBUG transformer: compound_stmt -> line 435
2026-10-06 12:48:16.055 | INFO     | transformer:__default__:36 - DEBUG transformer: function_def -> line 434
2026-10-06 12:48:16.055 | INFO     | transformer:__default__:36 - DEBUG transformer: external_decl -> line 434
2026-10-06 12:48:16.055 | INFO     | transformer:__default__:36 - DEBUG transformer: void -> line 448
2026-10-06 12:48:16.055 | INFO     | transformer:__default__:36 - DEBUG transformer: pointer -> line 448
2026-10-06 12:48:16.055 | INFO     | transformer:__default__:36 - DEBUG transformer: type_specifier -> line 448
2026-10-06 12:48:16.055 | INFO     | transformer:__default__:36 - DEBUG transformer: declarator -> line 448
2026-10-06 12:48:16.055 | INFO     | transformer:__default__:36 - DEBUG transformer: void -> line 448
2026-10-06 12:48:16.055 | INFO     | transformer:__default__:36 - DEBUG transformer: pointer -> line 448
2026-10-06 12:48:16.055 | INFO     | transformer:__default__:36 - DEBUG transformer: type_specifier -> line 448
2026-10-06 12:48:16.055 | INFO     | transformer:__default__:36 - DEBUG transformer: declarator -> line 448
2026-10-06 12:48:16.055 | INFO     | transformer:__default__:36 - DEBUG transformer: param -> line 448
2026-10-06 12:48:16.055 | INFO     | transformer:__default__:36 - DEBUG transformer: int -> line 448
2026-10-06 12:48:16.055 | INFO     | transformer:__default__:36 - DEBUG transformer: type_specifier -> line 448
2026-10-06 12:48:16.055 | INFO     | transformer:__default__:36 - DEBUG transformer: declarator -> line 448
2026-10-06 12:48:16.055 | INFO     | transformer:__default__:36 - DEBUG transformer: param -> line 448
2026-10-06 12:48:16.056 | INFO     | transformer:__default__:36 - DEBUG transformer: int -> line 448
2026-10-06 12:48:16.056 | INFO     | transformer:__default__:36 - DEBUG transformer: type_specifier -> line 448
2026-10-06 12:48:16.056 | INFO     | transformer:__default__:36 - DEBUG transformer: declarator -> line 448
2026-10-06 12:48:16.056 | INFO     | transformer:__default__:36 - DEBUG transformer: param -> line 448
2026-10-06 12:48:16.056 | INFO     | transformer:__default__:36 - DEBUG transformer: param_list -> line 448
2026-10-06 12:48:16.056 | INFO     | transformer:__default__:36 - DEBUG transformer: char -> line 450
2026-10-06 12:48:16.056 | INFO     | transformer:__default__:36 - DEBUG transformer: pointer -> line 450
2026-10-06 12:48:16.056 | INFO     | transformer:__default__:36 - DEBUG transformer: type_specifier -> line 450
2026-10-06 12:48:16.056 | INFO     | transformer:__default__:36 - DEBUG transformer: declarator -> line 450
2026-10-06 12:48:16.056 | INFO     | transformer:__default__:36 - DEBUG transformer: char -> line 450
2026-10-06 12:48:16.056 | INFO     | transformer:__default__:36 - DEBUG transformer: pointer -> line 450
2026-10-06 12:48:16.056 | INFO     | transformer:__default__:36 - DEBUG transformer: type_specifier -> line 450
2026-10-06 12:48:16.056 | INFO     | transformer:__default__:36 - DEBUG transformer: cast -> line 450
2026-10-06 12:48:16.056 | INFO     | transformer:__default__:36 - DEBUG transformer: init_declarator -> line 450
2026-10-06 12:48:16.056 | INFO     | transformer:__default__:36 - DEBUG transformer: init_declarator_list -> line 450
2026-10-06 12:48:16.056 | INFO     | transformer:__default__:36 - DEBUG transformer: declaration -> line 450
2026-10-06 12:48:16.056 | INFO     | transformer:__default__:36 - DEBUG transformer: int -> line 451
2026-10-06 12:48:16.056 | INFO     | transformer:__default__:36 - DEBUG transformer: type_specifier -> line 451
2026-10-06 12:48:16.056 | INFO     | transformer:__default__:36 - DEBUG transformer: declarator -> line 451
2026-10-06 12:48:16.056 | INFO     | transformer:__default__:36 - DEBUG transformer: init_declarator -> line 451
2026-10-06 12:48:16.056 | INFO     | transformer:__default__:36 - DEBUG transformer: init_declarator_list -> line 451
2026-10-06 12:48:16.056 | INFO     | transformer:__default__:36 - DEBUG transformer: declaration -> line 451
2026-10-06 12:48:16.056 | INFO     | transformer:__default__:36 - DEBUG transformer: lt -> line 452
2026-10-06 12:48:16.056 | INFO     | transformer:__default__:36 - DEBUG transformer: relational -> line 452
2026-10-06 12:48:16.056 | INFO     | transformer:__default__:36 - DEBUG transformer: array_index -> line 454
2026-10-06 12:48:16.056 | INFO     | transformer:__default__:36 - DEBUG transformer: postfix -> line 454
2026-10-06 12:48:16.056 | INFO     | transformer:__default__:36 - DEBUG transformer: assignment -> line 454
2026-10-06 12:48:16.056 | INFO     | transformer:__default__:36 - DEBUG transformer: expr_stmt -> line 454
2026-10-06 12:48:16.056 | INFO     | transformer:__default__:36 - DEBUG transformer: plus -> line 455
2026-10-06 12:48:16.056 | INFO     | transformer:__default__:36 - DEBUG transformer: additive -> line 455
2026-10-06 12:48:16.056 | INFO     | transformer:__default__:36 - DEBUG transformer: assignment -> line 455
2026-10-06 12:48:16.056 | INFO     | transformer:__default__:36 - DEBUG transformer: expr_stmt -> line 455
2026-10-06 12:48:16.056 | INFO     | transformer:__default__:36 - DEBUG transformer: compound_stmt -> line 453
2026-10-06 12:48:16.056 | INFO     | transformer:__default__:36 - DEBUG transformer: while_stmt -> line 452
2026-10-06 12:48:16.056 | INFO     | transformer:__default__:36 - DEBUG transformer: return_stmt -> line 457
2026-10-06 12:48:16.056 | INFO     | transformer:__default__:36 - DEBUG transformer: compound_stmt -> line 449
2026-10-06 12:48:16.056 | INFO     | transformer:__default__:36 - DEBUG transformer: function_def -> line 448
2026-10-06 12:48:16.056 | INFO     | transformer:__default__:36 - DEBUG transformer: external_decl -> line 448
2026-10-06 12:48:16.056 | INFO     | transformer:__default__:36 - DEBUG transformer: void -> line 460
2026-10-06 12:48:16.056 | INFO     | transformer:__default__:36 - DEBUG transformer: pointer -> line 460
2026-10-06 12:48:16.056 | INFO     | transformer:__default__:36 - DEBUG transformer: type_specifier -> line 460
2026-10-06 12:48:16.057 | INFO     | transformer:__default__:36 - DEBUG transformer: declarator -> line 460
2026-10-06 12:48:16.057 | INFO     | transformer:__default__:36 - DEBUG transformer: void -> line 460
2026-10-06 12:48:16.057 | INFO     | transformer:__default__:36 - DEBUG transformer: pointer -> line 460
2026-10-06 12:48:16.057 | INFO     | transformer:__default__:36 - DEBUG transformer: type_specifier -> line 460
2026-10-06 12:48:16.057 | INFO     | transformer:__default__:36 - DEBUG transformer: declarator -> line 460
2026-10-06 12:48:16.057 | INFO     | transformer:__default__:36 - DEBUG transformer: param -> line 460
2026-10-06 12:48:16.057 | INFO     | transformer:__default__:36 - DEBUG transformer: void -> line 460
2026-10-06 12:48:16.057 | INFO     | transformer:__default__:36 - DEBUG transformer: pointer -> line 460
2026-10-06 12:48:16.057 | INFO     | transformer:__default__:36 - DEBUG transformer: type_specifier -> line 460
2026-10-06 12:48:16.057 | INFO     | transformer:__default__:36 - DEBUG transformer: declarator -> line 460
2026-10-06 12:48:16.057 | INFO     | transformer:__default__:36 - DEBUG transformer: param -> line 460
2026-10-06 12:48:16.057 | INFO     | transformer:__default__:36 - DEBUG transformer: int -> line 460
2026-10-06 12:48:16.057 | INFO     | transformer:__default__:36 - DEBUG transformer: type_specifier -> line 460
2026-10-06 12:48:16.057 | INFO     | transformer:__default__:36 - DEBUG transformer: declarator -> line 460
2026-10-06 12:48:16.057 | INFO     | transformer:__default__:36 - DEBUG transformer: param -> line 460
2026-10-06 12:48:16.057 | INFO     | transformer:__default__:36 - DEBUG transformer: param_list -> line 460
2026-10-06 12:48:16.057 | INFO     | transformer:__default__:36 - DEBUG transformer: char -> line 462
2026-10-06 12:48:16.057 | INFO     | transformer:__default__:36 - DEBUG transformer: pointer -> line 462
2026-10-06 12:48:16.057 | INFO     | transformer:__default__:36 - DEBUG transformer: type_specifier -> line 462
2026-10-06 12:48:16.057 | INFO     | transformer:__default__:36 - DEBUG transformer: declarator -> line 462
2026-10-06 12:48:16.057 | INFO     | transformer:__default__:36 - DEBUG transformer: char -> line 462
2026-10-06 12:48:16.057 | INFO     | transformer:__default__:36 - DEBUG transformer: pointer -> line 462
2026-10-06 12:48:16.057 | INFO     | transformer:__default__:36 - DEBUG transformer: type_specifier -> line 462
2026-10-06 12:48:16.057 | INFO     | transformer:__default__:36 - DEBUG transformer: cast -> line 462
2026-10-06 12:48:16.057 | INFO     | transformer:__default__:36 - DEBUG transformer: init_declarator -> line 462
2026-10-06 12:48:16.057 | INFO     | transformer:__default__:36 - DEBUG transformer: init_declarator_list -> line 462
2026-10-06 12:48:16.057 | INFO     | transformer:__default__:36 - DEBUG transformer: declaration -> line 462
2026-10-06 12:48:16.057 | INFO     | transformer:__default__:36 - DEBUG transformer: char -> line 463
2026-10-06 12:48:16.057 | INFO     | transformer:__default__:36 - DEBUG transformer: pointer -> line 463
2026-10-06 12:48:16.057 | INFO     | transformer:__default__:36 - DEBUG transformer: type_specifier -> line 463
2026-10-06 12:48:16.057 | INFO     | transformer:__default__:36 - DEBUG transformer: declarator -> line 463
2026-10-06 12:48:16.057 | INFO     | transformer:__default__:36 - DEBUG transformer: char -> line 463
2026-10-06 12:48:16.057 | INFO     | transformer:__default__:36 - DEBUG transformer: pointer -> line 463
2026-10-06 12:48:16.057 | INFO     | transformer:__default__:36 - DEBUG transformer: type_specifier -> line 463
2026-10-06 12:48:16.057 | INFO     | transformer:__default__:36 - DEBUG transformer: cast -> line 463
2026-10-06 12:48:16.057 | INFO     | transformer:__default__:36 - DEBUG transformer: init_declarator -> line 463
2026-10-06 12:48:16.057 | INFO     | transformer:__default__:36 - DEBUG transformer: init_declarator_list -> line 463
2026-10-06 12:48:16.057 | INFO     | transformer:__default__:36 - DEBUG transformer: declaration -> line 463
2026-10-06 12:48:16.057 | INFO     | transformer:__default__:36 - DEBUG transformer: int -> line 464
2026-10-06 12:48:16.057 | INFO     | transformer:__default__:36 - DEBUG transformer: type_specifier -> line 464
2026-10-06 12:48:16.057 | INFO     | transformer:__default__:36 - DEBUG transformer: declarator -> line 464
2026-10-06 12:48:16.058 | INFO     | transformer:__default__:36 - DEBUG transformer: init_declarator -> line 464
2026-10-06 12:48:16.058 | INFO     | transformer:__default__:36 - DEBUG transformer: init_declarator_list -> line 464
2026-10-06 12:48:16.058 | INFO     | transformer:__default__:36 - DEBUG transformer: declaration -> line 464
2026-10-06 12:48:16.058 | INFO     | transformer:__default__:36 - DEBUG transformer: lt -> line 465
2026-10-06 12:48:16.058 | INFO     | transformer:__default__:36 - DEBUG transformer: relational -> line 465
2026-10-06 12:48:16.058 | INFO     | transformer:__default__:36 - DEBUG transformer: array_index -> line 467
2026-10-06 12:48:16.058 | INFO     | transformer:__default__:36 - DEBUG transformer: postfix -> line 467
2026-10-06 12:48:16.058 | INFO     | transformer:__default__:36 - DEBUG transformer: array_index -> line 467
2026-10-06 12:48:16.058 | INFO     | transformer:__default__:36 - DEBUG transformer: postfix -> line 467
2026-10-06 12:48:16.058 | INFO     | transformer:__default__:36 - DEBUG transformer: assignment -> line 467
2026-10-06 12:48:16.058 | INFO     | transformer:__default__:36 - DEBUG transformer: expr_stmt -> line 467
2026-10-06 12:48:16.058 | INFO     | transformer:__default__:36 - DEBUG transformer: plus -> line 468
2026-10-06 12:48:16.058 | INFO     | transformer:__default__:36 - DEBUG transformer: additive -> line 468
2026-10-06 12:48:16.058 | INFO     | transformer:__default__:36 - DEBUG transformer: assignment -> line 468
2026-10-06 12:48:16.058 | INFO     | transformer:__default__:36 - DEBUG transformer: expr_stmt -> line 468
2026-10-06 12:48:16.058 | INFO     | transformer:__default__:36 - DEBUG transformer: compound_stmt -> line 466
2026-10-06 12:48:16.058 | INFO     | transformer:__default__:36 - DEBUG transformer: while_stmt -> line 465
2026-10-06 12:48:16.058 | INFO     | transformer:__default__:36 - DEBUG transformer: return_stmt -> line 470
2026-10-06 12:48:16.058 | INFO     | transformer:__default__:36 - DEBUG transformer: compound_stmt -> line 461
2026-10-06 12:48:16.058 | INFO     | transformer:__default__:36 - DEBUG transformer: function_def -> line 460
2026-10-06 12:48:16.058 | INFO     | transformer:__default__:36 - DEBUG transformer: external_decl -> line 460
2026-10-06 12:48:16.058 | INFO     | transformer:__default__:36 - DEBUG transformer: void -> line 473
2026-10-06 12:48:16.058 | INFO     | transformer:__default__:36 - DEBUG transformer: pointer -> line 473
2026-10-06 12:48:16.058 | INFO     | transformer:__default__:36 - DEBUG transformer: type_specifier -> line 473
2026-10-06 12:48:16.058 | INFO     | transformer:__default__:36 - DEBUG transformer: declarator -> line 473
2026-10-06 12:48:16.058 | INFO     | transformer:__default__:36 - DEBUG transformer: void -> line 473
2026-10-06 12:48:16.058 | INFO     | transformer:__default__:36 - DEBUG transformer: pointer -> line 473
2026-10-06 12:48:16.058 | INFO     | transformer:__default__:36 - DEBUG transformer: type_specifier -> line 473
2026-10-06 12:48:16.058 | INFO     | transformer:__default__:36 - DEBUG transformer: declarator -> line 473
2026-10-06 12:48:16.058 | INFO     | transformer:__default__:36 - DEBUG transformer: param -> line 473
2026-10-06 12:48:16.058 | INFO     | transformer:__default__:36 - DEBUG transformer: void -> line 473
2026-10-06 12:48:16.058 | INFO     | transformer:__default__:36 - DEBUG transformer: pointer -> line 473
2026-10-06 12:48:16.058 | INFO     | transformer:__default__:36 - DEBUG transformer: type_specifier -> line 473
2026-10-06 12:48:16.058 | INFO     | transformer:__default__:36 - DEBUG transformer: declarator -> line 473
2026-10-06 12:48:16.058 | INFO     | transformer:__default__:36 - DEBUG transformer: param -> line 473
2026-10-06 12:48:16.058 | INFO     | transformer:__default__:36 - DEBUG transformer: int -> line 473
2026-10-06 12:48:16.058 | INFO     | transformer:__default__:36 - DEBUG transformer: type_specifier -> line 473
2026-10-06 12:48:16.058 | INFO     | transformer:__default__:36 - DEBUG transformer: declarator -> line 473
2026-10-06 12:48:16.058 | INFO     | transformer:__default__:36 - DEBUG transformer: param -> line 473
2026-10-06 12:48:16.058 | INFO     | transformer:__default__:36 - DEBUG transformer: param_list -> line 473
2026-10-06 12:48:16.059 | INFO     | transformer:__default__:36 - DEBUG transformer: char -> line 475
2026-10-06 12:48:16.059 | INFO     | transformer:__default__:36 - DEBUG transformer: pointer -> line 475
2026-10-06 12:48:16.059 | INFO     | transformer:__default__:36 - DEBUG transformer: type_specifier -> line 475
2026-10-06 12:48:16.059 | INFO     | transformer:__default__:36 - DEBUG transformer: declarator -> line 475
2026-10-06 12:48:16.059 | INFO     | transformer:__default__:36 - DEBUG transformer: char -> line 475
2026-10-06 12:48:16.059 | INFO     | transformer:__default__:36 - DEBUG transformer: pointer -> line 475
2026-10-06 12:48:16.059 | INFO     | transformer:__default__:36 - DEBUG transformer: type_specifier -> line 475
2026-10-06 12:48:16.059 | INFO     | transformer:__default__:36 - DEBUG transformer: cast -> line 475
2026-10-06 12:48:16.059 | INFO     | transformer:__default__:36 - DEBUG transformer: init_declarator -> line 475
2026-10-06 12:48:16.059 | INFO     | transformer:__default__:36 - DEBUG transformer: init_declarator_list -> line 475
2026-10-06 12:48:16.059 | INFO     | transformer:__default__:36 - DEBUG transformer: declaration -> line 475
2026-10-06 12:48:16.059 | INFO     | transformer:__default__:36 - DEBUG transformer: char -> line 476
2026-10-06 12:48:16.059 | INFO     | transformer:__default__:36 - DEBUG transformer: pointer -> line 476
2026-10-06 12:48:16.059 | INFO     | transformer:__default__:36 - DEBUG transformer: type_specifier -> line 476
2026-10-06 12:48:16.059 | INFO     | transformer:__default__:36 - DEBUG transformer: declarator -> line 476
2026-10-06 12:48:16.059 | INFO     | transformer:__default__:36 - DEBUG transformer: char -> line 476
2026-10-06 12:48:16.059 | INFO     | transformer:__default__:36 - DEBUG transformer: pointer -> line 476
2026-10-06 12:48:16.059 | INFO     | transformer:__default__:36 - DEBUG transformer: type_specifier -> line 476
2026-10-06 12:48:16.059 | INFO     | transformer:__default__:36 - DEBUG transformer: cast -> line 476
2026-10-06 12:48:16.059 | INFO     | transformer:__default__:36 - DEBUG transformer: init_declarator -> line 476
2026-10-06 12:48:16.059 | INFO     | transformer:__default__:36 - DEBUG transformer: init_declarator_list -> line 476
2026-10-06 12:48:16.059 | INFO     | transformer:__default__:36 - DEBUG transformer: declaration -> line 476
2026-10-06 12:48:16.059 | INFO     | transformer:__default__:36 - DEBUG transformer: lt -> line 477
2026-10-06 12:48:16.059 | INFO     | transformer:__default__:36 - DEBUG transformer: relational -> line 477
2026-10-06 12:48:16.059 | INFO     | transformer:__default__:36 - DEBUG transformer: int -> line 479
2026-10-06 12:48:16.059 | INFO     | transformer:__default__:36 - DEBUG transformer: type_specifier -> line 479
2026-10-06 12:48:16.059 | INFO     | transformer:__default__:36 - DEBUG transformer: declarator -> line 479
2026-10-06 12:48:16.059 | INFO     | transformer:__default__:36 - DEBUG transformer: init_declarator -> line 479
2026-10-06 12:48:16.059 | INFO     | transformer:__default__:36 - DEBUG transformer: init_declarator_list -> line 479
2026-10-06 12:48:16.059 | INFO     | transformer:__default__:36 - DEBUG transformer: declaration -> line 479
2026-10-06 12:48:16.059 | INFO     | transformer:__default__:36 - DEBUG transformer: lt -> line 480
2026-10-06 12:48:16.059 | INFO     | transformer:__default__:36 - DEBUG transformer: relational -> line 480
2026-10-06 12:48:16.059 | INFO     | transformer:__default__:36 - DEBUG transformer: array_index -> line 482
2026-10-06 12:48:16.059 | INFO     | transformer:__default__:36 - DEBUG transformer: postfix -> line 482
2026-10-06 12:48:16.059 | INFO     | transformer:__default__:36 - DEBUG transformer: array_index -> line 482
2026-10-06 12:48:16.059 | INFO     | transformer:__default__:36 - DEBUG transformer: postfix -> line 482
2026-10-06 12:48:16.059 | INFO     | transformer:__default__:36 - DEBUG transformer: assignment -> line 482
2026-10-06 12:48:16.059 | INFO     | transformer:__default__:36 - DEBUG transformer: expr_stmt -> line 482
2026-10-06 12:48:16.059 | INFO     | transformer:__default__:36 - DEBUG transformer: plus -> line 483
2026-10-06 12:48:16.059 | INFO     | transformer:__default__:36 - DEBUG transformer: additive -> line 483
2026-10-06 12:48:16.060 | INFO     | transformer:__default__:36 - DEBUG transformer: assignment -> line 483
2026-10-06 12:48:16.060 | INFO     | transformer:__default__:36 - DEBUG transformer: expr_stmt -> line 483
2026-10-06 12:48:16.060 | INFO     | transformer:__default__:36 - DEBUG transformer: compound_stmt -> line 481
2026-10-06 12:48:16.060 | INFO     | transformer:__default__:36 - DEBUG transformer: while_stmt -> line 480
2026-10-06 12:48:16.060 | INFO     | transformer:__default__:36 - DEBUG transformer: compound_stmt -> line 478
2026-10-06 12:48:16.060 | INFO     | transformer:__default__:36 - DEBUG transformer: int -> line 488
2026-10-06 12:48:16.060 | INFO     | transformer:__default__:36 - DEBUG transformer: type_specifier -> line 488
2026-10-06 12:48:16.060 | INFO     | transformer:__default__:36 - DEBUG transformer: declarator -> line 488
2026-10-06 12:48:16.060 | INFO     | transformer:__default__:36 - DEBUG transformer: minus -> line 488
2026-10-06 12:48:16.060 | INFO     | transformer:__default__:36 - DEBUG transformer: additive -> line 488
2026-10-06 12:48:16.060 | INFO     | transformer:__default__:36 - DEBUG transformer: init_declarator -> line 488
2026-10-06 12:48:16.060 | INFO     | transformer:__default__:36 - DEBUG transformer: init_declarator_list -> line 488
2026-10-06 12:48:16.060 | INFO     | transformer:__default__:36 - DEBUG transformer: declaration -> line 488
2026-10-06 12:48:16.060 | INFO     | transformer:__default__:36 - DEBUG transformer: gte -> line 489
2026-10-06 12:48:16.060 | INFO     | transformer:__default__:36 - DEBUG transformer: relational -> line 489
2026-10-06 12:48:16.060 | INFO     | transformer:__default__:36 - DEBUG transformer: array_index -> line 491
2026-10-06 12:48:16.060 | INFO     | transformer:__default__:36 - DEBUG transformer: postfix -> line 491
2026-10-06 12:48:16.060 | INFO     | transformer:__default__:36 - DEBUG transformer: array_index -> line 491
2026-10-06 12:48:16.060 | INFO     | transformer:__default__:36 - DEBUG transformer: postfix -> line 491
2026-10-06 12:48:16.060 | INFO     | transformer:__default__:36 - DEBUG transformer: assignment -> line 491
2026-10-06 12:48:16.060 | INFO     | transformer:__default__:36 - DEBUG transformer: expr_stmt -> line 491
2026-10-06 12:48:16.060 | INFO     | transformer:__default__:36 - DEBUG transformer: minus -> line 492
2026-10-06 12:48:16.060 | INFO     | transformer:__default__:36 - DEBUG transformer: additive -> line 492
2026-10-06 12:48:16.060 | INFO     | transformer:__default__:36 - DEBUG transformer: assignment -> line 492
2026-10-06 12:48:16.060 | INFO     | transformer:__default__:36 - DEBUG transformer: expr_stmt -> line 492
2026-10-06 12:48:16.060 | INFO     | transformer:__default__:36 - DEBUG transformer: compound_stmt -> line 490
2026-10-06 12:48:16.060 | INFO     | transformer:__default__:36 - DEBUG transformer: while_stmt -> line 489
2026-10-06 12:48:16.060 | INFO     | transformer:__default__:36 - DEBUG transformer: compound_stmt -> line 487
2026-10-06 12:48:16.060 | INFO     | transformer:__default__:36 - DEBUG transformer: if_stmt -> line 477
2026-10-06 12:48:16.060 | INFO     | transformer:__default__:36 - DEBUG transformer: return_stmt -> line 495
2026-10-06 12:48:16.060 | INFO     | transformer:__default__:36 - DEBUG transformer: compound_stmt -> line 474
2026-10-06 12:48:16.060 | INFO     | transformer:__default__:36 - DEBUG transformer: function_def -> line 473
2026-10-06 12:48:16.060 | INFO     | transformer:__default__:36 - DEBUG transformer: external_decl -> line 473
2026-10-06 12:48:16.060 | INFO     | transformer:__default__:36 - DEBUG transformer: int -> line 500
2026-10-06 12:48:16.060 | INFO     | transformer:__default__:36 - DEBUG transformer: type_specifier -> line 500
2026-10-06 12:48:16.060 | INFO     | transformer:__default__:36 - DEBUG transformer: declarator -> line 500
2026-10-06 12:48:16.060 | INFO     | transformer:__default__:36 - DEBUG transformer: init_declarator -> line 500
2026-10-06 12:48:16.060 | INFO     | transformer:__default__:36 - DEBUG transformer: init_declarator_list -> line 500
2026-10-06 12:48:16.060 | INFO     | transformer:__default__:36 - DEBUG transformer: struct_member -> line 500
2026-10-06 12:48:16.060 | INFO     | transformer:__default__:36 - DEBUG transformer: int -> line 501
2026-10-06 12:48:16.061 | INFO     | transformer:__default__:36 - DEBUG transformer: type_specifier -> line 501
2026-10-06 12:48:16.061 | INFO     | transformer:__default__:36 - DEBUG transformer: declarator -> line 501
2026-10-06 12:48:16.061 | INFO     | transformer:__default__:36 - DEBUG transformer: init_declarator -> line 501
2026-10-06 12:48:16.061 | INFO     | transformer:__default__:36 - DEBUG transformer: init_declarator_list -> line 501
2026-10-06 12:48:16.061 | INFO     | transformer:__default__:36 - DEBUG transformer: struct_member -> line 501
2026-10-06 12:48:16.061 | INFO     | transformer:__default__:36 - DEBUG transformer: int -> line 502
2026-10-06 12:48:16.061 | INFO     | transformer:__default__:36 - DEBUG transformer: type_specifier -> line 502
2026-10-06 12:48:16.061 | INFO     | transformer:__default__:36 - DEBUG transformer: declarator -> line 502
2026-10-06 12:48:16.061 | INFO     | transformer:__default__:36 - DEBUG transformer: init_declarator -> line 502
2026-10-06 12:48:16.061 | INFO     | transformer:__default__:36 - DEBUG transformer: init_declarator_list -> line 502
2026-10-06 12:48:16.061 | INFO     | transformer:__default__:36 - DEBUG transformer: struct_member -> line 502
2026-10-06 12:48:16.061 | INFO     | transformer:__default__:36 - DEBUG transformer: pointer -> line 503
2026-10-06 12:48:16.061 | INFO     | transformer:__default__:36 - DEBUG transformer: type_specifier -> line 503
2026-10-06 12:48:16.061 | INFO     | transformer:__default__:36 - DEBUG transformer: declarator -> line 503
2026-10-06 12:48:16.061 | INFO     | transformer:__default__:36 - DEBUG transformer: init_declarator -> line 503
2026-10-06 12:48:16.061 | INFO     | transformer:__default__:36 - DEBUG transformer: init_declarator_list -> line 503
2026-10-06 12:48:16.061 | INFO     | transformer:__default__:36 - DEBUG transformer: struct_member -> line 503
2026-10-06 12:48:16.061 | INFO     | transformer:__default__:36 - DEBUG transformer: struct_decl -> line 498
2026-10-06 12:48:16.061 | INFO     | transformer:__default__:36 - DEBUG transformer: external_decl -> line 498
2026-10-06 12:48:16.061 | INFO     | transformer:__default__:36 - DEBUG transformer: char -> line 506
2026-10-06 12:48:16.061 | INFO     | transformer:__default__:36 - DEBUG transformer: type_specifier -> line 506
2026-10-06 12:48:16.061 | INFO     | transformer:__default__:36 - DEBUG transformer: array -> line 506
2026-10-06 12:48:16.061 | INFO     | transformer:__default__:36 - DEBUG transformer: declarator -> line 506
2026-10-06 12:48:16.061 | INFO     | transformer:__default__:36 - DEBUG transformer: init_declarator -> line 506
2026-10-06 12:48:16.061 | INFO     | transformer:__default__:36 - DEBUG transformer: init_declarator_list -> line 506
2026-10-06 12:48:16.061 | INFO     | transformer:__default__:36 - DEBUG transformer: declaration -> line 506
2026-10-06 12:48:16.061 | INFO     | transformer:__default__:36 - DEBUG transformer: external_decl -> line 506
2026-10-06 12:48:16.061 | INFO     | transformer:__default__:36 - DEBUG transformer: int -> line 507
2026-10-06 12:48:16.061 | INFO     | transformer:__default__:36 - DEBUG transformer: type_specifier -> line 507
2026-10-06 12:48:16.061 | INFO     | transformer:__default__:36 - DEBUG transformer: declarator -> line 507
2026-10-06 12:48:16.061 | INFO     | transformer:__default__:36 - DEBUG transformer: init_declarator -> line 507
2026-10-06 12:48:16.061 | INFO     | transformer:__default__:36 - DEBUG transformer: init_declarator_list -> line 507
2026-10-06 12:48:16.061 | INFO     | transformer:__default__:36 - DEBUG transformer: declaration -> line 507
2026-10-06 12:48:16.061 | INFO     | transformer:__default__:36 - DEBUG transformer: external_decl -> line 507
2026-10-06 12:48:16.061 | INFO     | transformer:__default__:36 - DEBUG transformer: pointer -> line 508
2026-10-06 12:48:16.061 | INFO     | transformer:__default__:36 - DEBUG transformer: type_specifier -> line 508
2026-10-06 12:48:16.061 | INFO     | transformer:__default__:36 - DEBUG transformer: declarator -> line 508
2026-10-06 12:48:16.061 | INFO     | transformer:__default__:36 - DEBUG transformer: init_declarator -> line 508
2026-10-06 12:48:16.061 | INFO     | transformer:__default__:36 - DEBUG transformer: init_declarator_list -> line 508
2026-10-06 12:48:16.061 | INFO     | transformer:__default__:36 - DEBUG transformer: declaration -> line 508
2026-10-06 12:48:16.061 | INFO     | transformer:__default__:36 - DEBUG transformer: external_decl -> line 508
2026-10-06 12:48:16.062 | INFO     | transformer:__default__:36 - DEBUG transformer: void -> line 509
2026-10-06 12:48:16.062 | INFO     | transformer:__default__:36 - DEBUG transformer: type_specifier -> line 509
2026-10-06 12:48:16.062 | INFO     | transformer:__default__:36 - DEBUG transformer: declarator -> line 509
2026-10-06 12:48:16.062 | INFO     | transformer:__default__:36 - DEBUG transformer: assignment -> line 511
2026-10-06 12:48:16.062 | INFO     | transformer:__default__:36 - DEBUG transformer: expr_stmt -> line 511
2026-10-06 12:48:16.062 | INFO     | transformer:__default__:36 - DEBUG transformer: pointer -> line 512
2026-10-06 12:48:16.062 | INFO     | transformer:__default__:36 - DEBUG transformer: type_specifier -> line 512
2026-10-06 12:48:16.062 | INFO     | transformer:__default__:36 - DEBUG transformer: cast -> line 512
2026-10-06 12:48:16.062 | INFO     | transformer:__default__:36 - DEBUG transformer: assignment -> line 512
2026-10-06 12:48:16.062 | INFO     | transformer:__default__:36 - DEBUG transformer: expr_stmt -> line 512
2026-10-06 12:48:16.062 | INFO     | transformer:__default__:36 - DEBUG transformer: ptr_member_access -> line 513
2026-10-06 12:48:16.062 | INFO     | transformer:__default__:36 - DEBUG transformer: postfix -> line 513
2026-10-06 12:48:16.062 | INFO     | transformer:__default__:36 - DEBUG transformer: assignment -> line 513
2026-10-06 12:48:16.062 | INFO     | transformer:__default__:36 - DEBUG transformer: expr_stmt -> line 513
2026-10-06 12:48:16.062 | INFO     | transformer:__default__:36 - DEBUG transformer: ptr_member_access -> line 514
2026-10-06 12:48:16.062 | INFO     | transformer:__default__:36 - DEBUG transformer: postfix -> line 514
2026-10-06 12:48:16.062 | INFO     | transformer:__default__:36 - DEBUG transformer: assignment -> line 514
2026-10-06 12:48:16.062 | INFO     | transformer:__default__:36 - DEBUG transformer: expr_stmt -> line 514
2026-10-06 12:48:16.062 | INFO     | transformer:__default__:36 - DEBUG transformer: ptr_member_access -> line 515
2026-10-06 12:48:16.062 | INFO     | transformer:__default__:36 - DEBUG transformer: postfix -> line 515
2026-10-06 12:48:16.062 | INFO     | transformer:__default__:36 - DEBUG transformer: assignment -> line 515
2026-10-06 12:48:16.062 | INFO     | transformer:__default__:36 - DEBUG transformer: expr_stmt -> line 515
2026-10-06 12:48:16.062 | INFO     | transformer:__default__:36 - DEBUG transformer: ptr_member_access -> line 516
2026-10-06 12:48:16.062 | INFO     | transformer:__default__:36 - DEBUG transformer: postfix -> line 516
2026-10-06 12:48:16.062 | INFO     | transformer:__default__:36 - DEBUG transformer: assignment -> line 516
2026-10-06 12:48:16.062 | INFO     | transformer:__default__:36 - DEBUG transformer: expr_stmt -> line 516
2026-10-06 12:48:16.062 | INFO     | transformer:__default__:36 - DEBUG transformer: arg_list -> line 517
2026-10-06 12:48:16.062 | INFO     | transformer:__default__:36 - DEBUG transformer: call_suffix -> line 517
2026-10-06 12:48:16.062 | INFO     | transformer:__default__:36 - DEBUG transformer: postfix -> line 517
2026-10-06 12:48:16.062 | INFO     | transformer:__default__:36 - DEBUG transformer: expr_stmt -> line 517
2026-10-06 12:48:16.062 | INFO     | transformer:__default__:36 - DEBUG transformer: compound_stmt -> line 510
2026-10-06 12:48:16.062 | INFO     | transformer:__default__:36 - DEBUG transformer: function_def -> line 509
2026-10-06 12:48:16.062 | INFO     | transformer:__default__:36 - DEBUG transformer: external_decl -> line 509
2026-10-06 12:48:16.062 | INFO     | transformer:__default__:36 - DEBUG transformer: int -> line 520
2026-10-06 12:48:16.062 | INFO     | transformer:__default__:36 - DEBUG transformer: type_specifier -> line 520
2026-10-06 12:48:16.063 | INFO     | transformer:__default__:36 - DEBUG transformer: declarator -> line 520
2026-10-06 12:48:16.063 | INFO     | transformer:__default__:36 - DEBUG transformer: int -> line 520
2026-10-06 12:48:16.063 | INFO     | transformer:__default__:36 - DEBUG transformer: type_specifier -> line 520
2026-10-06 12:48:16.063 | INFO     | transformer:__default__:36 - DEBUG transformer: declarator -> line 520
2026-10-06 12:48:16.063 | INFO     | transformer:__default__:36 - DEBUG transformer: param -> line 520
2026-10-06 12:48:16.063 | INFO     | transformer:__default__:36 - DEBUG transformer: param_list -> line 520
2026-10-06 12:48:16.063 | INFO     | transformer:__default__:36 - DEBUG transformer: plus -> line 522
2026-10-06 12:48:16.063 | INFO     | transformer:__default__:36 - DEBUG transformer: additive -> line 522
2026-10-06 12:48:16.063 | INFO     | transformer:__default__:36 - DEBUG transformer: bitnot -> line 522
2026-10-06 12:48:16.063 | INFO     | transformer:__default__:36 - DEBUG transformer: unary -> line 522
2026-10-06 12:48:16.063 | INFO     | transformer:__default__:36 - DEBUG transformer: bit_and -> line 522
2026-10-06 12:48:16.063 | INFO     | transformer:__default__:36 - DEBUG transformer: return_stmt -> line 522
2026-10-06 12:48:16.063 | INFO     | transformer:__default__:36 - DEBUG transformer: compound_stmt -> line 521
2026-10-06 12:48:16.063 | INFO     | transformer:__default__:36 - DEBUG transformer: function_def -> line 520
2026-10-06 12:48:16.063 | INFO     | transformer:__default__:36 - DEBUG transformer: external_decl -> line 520
2026-10-06 12:48:16.063 | INFO     | transformer:__default__:36 - DEBUG transformer: void -> line 525
2026-10-06 12:48:16.063 | INFO     | transformer:__default__:36 - DEBUG transformer: pointer -> line 525
2026-10-06 12:48:16.063 | INFO     | transformer:__default__:36 - DEBUG transformer: type_specifier -> line 525
2026-10-06 12:48:16.063 | INFO     | transformer:__default__:36 - DEBUG transformer: declarator -> line 525
2026-10-06 12:48:16.063 | INFO     | transformer:__default__:36 - DEBUG transformer: int -> line 525
2026-10-06 12:48:16.063 | INFO     | transformer:__default__:36 - DEBUG transformer: type_specifier -> line 525
2026-10-06 12:48:16.063 | INFO     | transformer:__default__:36 - DEBUG transformer: declarator -> line 525
2026-10-06 12:48:16.063 | INFO     | transformer:__default__:36 - DEBUG transformer: param -> line 525
2026-10-06 12:48:16.063 | INFO     | transformer:__default__:36 - DEBUG transformer: param_list -> line 525
2026-10-06 12:48:16.063 | INFO     | transformer:__default__:36 - DEBUG transformer: int -> line 527
2026-10-06 12:48:16.063 | INFO     | transformer:__default__:36 - DEBUG transformer: type_specifier -> line 527
2026-10-06 12:48:16.063 | INFO     | transformer:__default__:36 - DEBUG transformer: declarator -> line 527
2026-10-06 12:48:16.063 | INFO     | transformer:__default__:36 - DEBUG transformer: arg_list -> line 527
2026-10-06 12:48:16.063 | INFO     | transformer:__default__:36 - DEBUG transformer: call_suffix -> line 527
2026-10-06 12:48:16.063 | INFO     | transformer:__default__:36 - DEBUG transformer: postfix -> line 527
2026-10-06 12:48:16.063 | INFO     | transformer:__default__:36 - DEBUG transformer: init_declarator -> line 527
2026-10-06 12:48:16.063 | INFO     | transformer:__default__:36 - DEBUG transformer: init_declarator_list -> line 527
2026-10-06 12:48:16.063 | INFO     | transformer:__default__:36 - DEBUG transformer: declaration -> line 527
2026-10-06 12:48:16.063 | INFO     | transformer:__default__:36 - DEBUG transformer: plus -> line 528
2026-10-06 12:48:16.063 | INFO     | transformer:__default__:36 - DEBUG transformer: additive -> line 528
2026-10-06 12:48:16.063 | INFO     | transformer:__default__:36 - DEBUG transformer: gt -> line 528
2026-10-06 12:48:16.063 | INFO     | transformer:__default__:36 - DEBUG transformer: relational -> line 528
2026-10-06 12:48:16.063 | INFO     | transformer:__default__:36 - DEBUG transformer: return_stmt -> line 530
2026-10-06 12:48:16.063 | INFO     | transformer:__default__:36 - DEBUG transformer: compound_stmt -> line 529
2026-10-06 12:48:16.064 | INFO     | transformer:__default__:36 - DEBUG transformer: if_stmt -> line 528
2026-10-06 12:48:16.064 | INFO     | transformer:__default__:36 - DEBUG transformer: void -> line 533
2026-10-06 12:48:16.064 | INFO     | transformer:__default__:36 - DEBUG transformer: pointer -> line 533
2026-10-06 12:48:16.064 | INFO     | transformer:__default__:36 - DEBUG transformer: type_specifier -> line 533
2026-10-06 12:48:16.064 | INFO     | transformer:__default__:36 - DEBUG transformer: declarator -> line 533
2026-10-06 12:48:16.064 | INFO     | transformer:__default__:36 - DEBUG transformer: void -> line 533
2026-10-06 12:48:16.064 | INFO     | transformer:__default__:36 - DEBUG transformer: pointer -> line 533
2026-10-06 12:48:16.064 | INFO     | transformer:__default__:36 - DEBUG transformer: type_specifier -> line 533
2026-10-06 12:48:16.064 | INFO     | transformer:__default__:36 - DEBUG transformer: plus -> line 533
2026-10-06 12:48:16.064 | INFO     | transformer:__default__:36 - DEBUG transformer: additive -> line 533
2026-10-06 12:48:16.064 | INFO     | transformer:__default__:36 - DEBUG transformer: cast -> line 533
2026-10-06 12:48:16.064 | INFO     | transformer:__default__:36 - DEBUG transformer: init_declarator -> line 533
2026-10-06 12:48:16.064 | INFO     | transformer:__default__:36 - DEBUG transformer: init_declarator_list -> line 533
2026-10-06 12:48:16.064 | INFO     | transformer:__default__:36 - DEBUG transformer: declaration -> line 533
2026-10-06 12:48:16.064 | INFO     | transformer:__default__:36 - DEBUG transformer: plus -> line 534
2026-10-06 12:48:16.064 | INFO     | transformer:__default__:36 - DEBUG transformer: additive -> line 534
2026-10-06 12:48:16.064 | INFO     | transformer:__default__:36 - DEBUG transformer: assignment -> line 534
2026-10-06 12:48:16.064 | INFO     | transformer:__default__:36 - DEBUG transformer: expr_stmt -> line 534
2026-10-06 12:48:16.064 | INFO     | transformer:__default__:36 - DEBUG transformer: return_stmt -> line 535
2026-10-06 12:48:16.064 | INFO     | transformer:__default__:36 - DEBUG transformer: compound_stmt -> line 526
2026-10-06 12:48:16.064 | INFO     | transformer:__default__:36 - DEBUG transformer: function_def -> line 525
2026-10-06 12:48:16.064 | INFO     | transformer:__default__:36 - DEBUG transformer: external_decl -> line 525
2026-10-06 12:48:16.064 | INFO     | transformer:__default__:36 - DEBUG transformer: void -> line 538
2026-10-06 12:48:16.064 | INFO     | transformer:__default__:36 - DEBUG transformer: pointer -> line 538
2026-10-06 12:48:16.064 | INFO     | transformer:__default__:36 - DEBUG transformer: type_specifier -> line 538
2026-10-06 12:48:16.064 | INFO     | transformer:__default__:36 - DEBUG transformer: declarator -> line 538
2026-10-06 12:48:16.064 | INFO     | transformer:__default__:36 - DEBUG transformer: int -> line 538
2026-10-06 12:48:16.064 | INFO     | transformer:__default__:36 - DEBUG transformer: type_specifier -> line 538
2026-10-06 12:48:16.064 | INFO     | transformer:__default__:36 - DEBUG transformer: declarator -> line 538
2026-10-06 12:48:16.064 | INFO     | transformer:__default__:36 - DEBUG transformer: param -> line 538
2026-10-06 12:48:16.064 | INFO     | transformer:__default__:36 - DEBUG transformer: param_list -> line 538
2026-10-06 12:48:16.064 | INFO     | transformer:__default__:36 - DEBUG transformer: lte -> line 540
2026-10-06 12:48:16.064 | INFO     | transformer:__default__:36 - DEBUG transformer: relational -> line 540
2026-10-06 12:48:16.064 | INFO     | transformer:__default__:36 - DEBUG transformer: return_stmt -> line 542
2026-10-06 12:48:16.064 | INFO     | transformer:__default__:36 - DEBUG transformer: compound_stmt -> line 541
2026-10-06 12:48:16.064 | INFO     | transformer:__default__:36 - DEBUG transformer: if_stmt -> line 540
2026-10-06 12:48:16.064 | INFO     | transformer:__default__:36 - DEBUG transformer: int -> line 545
2026-10-06 12:48:16.064 | INFO     | transformer:__default__:36 - DEBUG transformer: type_specifier -> line 545
2026-10-06 12:48:16.064 | INFO     | transformer:__default__:36 - DEBUG transformer: declarator -> line 545
2026-10-06 12:48:16.064 | INFO     | transformer:__default__:36 - DEBUG transformer: arg_list -> line 545
2026-10-06 12:48:16.065 | INFO     | transformer:__default__:36 - DEBUG transformer: call_suffix -> line 545
2026-10-06 12:48:16.065 | INFO     | transformer:__default__:36 - DEBUG transformer: postfix -> line 545
2026-10-06 12:48:16.065 | INFO     | transformer:__default__:36 - DEBUG transformer: init_declarator -> line 545
2026-10-06 12:48:16.065 | INFO     | transformer:__default__:36 - DEBUG transformer: init_declarator_list -> line 545
2026-10-06 12:48:16.065 | INFO     | transformer:__default__:36 - DEBUG transformer: declaration -> line 545
2026-10-06 12:48:16.065 | INFO     | transformer:__default__:36 - DEBUG transformer: pointer -> line 546
2026-10-06 12:48:16.065 | INFO     | transformer:__default__:36 - DEBUG transformer: type_specifier -> line 546
2026-10-06 12:48:16.065 | INFO     | transformer:__default__:36 - DEBUG transformer: declarator -> line 546
2026-10-06 12:48:16.065 | INFO     | transformer:__default__:36 - DEBUG transformer: init_declarator -> line 546
2026-10-06 12:48:16.065 | INFO     | transformer:__default__:36 - DEBUG transformer: init_declarator_list -> line 546
2026-10-06 12:48:16.065 | INFO     | transformer:__default__:36 - DEBUG transformer: declaration -> line 546
2026-10-06 12:48:16.065 | INFO     | transformer:__default__:36 - DEBUG transformer: ptr_member_access -> line 547
2026-10-06 12:48:16.065 | INFO     | transformer:__default__:36 - DEBUG transformer: postfix -> line 547
2026-10-06 12:48:16.065 | INFO     | transformer:__default__:36 - DEBUG transformer: ptr_member_access -> line 554
2026-10-06 12:48:16.065 | INFO     | transformer:__default__:36 - DEBUG transformer: postfix -> line 554
2026-10-06 12:48:16.065 | INFO     | transformer:__default__:36 - DEBUG transformer: ptr_member_access -> line 554
2026-10-06 12:48:16.065 | INFO     | transformer:__default__:36 - DEBUG transformer: postfix -> line 554
2026-10-06 12:48:16.065 | INFO     | transformer:__default__:36 - DEBUG transformer: gte -> line 554
2026-10-06 12:48:16.065 | INFO     | transformer:__default__:36 - DEBUG transformer: relational -> line 554
2026-10-06 12:48:16.065 | INFO     | transformer:__default__:36 - DEBUG transformer: logic_and -> line 554
2026-10-06 12:48:16.065 | INFO     | transformer:__default__:36 - DEBUG transformer: ptr_member_access -> line 556
2026-10-06 12:48:16.065 | INFO     | transformer:__default__:36 - DEBUG transformer: postfix -> line 556
2026-10-06 12:48:16.065 | INFO     | transformer:__default__:36 - DEBUG transformer: assignment -> line 556
2026-10-06 12:48:16.065 | INFO     | transformer:__default__:36 - DEBUG transformer: expr_stmt -> line 556
2026-10-06 12:48:16.065 | INFO     | transformer:__default__:36 - DEBUG transformer: void -> line 557
2026-10-06 12:48:16.065 | INFO     | transformer:__default__:36 - DEBUG transformer: pointer -> line 557
2026-10-06 12:48:16.065 | INFO     | transformer:__default__:36 - DEBUG transformer: type_specifier -> line 557
2026-10-06 12:48:16.065 | INFO     | transformer:__default__:36 - DEBUG transformer: plus -> line 557
2026-10-06 12:48:16.065 | INFO     | transformer:__default__:36 - DEBUG transformer: additive -> line 557
2026-10-06 12:48:16.065 | INFO     | transformer:__default__:36 - DEBUG transformer: cast -> line 557
2026-10-06 12:48:16.065 | INFO     | transformer:__default__:36 - DEBUG transformer: return_stmt -> line 557
2026-10-06 12:48:16.065 | INFO     | transformer:__default__:36 - DEBUG transformer: compound_stmt -> line 555
2026-10-06 12:48:16.065 | INFO     | transformer:__default__:36 - DEBUG transformer: if_stmt -> line 554
2026-10-06 12:48:16.065 | INFO     | transformer:__default__:36 - DEBUG transformer: ptr_member_access -> line 559
2026-10-06 12:48:16.065 | INFO     | transformer:__default__:36 - DEBUG transformer: postfix -> line 559
2026-10-06 12:48:16.065 | INFO     | transformer:__default__:36 - DEBUG transformer: eq -> line 559
2026-10-06 12:48:16.065 | INFO     | transformer:__default__:36 - DEBUG transformer: equality -> line 559
2026-10-06 12:48:16.065 | INFO     | transformer:__default__:36 - DEBUG transformer: expr_stmt -> line 560
2026-10-06 12:48:16.065 | INFO     | transformer:__default__:36 - DEBUG transformer: compound_stmt -> line 559
2026-10-06 12:48:16.066 | INFO     | transformer:__default__:36 - DEBUG transformer: if_stmt -> line 559
2026-10-06 12:48:16.066 | INFO     | transformer:__default__:36 - DEBUG transformer: ptr_member_access -> line 562
2026-10-06 12:48:16.066 | INFO     | transformer:__default__:36 - DEBUG transformer: postfix -> line 562
2026-10-06 12:48:16.066 | INFO     | transformer:__default__:36 - DEBUG transformer: assignment -> line 562
2026-10-06 12:48:16.066 | INFO     | transformer:__default__:36 - DEBUG transformer: expr_stmt -> line 562
2026-10-06 12:48:16.066 | INFO     | transformer:__default__:36 - DEBUG transformer: compound_stmt -> line 548
2026-10-06 12:48:16.066 | INFO     | transformer:__default__:36 - DEBUG transformer: while_stmt -> line 547
2026-10-06 12:48:16.066 | INFO     | transformer:__default__:36 - DEBUG transformer: int -> line 565
2026-10-06 12:48:16.066 | INFO     | transformer:__default__:36 - DEBUG transformer: type_specifier -> line 565
2026-10-06 12:48:16.066 | INFO     | transformer:__default__:36 - DEBUG transformer: declarator -> line 565
2026-10-06 12:48:16.066 | INFO     | transformer:__default__:36 - DEBUG transformer: type_specifier -> line 565
2026-10-06 12:48:16.066 | INFO     | transformer:__default__:36 - DEBUG transformer: sizeof -> line 565
2026-10-06 12:48:16.066 | INFO     | transformer:__default__:36 - DEBUG transformer: plus -> line 565
2026-10-06 12:48:16.066 | INFO     | transformer:__default__:36 - DEBUG transformer: additive -> line 565
2026-10-06 12:48:16.066 | INFO     | transformer:__default__:36 - DEBUG transformer: init_declarator -> line 565
2026-10-06 12:48:16.066 | INFO     | transformer:__default__:36 - DEBUG transformer: init_declarator_list -> line 565
2026-10-06 12:48:16.066 | INFO     | transformer:__default__:36 - DEBUG transformer: declaration -> line 565
2026-10-06 12:48:16.066 | INFO     | transformer:__default__:36 - DEBUG transformer: pointer -> line 566
2026-10-06 12:48:16.066 | INFO     | transformer:__default__:36 - DEBUG transformer: type_specifier -> line 566
2026-10-06 12:48:16.066 | INFO     | transformer:__default__:36 - DEBUG transformer: declarator -> line 566
2026-10-06 12:48:16.066 | INFO     | transformer:__default__:36 - DEBUG transformer: pointer -> line 566
2026-10-06 12:48:16.066 | INFO     | transformer:__default__:36 - DEBUG transformer: type_specifier -> line 566
2026-10-06 12:48:16.066 | INFO     | transformer:__default__:36 - DEBUG transformer: arg_list -> line 566
2026-10-06 12:48:16.066 | INFO     | transformer:__default__:36 - DEBUG transformer: call_suffix -> line 566
2026-10-06 12:48:16.066 | INFO     | transformer:__default__:36 - DEBUG transformer: postfix -> line 566
2026-10-06 12:48:16.066 | INFO     | transformer:__default__:36 - DEBUG transformer: cast -> line 566
2026-10-06 12:48:16.066 | INFO     | transformer:__default__:36 - DEBUG transformer: init_declarator -> line 566
2026-10-06 12:48:16.066 | INFO     | transformer:__default__:36 - DEBUG transformer: init_declarator_list -> line 566
2026-10-06 12:48:16.066 | INFO     | transformer:__default__:36 - DEBUG transformer: declaration -> line 566
2026-10-06 12:48:16.066 | INFO     | transformer:__default__:36 - DEBUG transformer: not -> line 567
2026-10-06 12:48:16.066 | INFO     | transformer:__default__:36 - DEBUG transformer: unary -> line 567
2026-10-06 12:48:16.066 | INFO     | transformer:__default__:36 - DEBUG transformer: return_stmt -> line 569
2026-10-06 12:48:16.066 | INFO     | transformer:__default__:36 - DEBUG transformer: compound_stmt -> line 568
2026-10-06 12:48:16.066 | INFO     | transformer:__default__:36 - DEBUG transformer: if_stmt -> line 567
2026-10-06 12:48:16.066 | INFO     | transformer:__default__:36 - DEBUG transformer: ptr_member_access -> line 572
2026-10-06 12:48:16.066 | INFO     | transformer:__default__:36 - DEBUG transformer: postfix -> line 572
2026-10-06 12:48:16.067 | INFO     | transformer:__default__:36 - DEBUG transformer: assignment -> line 572
2026-10-06 12:48:16.067 | INFO     | transformer:__default__:36 - DEBUG transformer: expr_stmt -> line 572
2026-10-06 12:48:16.067 | INFO     | transformer:__default__:36 - DEBUG transformer: ptr_member_access -> line 573
2026-10-06 12:48:16.067 | INFO     | transformer:__default__:36 - DEBUG transformer: postfix -> line 573
2026-10-06 12:48:16.067 | INFO     | transformer:__default__:36 - DEBUG transformer: assignment -> line 573
2026-10-06 12:48:16.067 | INFO     | transformer:__default__:36 - DEBUG transformer: expr_stmt -> line 573
2026-10-06 12:48:16.067 | INFO     | transformer:__default__:36 - DEBUG transformer: ptr_member_access -> line 574
2026-10-06 12:48:16.067 | INFO     | transformer:__default__:36 - DEBUG transformer: postfix -> line 574
2026-10-06 12:48:16.067 | INFO     | transformer:__default__:36 - DEBUG transformer: assignment -> line 574
2026-10-06 12:48:16.067 | INFO     | transformer:__default__:36 - DEBUG transformer: expr_stmt -> line 574
2026-10-06 12:48:16.067 | INFO     | transformer:__default__:36 - DEBUG transformer: ptr_member_access -> line 575
2026-10-06 12:48:16.067 | INFO     | transformer:__default__:36 - DEBUG transformer: postfix -> line 575
2026-10-06 12:48:16.067 | INFO     | transformer:__default__:36 - DEBUG transformer: assignment -> line 575
2026-10-06 12:48:16.067 | INFO     | transformer:__default__:36 - DEBUG transformer: expr_stmt -> line 575
2026-10-06 12:48:16.067 | INFO     | transformer:__default__:36 - DEBUG transformer: assignment -> line 576
2026-10-06 12:48:16.067 | INFO     | transformer:__default__:36 - DEBUG transformer: expr_stmt -> line 576
2026-10-06 12:48:16.067 | INFO     | transformer:__default__:36 - DEBUG transformer: void -> line 577
2026-10-06 12:48:16.067 | INFO     | transformer:__default__:36 - DEBUG transformer: pointer -> line 577
2026-10-06 12:48:16.067 | INFO     | transformer:__default__:36 - DEBUG transformer: type_specifier -> line 577
2026-10-06 12:48:16.067 | INFO     | transformer:__default__:36 - DEBUG transformer: plus -> line 577
2026-10-06 12:48:16.067 | INFO     | transformer:__default__:36 - DEBUG transformer: additive -> line 577
2026-10-06 12:48:16.067 | INFO     | transformer:__default__:36 - DEBUG transformer: cast -> line 577
2026-10-06 12:48:16.067 | INFO     | transformer:__default__:36 - DEBUG transformer: return_stmt -> line 577
2026-10-06 12:48:16.067 | INFO     | transformer:__default__:36 - DEBUG transformer: compound_stmt -> line 539
2026-10-06 12:48:16.067 | INFO     | transformer:__default__:36 - DEBUG transformer: function_def -> line 538
2026-10-06 12:48:16.067 | INFO     | transformer:__default__:36 - DEBUG transformer: external_decl -> line 538
2026-10-06 12:48:16.067 | INFO     | transformer:__default__:36 - DEBUG transformer: void -> line 580
2026-10-06 12:48:16.067 | INFO     | transformer:__default__:36 - DEBUG transformer: type_specifier -> line 580
2026-10-06 12:48:16.067 | INFO     | transformer:__default__:36 - DEBUG transformer: declarator -> line 580
2026-10-06 12:48:16.067 | INFO     | transformer:__default__:36 - DEBUG transformer: void -> line 580
2026-10-06 12:48:16.067 | INFO     | transformer:__default__:36 - DEBUG transformer: pointer -> line 580
2026-10-06 12:48:16.067 | INFO     | transformer:__default__:36 - DEBUG transformer: type_specifier -> line 580
2026-10-06 12:48:16.067 | INFO     | transformer:__default__:36 - DEBUG transformer: declarator -> line 580
2026-10-06 12:48:16.067 | INFO     | transformer:__default__:36 - DEBUG transformer: param -> line 580
2026-10-06 12:48:16.067 | INFO     | transformer:__default__:36 - DEBUG transformer: param_list -> line 580
2026-10-06 12:48:16.067 | INFO     | transformer:__default__:36 - DEBUG transformer: not -> line 582
2026-10-06 12:48:16.067 | INFO     | transformer:__default__:36 - DEBUG transformer: unary -> line 582
2026-10-06 12:48:16.067 | INFO     | transformer:__default__:36 - DEBUG transformer: return_stmt -> line 584
2026-10-06 12:48:16.067 | INFO     | transformer:__default__:36 - DEBUG transformer: compound_stmt -> line 583
2026-10-06 12:48:16.068 | INFO     | transformer:__default__:36 - DEBUG transformer: if_stmt -> line 582
2026-10-06 12:48:16.068 | INFO     | transformer:__default__:36 - DEBUG transformer: pointer -> line 587
2026-10-06 12:48:16.068 | INFO     | transformer:__default__:36 - DEBUG transformer: type_specifier -> line 587
2026-10-06 12:48:16.068 | INFO     | transformer:__default__:36 - DEBUG transformer: declarator -> line 587
2026-10-06 12:48:16.068 | INFO     | transformer:__default__:36 - DEBUG transformer: pointer -> line 587
2026-10-06 12:48:16.068 | INFO     | transformer:__default__:36 - DEBUG transformer: type_specifier -> line 587
2026-10-06 12:48:16.068 | INFO     | transformer:__default__:36 - DEBUG transformer: cast -> line 587
2026-10-06 12:48:16.068 | INFO     | transformer:__default__:36 - DEBUG transformer: minus -> line 587
2026-10-06 12:48:16.068 | INFO     | transformer:__default__:36 - DEBUG transformer: additive -> line 587
2026-10-06 12:48:16.068 | INFO     | transformer:__default__:36 - DEBUG transformer: init_declarator -> line 587
2026-10-06 12:48:16.068 | INFO     | transformer:__default__:36 - DEBUG transformer: init_declarator_list -> line 587
2026-10-06 12:48:16.068 | INFO     | transformer:__default__:36 - DEBUG transformer: declaration -> line 587
2026-10-06 12:48:16.068 | INFO     | transformer:__default__:36 - DEBUG transformer: ptr_member_access -> line 588
2026-10-06 12:48:16.068 | INFO     | transformer:__default__:36 - DEBUG transformer: postfix -> line 588
2026-10-06 12:48:16.068 | INFO     | transformer:__default__:36 - DEBUG transformer: assignment -> line 588
2026-10-06 12:48:16.068 | INFO     | transformer:__default__:36 - DEBUG transformer: expr_stmt -> line 588
2026-10-06 12:48:16.068 | INFO     | transformer:__default__:36 - DEBUG transformer: compound_stmt -> line 581
2026-10-06 12:48:16.068 | INFO     | transformer:__default__:36 - DEBUG transformer: function_def -> line 580
2026-10-06 12:48:16.068 | INFO     | transformer:__default__:36 - DEBUG transformer: external_decl -> line 580
2026-10-06 12:48:16.068 | INFO     | transformer:__default__:36 - DEBUG transformer: void -> line 605
2026-10-06 12:48:16.068 | INFO     | transformer:__default__:36 - DEBUG transformer: type_specifier -> line 605
2026-10-06 12:48:16.068 | INFO     | transformer:__default__:36 - DEBUG transformer: declarator -> line 605
2026-10-06 12:48:16.068 | INFO     | transformer:__default__:36 - DEBUG transformer: char -> line 607
2026-10-06 12:48:16.068 | INFO     | transformer:__default__:36 - DEBUG transformer: type_specifier -> line 607
2026-10-06 12:48:16.068 | INFO     | transformer:__default__:36 - DEBUG transformer: array -> line 607
2026-10-06 12:48:16.068 | INFO     | transformer:__default__:36 - DEBUG transformer: declarator -> line 607
2026-10-06 12:48:16.068 | INFO     | transformer:__default__:36 - DEBUG transformer: init_declarator -> line 607
2026-10-06 12:48:16.068 | INFO     | transformer:__default__:36 - DEBUG transformer: init_declarator_list -> line 607
2026-10-06 12:48:16.068 | INFO     | transformer:__default__:36 - DEBUG transformer: declaration -> line 607
2026-10-06 12:48:16.068 | INFO     | transformer:__default__:36 - DEBUG transformer: array_index -> line 609
2026-10-06 12:48:16.068 | INFO     | transformer:__default__:36 - DEBUG transformer: postfix -> line 609
2026-10-06 12:48:16.068 | INFO     | transformer:__default__:36 - DEBUG transformer: assignment -> line 609
2026-10-06 12:48:16.068 | INFO     | transformer:__default__:36 - DEBUG transformer: expr_stmt -> line 609
2026-10-06 12:48:16.068 | INFO     | transformer:__default__:36 - DEBUG transformer: array_index -> line 610
2026-10-06 12:48:16.068 | INFO     | transformer:__default__:36 - DEBUG transformer: postfix -> line 610
2026-10-06 12:48:16.068 | INFO     | transformer:__default__:36 - DEBUG transformer: assignment -> line 610
2026-10-06 12:48:16.068 | INFO     | transformer:__default__:36 - DEBUG transformer: expr_stmt -> line 610
2026-10-06 12:48:16.068 | INFO     | transformer:__default__:36 - DEBUG transformer: array_index -> line 611
2026-10-06 12:48:16.068 | INFO     | transformer:__default__:36 - DEBUG transformer: postfix -> line 611
2026-10-06 12:48:16.069 | INFO     | transformer:__default__:36 - DEBUG transformer: assignment -> line 611
2026-10-06 12:48:16.069 | INFO     | transformer:__default__:36 - DEBUG transformer: expr_stmt -> line 611
2026-10-06 12:48:16.069 | INFO     | transformer:__default__:36 - DEBUG transformer: array_index -> line 612
2026-10-06 12:48:16.069 | INFO     | transformer:__default__:36 - DEBUG transformer: postfix -> line 612
2026-10-06 12:48:16.069 | INFO     | transformer:__default__:36 - DEBUG transformer: assignment -> line 612
2026-10-06 12:48:16.069 | INFO     | transformer:__default__:36 - DEBUG transformer: expr_stmt -> line 612
2026-10-06 12:48:16.069 | INFO     | transformer:__default__:36 - DEBUG transformer: array_index -> line 613
2026-10-06 12:48:16.069 | INFO     | transformer:__default__:36 - DEBUG transformer: postfix -> line 613
2026-10-06 12:48:16.069 | INFO     | transformer:__default__:36 - DEBUG transformer: assignment -> line 613
2026-10-06 12:48:16.069 | INFO     | transformer:__default__:36 - DEBUG transformer: expr_stmt -> line 613
2026-10-06 12:48:16.069 | INFO     | transformer:__default__:36 - DEBUG transformer: array_index -> line 614
2026-10-06 12:48:16.069 | INFO     | transformer:__default__:36 - DEBUG transformer: postfix -> line 614
2026-10-06 12:48:16.069 | INFO     | transformer:__default__:36 - DEBUG transformer: assignment -> line 614
2026-10-06 12:48:16.069 | INFO     | transformer:__default__:36 - DEBUG transformer: expr_stmt -> line 614
2026-10-06 12:48:16.069 | INFO     | transformer:__default__:36 - DEBUG transformer: array_index -> line 615
2026-10-06 12:48:16.069 | INFO     | transformer:__default__:36 - DEBUG transformer: postfix -> line 615
2026-10-06 12:48:16.069 | INFO     | transformer:__default__:36 - DEBUG transformer: assignment -> line 615
2026-10-06 12:48:16.069 | INFO     | transformer:__default__:36 - DEBUG transformer: expr_stmt -> line 615
2026-10-06 12:48:16.069 | INFO     | transformer:__default__:36 - DEBUG transformer: int -> line 617
2026-10-06 12:48:16.069 | INFO     | transformer:__default__:36 - DEBUG transformer: type_specifier -> line 617
2026-10-06 12:48:16.069 | INFO     | transformer:__default__:36 - DEBUG transformer: declarator -> line 617
2026-10-06 12:48:16.069 | INFO     | transformer:__default__:36 - DEBUG transformer: init_declarator -> line 617
2026-10-06 12:48:16.069 | INFO     | transformer:__default__:36 - DEBUG transformer: init_declarator_list -> line 617
2026-10-06 12:48:16.069 | INFO     | transformer:__default__:36 - DEBUG transformer: declaration -> line 617
2026-10-06 12:48:16.069 | INFO     | transformer:__default__:36 - DEBUG transformer: lt -> line 617
2026-10-06 12:48:16.069 | INFO     | transformer:__default__:36 - DEBUG transformer: relational -> line 617
2026-10-06 12:48:16.069 | INFO     | transformer:__default__:36 - DEBUG transformer: post_inc -> line 617
2026-10-06 12:48:16.069 | INFO     | transformer:__default__:36 - DEBUG transformer: postfix -> line 617
2026-10-06 12:48:16.069 | INFO     | transformer:__default__:36 - DEBUG transformer: array_index -> line 619
2026-10-06 12:48:16.069 | INFO     | transformer:__default__:36 - DEBUG transformer: postfix -> line 619
2026-10-06 12:48:16.069 | INFO     | transformer:__default__:36 - DEBUG transformer: assignment -> line 619
2026-10-06 12:48:16.069 | INFO     | transformer:__default__:36 - DEBUG transformer: expr_stmt -> line 619
2026-10-06 12:48:16.069 | INFO     | transformer:__default__:36 - DEBUG transformer: compound_stmt -> line 618
2026-10-06 12:48:16.069 | INFO     | transformer:__default__:36 - DEBUG transformer: for_stmt -> line 617
2026-10-06 12:48:16.069 | INFO     | transformer:__default__:36 - DEBUG transformer: expr_stmt -> line 620
2026-10-06 12:48:16.069 | INFO     | transformer:__default__:36 - DEBUG transformer: arg_list -> line 622
2026-10-06 12:48:16.069 | INFO     | transformer:__default__:36 - DEBUG transformer: call_suffix -> line 622
2026-10-06 12:48:16.070 | INFO     | transformer:__default__:36 - DEBUG transformer: postfix -> line 622
2026-10-06 12:48:16.070 | INFO     | transformer:__default__:36 - DEBUG transformer: expr_stmt -> line 622
2026-10-06 12:48:16.070 | INFO     | transformer:__default__:36 - DEBUG transformer: int -> line 623
2026-10-06 12:48:16.070 | INFO     | transformer:__default__:36 - DEBUG transformer: type_specifier -> line 623
2026-10-06 12:48:16.070 | INFO     | transformer:__default__:36 - DEBUG transformer: cast -> line 623
2026-10-06 12:48:16.070 | INFO     | transformer:__default__:36 - DEBUG transformer: arg_list -> line 623
2026-10-06 12:48:16.070 | INFO     | transformer:__default__:36 - DEBUG transformer: call_suffix -> line 623
2026-10-06 12:48:16.070 | INFO     | transformer:__default__:36 - DEBUG transformer: postfix -> line 623
2026-10-06 12:48:16.070 | INFO     | transformer:__default__:36 - DEBUG transformer: expr_stmt -> line 623
2026-10-06 12:48:16.070 | INFO     | transformer:__default__:36 - DEBUG transformer: arg_list -> line 624
2026-10-06 12:48:16.070 | INFO     | transformer:__default__:36 - DEBUG transformer: call_suffix -> line 624
2026-10-06 12:48:16.070 | INFO     | transformer:__default__:36 - DEBUG transformer: postfix -> line 624
2026-10-06 12:48:16.070 | INFO     | transformer:__default__:36 - DEBUG transformer: expr_stmt -> line 624
2026-10-06 12:48:16.070 | INFO     | transformer:__default__:36 - DEBUG transformer: arg_list -> line 625
2026-10-06 12:48:16.070 | INFO     | transformer:__default__:36 - DEBUG transformer: call_suffix -> line 625
2026-10-06 12:48:16.070 | INFO     | transformer:__default__:36 - DEBUG transformer: postfix -> line 625
2026-10-06 12:48:16.070 | INFO     | transformer:__default__:36 - DEBUG transformer: expr_stmt -> line 625
2026-10-06 12:48:16.070 | INFO     | transformer:__default__:36 - DEBUG transformer: return_stmt -> line 626
2026-10-06 12:48:16.070 | INFO     | transformer:__default__:36 - DEBUG transformer: compound_stmt -> line 606
2026-10-06 12:48:16.070 | INFO     | transformer:__default__:36 - DEBUG transformer: function_def -> line 605
2026-10-06 12:48:16.070 | INFO     | transformer:__default__:36 - DEBUG transformer: external_decl -> line 605
2026-10-06 12:48:16.070 | INFO     | transformer:__default__:36 - DEBUG transformer: void -> line 628
2026-10-06 12:48:16.070 | INFO     | transformer:__default__:36 - DEBUG transformer: type_specifier -> line 628
2026-10-06 12:48:16.070 | INFO     | transformer:__default__:36 - DEBUG transformer: declarator -> line 628
2026-10-06 12:48:16.070 | INFO     | transformer:__default__:36 - DEBUG transformer: char -> line 630
2026-10-06 12:48:16.070 | INFO     | transformer:__default__:36 - DEBUG transformer: type_specifier -> line 630
2026-10-06 12:48:16.070 | INFO     | transformer:__default__:36 - DEBUG transformer: array -> line 630
2026-10-06 12:48:16.070 | INFO     | transformer:__default__:36 - DEBUG transformer: declarator -> line 630
2026-10-06 12:48:16.070 | INFO     | transformer:__default__:36 - DEBUG transformer: init_declarator -> line 630
2026-10-06 12:48:16.070 | INFO     | transformer:__default__:36 - DEBUG transformer: init_declarator_list -> line 630
2026-10-06 12:48:16.070 | INFO     | transformer:__default__:36 - DEBUG transformer: declaration -> line 630
2026-10-06 12:48:16.070 | INFO     | transformer:__default__:36 - DEBUG transformer: arg_list -> line 631
2026-10-06 12:48:16.070 | INFO     | transformer:__default__:36 - DEBUG transformer: call_suffix -> line 631
2026-10-06 12:48:16.070 | INFO     | transformer:__default__:36 - DEBUG transformer: postfix -> line 631
2026-10-06 12:48:16.070 | INFO     | transformer:__default__:36 - DEBUG transformer: expr_stmt -> line 631
2026-10-06 12:48:16.070 | INFO     | transformer:__default__:36 - DEBUG transformer: int -> line 632
2026-10-06 12:48:16.070 | INFO     | transformer:__default__:36 - DEBUG transformer: type_specifier -> line 632
2026-10-06 12:48:16.070 | INFO     | transformer:__default__:36 - DEBUG transformer: cast -> line 632
2026-10-06 12:48:16.070 | INFO     | transformer:__default__:36 - DEBUG transformer: arg_list -> line 632
2026-10-06 12:48:16.070 | INFO     | transformer:__default__:36 - DEBUG transformer: call_suffix -> line 632
2026-10-06 12:48:16.071 | INFO     | transformer:__default__:36 - DEBUG transformer: postfix -> line 632
2026-10-06 12:48:16.071 | INFO     | transformer:__default__:36 - DEBUG transformer: expr_stmt -> line 632
2026-10-06 12:48:16.071 | INFO     | transformer:__default__:36 - DEBUG transformer: arg_list -> line 633
2026-10-06 12:48:16.071 | INFO     | transformer:__default__:36 - DEBUG transformer: call_suffix -> line 633
2026-10-06 12:48:16.071 | INFO     | transformer:__default__:36 - DEBUG transformer: postfix -> line 633
2026-10-06 12:48:16.071 | INFO     | transformer:__default__:36 - DEBUG transformer: expr_stmt -> line 633
2026-10-06 12:48:16.071 | INFO     | transformer:__default__:36 - DEBUG transformer: arg_list -> line 634
2026-10-06 12:48:16.071 | INFO     | transformer:__default__:36 - DEBUG transformer: call_suffix -> line 634
2026-10-06 12:48:16.071 | INFO     | transformer:__default__:36 - DEBUG transformer: postfix -> line 634
2026-10-06 12:48:16.071 | INFO     | transformer:__default__:36 - DEBUG transformer: expr_stmt -> line 634
2026-10-06 12:48:16.071 | INFO     | transformer:__default__:36 - DEBUG transformer: array_index -> line 635
2026-10-06 12:48:16.071 | INFO     | transformer:__default__:36 - DEBUG transformer: postfix -> line 635
2026-10-06 12:48:16.071 | INFO     | transformer:__default__:36 - DEBUG transformer: neq -> line 635
2026-10-06 12:48:16.071 | INFO     | transformer:__default__:36 - DEBUG transformer: equality -> line 635
2026-10-06 12:48:16.071 | INFO     | transformer:__default__:36 - DEBUG transformer: array_index -> line 635
2026-10-06 12:48:16.071 | INFO     | transformer:__default__:36 - DEBUG transformer: postfix -> line 635
2026-10-06 12:48:16.071 | INFO     | transformer:__default__:36 - DEBUG transformer: neq -> line 635
2026-10-06 12:48:16.071 | INFO     | transformer:__default__:36 - DEBUG transformer: equality -> line 635
2026-10-06 12:48:16.071 | INFO     | transformer:__default__:36 - DEBUG transformer: array_index -> line 635
2026-10-06 12:48:16.071 | INFO     | transformer:__default__:36 - DEBUG transformer: postfix -> line 635
2026-10-06 12:48:16.071 | INFO     | transformer:__default__:36 - DEBUG transformer: neq -> line 635
2026-10-06 12:48:16.071 | INFO     | transformer:__default__:36 - DEBUG transformer: equality -> line 635
2026-10-06 12:48:16.071 | INFO     | transformer:__default__:36 - DEBUG transformer: array_index -> line 635
2026-10-06 12:48:16.071 | INFO     | transformer:__default__:36 - DEBUG transformer: postfix -> line 635
2026-10-06 12:48:16.071 | INFO     | transformer:__default__:36 - DEBUG transformer: neq -> line 635
2026-10-06 12:48:16.071 | INFO     | transformer:__default__:36 - DEBUG transformer: equality -> line 635
2026-10-06 12:48:16.071 | INFO     | transformer:__default__:36 - DEBUG transformer: array_index -> line 635
2026-10-06 12:48:16.071 | INFO     | transformer:__default__:36 - DEBUG transformer: postfix -> line 635
2026-10-06 12:48:16.071 | INFO     | transformer:__default__:36 - DEBUG transformer: neq -> line 635
2026-10-06 12:48:16.071 | INFO     | transformer:__default__:36 - DEBUG transformer: equality -> line 635
2026-10-06 12:48:16.071 | INFO     | transformer:__default__:36 - DEBUG transformer: array_index -> line 635
2026-10-06 12:48:16.071 | INFO     | transformer:__default__:36 - DEBUG transformer: postfix -> line 635
2026-10-06 12:48:16.071 | INFO     | transformer:__default__:36 - DEBUG transformer: neq -> line 635
2026-10-06 12:48:16.071 | INFO     | transformer:__default__:36 - DEBUG transformer: equality -> line 635
2026-10-06 12:48:16.071 | INFO     | transformer:__default__:36 - DEBUG transformer: logic_or -> line 635
2026-10-06 12:48:16.071 | INFO     | transformer:__default__:36 - DEBUG transformer: call_suffix -> line 637
2026-10-06 12:48:16.071 | INFO     | transformer:__default__:36 - DEBUG transformer: postfix -> line 637
2026-10-06 12:48:16.071 | INFO     | transformer:__default__:36 - DEBUG transformer: expr_stmt -> line 637
2026-10-06 12:48:16.072 | INFO     | transformer:__default__:36 - DEBUG transformer: compound_stmt -> line 636
2026-10-06 12:48:16.072 | INFO     | transformer:__default__:36 - DEBUG transformer: if_stmt -> line 635
2026-10-06 12:48:16.072 | INFO     | transformer:__default__:36 - DEBUG transformer: return_stmt -> line 639
2026-10-06 12:48:16.072 | INFO     | transformer:__default__:36 - DEBUG transformer: compound_stmt -> line 629
2026-10-06 12:48:16.072 | INFO     | transformer:__default__:36 - DEBUG transformer: function_def -> line 628
2026-10-06 12:48:16.072 | INFO     | transformer:__default__:36 - DEBUG transformer: external_decl -> line 628
2026-10-06 12:48:16.072 | INFO     | transformer:__default__:36 - DEBUG transformer: void -> line 641
2026-10-06 12:48:16.072 | INFO     | transformer:__default__:36 - DEBUG transformer: type_specifier -> line 641
2026-10-06 12:48:16.072 | INFO     | transformer:__default__:36 - DEBUG transformer: declarator -> line 641
2026-10-06 12:48:16.072 | INFO     | transformer:__default__:36 - DEBUG transformer: char -> line 641
2026-10-06 12:48:16.072 | INFO     | transformer:__default__:36 - DEBUG transformer: pointer -> line 641
2026-10-06 12:48:16.072 | INFO     | transformer:__default__:36 - DEBUG transformer: type_specifier -> line 641
2026-10-06 12:48:16.072 | INFO     | transformer:__default__:36 - DEBUG transformer: declarator -> line 641
2026-10-06 12:48:16.072 | INFO     | transformer:__default__:36 - DEBUG transformer: param -> line 641
2026-10-06 12:48:16.072 | INFO     | transformer:__default__:36 - DEBUG transformer: char -> line 641
2026-10-06 12:48:16.072 | INFO     | transformer:__default__:36 - DEBUG transformer: pointer -> line 641
2026-10-06 12:48:16.072 | INFO     | transformer:__default__:36 - DEBUG transformer: type_specifier -> line 641
2026-10-06 12:48:16.072 | INFO     | transformer:__default__:36 - DEBUG transformer: declarator -> line 641
2026-10-06 12:48:16.072 | INFO     | transformer:__default__:36 - DEBUG transformer: param -> line 641
2026-10-06 12:48:16.072 | INFO     | transformer:__default__:36 - DEBUG transformer: param_list -> line 641
2026-10-06 12:48:16.072 | INFO     | transformer:__default__:36 - DEBUG transformer: char -> line 643
2026-10-06 12:48:16.072 | INFO     | transformer:__default__:36 - DEBUG transformer: type_specifier -> line 643
2026-10-06 12:48:16.072 | INFO     | transformer:__default__:36 - DEBUG transformer: array -> line 643
2026-10-06 12:48:16.072 | INFO     | transformer:__default__:36 - DEBUG transformer: declarator -> line 643
2026-10-06 12:48:16.072 | INFO     | transformer:__default__:36 - DEBUG transformer: init_declarator -> line 643
2026-10-06 12:48:16.072 | INFO     | transformer:__default__:36 - DEBUG transformer: init_declarator_list -> line 643
2026-10-06 12:48:16.072 | INFO     | transformer:__default__:36 - DEBUG transformer: declaration -> line 643
2026-10-06 12:48:16.072 | INFO     | transformer:__default__:36 - DEBUG transformer: int -> line 644
2026-10-06 12:48:16.072 | INFO     | transformer:__default__:36 - DEBUG transformer: type_specifier -> line 644
2026-10-06 12:48:16.072 | INFO     | transformer:__default__:36 - DEBUG transformer: declarator -> line 644
2026-10-06 12:48:16.072 | INFO     | transformer:__default__:36 - DEBUG transformer: init_declarator -> line 644
2026-10-06 12:48:16.072 | INFO     | transformer:__default__:36 - DEBUG transformer: init_declarator_list -> line 644
2026-10-06 12:48:16.072 | INFO     | transformer:__default__:36 - DEBUG transformer: declaration -> line 644
2026-10-06 12:48:16.072 | INFO     | transformer:__default__:36 - DEBUG transformer: lt -> line 644
2026-10-06 12:48:16.072 | INFO     | transformer:__default__:36 - DEBUG transformer: relational -> line 644
2026-10-06 12:48:16.072 | INFO     | transformer:__default__:36 - DEBUG transformer: post_inc -> line 644
2026-10-06 12:48:16.072 | INFO     | transformer:__default__:36 - DEBUG transformer: postfix -> line 644
2026-10-06 12:48:16.072 | INFO     | transformer:__default__:36 - DEBUG transformer: array_index -> line 646
2026-10-06 12:48:16.072 | INFO     | transformer:__default__:36 - DEBUG transformer: postfix -> line 646
2026-10-06 12:48:16.072 | INFO     | transformer:__default__:36 - DEBUG transformer: assignment -> line 646
2026-10-06 12:48:16.073 | INFO     | transformer:__default__:36 - DEBUG transformer: expr_stmt -> line 646
2026-10-06 12:48:16.073 | INFO     | transformer:__default__:36 - DEBUG transformer: compound_stmt -> line 645
2026-10-06 12:48:16.073 | INFO     | transformer:__default__:36 - DEBUG transformer: for_stmt -> line 644
2026-10-06 12:48:16.073 | INFO     | transformer:__default__:36 - DEBUG transformer: int -> line 648
2026-10-06 12:48:16.073 | INFO     | transformer:__default__:36 - DEBUG transformer: type_specifier -> line 648
2026-10-06 12:48:16.073 | INFO     | transformer:__default__:36 - DEBUG transformer: declarator -> line 648
2026-10-06 12:48:16.073 | INFO     | transformer:__default__:36 - DEBUG transformer: init_declarator -> line 648
2026-10-06 12:48:16.073 | INFO     | transformer:__default__:36 - DEBUG transformer: init_declarator_list -> line 648
2026-10-06 12:48:16.073 | INFO     | transformer:__default__:36 - DEBUG transformer: declaration -> line 648
2026-10-06 12:48:16.073 | INFO     | transformer:__default__:36 - DEBUG transformer: int -> line 649
2026-10-06 12:48:16.073 | INFO     | transformer:__default__:36 - DEBUG transformer: type_specifier -> line 649
2026-10-06 12:48:16.073 | INFO     | transformer:__default__:36 - DEBUG transformer: declarator -> line 649
2026-10-06 12:48:16.073 | INFO     | transformer:__default__:36 - DEBUG transformer: init_declarator -> line 649
2026-10-06 12:48:16.073 | INFO     | transformer:__default__:36 - DEBUG transformer: init_declarator_list -> line 649
2026-10-06 12:48:16.073 | INFO     | transformer:__default__:36 - DEBUG transformer: declaration -> line 649
2026-10-06 12:48:16.073 | INFO     | transformer:__default__:36 - DEBUG transformer: lt -> line 649
2026-10-06 12:48:16.073 | INFO     | transformer:__default__:36 - DEBUG transformer: relational -> line 649
2026-10-06 12:48:16.073 | INFO     | transformer:__default__:36 - DEBUG transformer: post_inc -> line 649
2026-10-06 12:48:16.073 | INFO     | transformer:__default__:36 - DEBUG transformer: postfix -> line 649
2026-10-06 12:48:16.073 | INFO     | transformer:__default__:36 - DEBUG transformer: not -> line 651
2026-10-06 12:48:16.073 | INFO     | transformer:__default__:36 - DEBUG transformer: unary -> line 651
2026-10-06 12:48:16.073 | INFO     | transformer:__default__:36 - DEBUG transformer: int -> line 653
2026-10-06 12:48:16.073 | INFO     | transformer:__default__:36 - DEBUG transformer: type_specifier -> line 653
2026-10-06 12:48:16.073 | INFO     | transformer:__default__:36 - DEBUG transformer: declarator -> line 653
2026-10-06 12:48:16.073 | INFO     | transformer:__default__:36 - DEBUG transformer: array_index -> line 653
2026-10-06 12:48:16.073 | INFO     | transformer:__default__:36 - DEBUG transformer: postfix -> line 653
2026-10-06 12:48:16.073 | INFO     | transformer:__default__:36 - DEBUG transformer: init_declarator -> line 653
2026-10-06 12:48:16.073 | INFO     | transformer:__default__:36 - DEBUG transformer: init_declarator_list -> line 653
2026-10-06 12:48:16.073 | INFO     | transformer:__default__:36 - DEBUG transformer: declaration -> line 653
2026-10-06 12:48:16.073 | INFO     | transformer:__default__:36 - DEBUG transformer: array_index -> line 654
2026-10-06 12:48:16.073 | INFO     | transformer:__default__:36 - DEBUG transformer: postfix -> line 654
2026-10-06 12:48:16.073 | INFO     | transformer:__default__:36 - DEBUG transformer: assignment -> line 654
2026-10-06 12:48:16.073 | INFO     | transformer:__default__:36 - DEBUG transformer: expr_stmt -> line 654
2026-10-06 12:48:16.073 | INFO     | transformer:__default__:36 - DEBUG transformer: eq -> line 655
2026-10-06 12:48:16.073 | INFO     | transformer:__default__:36 - DEBUG transformer: equality -> line 655
2026-10-06 12:48:16.073 | INFO     | transformer:__default__:36 - DEBUG transformer: assignment -> line 657
2026-10-06 12:48:16.073 | INFO     | transformer:__default__:36 - DEBUG transformer: expr_stmt -> line 657
2026-10-06 12:48:16.073 | INFO     | transformer:__default__:36 - DEBUG transformer: compound_stmt -> line 656
2026-10-06 12:48:16.074 | INFO     | transformer:__default__:36 - DEBUG transformer: if_stmt -> line 655
2026-10-06 12:48:16.074 | INFO     | transformer:__default__:36 - DEBUG transformer: compound_stmt -> line 652
2026-10-06 12:48:16.074 | INFO     | transformer:__default__:36 - DEBUG transformer: array_index -> line 662
2026-10-06 12:48:16.074 | INFO     | transformer:__default__:36 - DEBUG transformer: postfix -> line 662
2026-10-06 12:48:16.074 | INFO     | transformer:__default__:36 - DEBUG transformer: assignment -> line 662
2026-10-06 12:48:16.074 | INFO     | transformer:__default__:36 - DEBUG transformer: expr_stmt -> line 662
2026-10-06 12:48:16.074 | INFO     | transformer:__default__:36 - DEBUG transformer: compound_stmt -> line 661
2026-10-06 12:48:16.074 | INFO     | transformer:__default__:36 - DEBUG transformer: if_stmt -> line 651
2026-10-06 12:48:16.074 | INFO     | transformer:__default__:36 - DEBUG transformer: compound_stmt -> line 650
2026-10-06 12:48:16.074 | INFO     | transformer:__default__:36 - DEBUG transformer: for_stmt -> line 649
2026-10-06 12:48:16.074 | INFO     | transformer:__default__:36 - DEBUG transformer: int -> line 666
2026-10-06 12:48:16.074 | INFO     | transformer:__default__:36 - DEBUG transformer: type_specifier -> line 666
2026-10-06 12:48:16.074 | INFO     | transformer:__default__:36 - DEBUG transformer: declarator -> line 666
2026-10-06 12:48:16.074 | INFO     | transformer:__default__:36 - DEBUG transformer: arg_list -> line 666
2026-10-06 12:48:16.074 | INFO     | transformer:__default__:36 - DEBUG transformer: call_suffix -> line 666
2026-10-06 12:48:16.074 | INFO     | transformer:__default__:36 - DEBUG transformer: postfix -> line 666
2026-10-06 12:48:16.074 | INFO     | transformer:__default__:36 - DEBUG transformer: init_declarator -> line 666
2026-10-06 12:48:16.074 | INFO     | transformer:__default__:36 - DEBUG transformer: init_declarator_list -> line 666
2026-10-06 12:48:16.074 | INFO     | transformer:__default__:36 - DEBUG transformer: declaration -> line 666
2026-10-06 12:48:16.074 | INFO     | transformer:__default__:36 - DEBUG transformer: int -> line 667
2026-10-06 12:48:16.074 | INFO     | transformer:__default__:36 - DEBUG transformer: type_specifier -> line 667
2026-10-06 12:48:16.074 | INFO     | transformer:__default__:36 - DEBUG transformer: declarator -> line 667
2026-10-06 12:48:16.074 | INFO     | transformer:__default__:36 - DEBUG transformer: init_declarator -> line 667
2026-10-06 12:48:16.074 | INFO     | transformer:__default__:36 - DEBUG transformer: init_declarator_list -> line 667
2026-10-06 12:48:16.074 | INFO     | transformer:__default__:36 - DEBUG transformer: declaration -> line 667
2026-10-06 12:48:16.074 | INFO     | transformer:__default__:36 - DEBUG transformer: array_index -> line 669
2026-10-06 12:48:16.074 | INFO     | transformer:__default__:36 - DEBUG transformer: postfix -> line 669
2026-10-06 12:48:16.074 | INFO     | transformer:__default__:36 - DEBUG transformer: rshift -> line 669
2026-10-06 12:48:16.074 | INFO     | transformer:__default__:36 - DEBUG transformer: shift -> line 669
2026-10-06 12:48:16.074 | INFO     | transformer:__default__:36 - DEBUG transformer: bit_and -> line 669
2026-10-06 12:48:16.074 | INFO     | transformer:__default__:36 - DEBUG transformer: assignment -> line 669
2026-10-06 12:48:16.074 | INFO     | transformer:__default__:36 - DEBUG transformer: expr_stmt -> line 669
2026-10-06 12:48:16.074 | INFO     | transformer:__default__:36 - DEBUG transformer: array_index -> line 670
2026-10-06 12:48:16.074 | INFO     | transformer:__default__:36 - DEBUG transformer: postfix -> line 670
2026-10-06 12:48:16.074 | INFO     | transformer:__default__:36 - DEBUG transformer: rshift -> line 670
2026-10-06 12:48:16.074 | INFO     | transformer:__default__:36 - DEBUG transformer: shift -> line 670
2026-10-06 12:48:16.074 | INFO     | transformer:__default__:36 - DEBUG transformer: bit_and -> line 670
2026-10-06 12:48:16.074 | INFO     | transformer:__default__:36 - DEBUG transformer: assignment -> line 670
2026-10-06 12:48:16.074 | INFO     | transformer:__default__:36 - DEBUG transformer: expr_stmt -> line 670
2026-10-06 12:48:16.074 | INFO     | transformer:__default__:36 - DEBUG transformer: array_index -> line 671
2026-10-06 12:48:16.075 | INFO     | transformer:__default__:36 - DEBUG transformer: postfix -> line 671
2026-10-06 12:48:16.075 | INFO     | transformer:__default__:36 - DEBUG transformer: rshift -> line 671
2026-10-06 12:48:16.075 | INFO     | transformer:__default__:36 - DEBUG transformer: shift -> line 671
2026-10-06 12:48:16.075 | INFO     | transformer:__default__:36 - DEBUG transformer: bit_and -> line 671
2026-10-06 12:48:16.075 | INFO     | transformer:__default__:36 - DEBUG transformer: assignment -> line 671
2026-10-06 12:48:16.075 | INFO     | transformer:__default__:36 - DEBUG transformer: expr_stmt -> line 671
2026-10-06 12:48:16.075 | INFO     | transformer:__default__:36 - DEBUG transformer: array_index -> line 672
2026-10-06 12:48:16.075 | INFO     | transformer:__default__:36 - DEBUG transformer: postfix -> line 672
2026-10-06 12:48:16.075 | INFO     | transformer:__default__:36 - DEBUG transformer: bit_and -> line 672
2026-10-06 12:48:16.075 | INFO     | transformer:__default__:36 - DEBUG transformer: assignment -> line 672
2026-10-06 12:48:16.075 | INFO     | transformer:__default__:36 - DEBUG transformer: expr_stmt -> line 672
2026-10-06 12:48:16.075 | INFO     | transformer:__default__:36 - DEBUG transformer: array_index -> line 673
2026-10-06 12:48:16.075 | INFO     | transformer:__default__:36 - DEBUG transformer: postfix -> line 673
2026-10-06 12:48:16.075 | INFO     | transformer:__default__:36 - DEBUG transformer: rshift -> line 673
2026-10-06 12:48:16.075 | INFO     | transformer:__default__:36 - DEBUG transformer: shift -> line 673
2026-10-06 12:48:16.075 | INFO     | transformer:__default__:36 - DEBUG transformer: bit_and -> line 673
2026-10-06 12:48:16.075 | INFO     | transformer:__default__:36 - DEBUG transformer: assignment -> line 673
2026-10-06 12:48:16.075 | INFO     | transformer:__default__:36 - DEBUG transformer: expr_stmt -> line 673
2026-10-06 12:48:16.075 | INFO     | transformer:__default__:36 - DEBUG transformer: array_index -> line 674
2026-10-06 12:48:16.075 | INFO     | transformer:__default__:36 - DEBUG transformer: postfix -> line 674
2026-10-06 12:48:16.075 | INFO     | transformer:__default__:36 - DEBUG transformer: rshift -> line 674
2026-10-06 12:48:16.075 | INFO     | transformer:__default__:36 - DEBUG transformer: shift -> line 674
2026-10-06 12:48:16.075 | INFO     | transformer:__default__:36 - DEBUG transformer: bit_and -> line 674
2026-10-06 12:48:16.075 | INFO     | transformer:__default__:36 - DEBUG transformer: assignment -> line 674
2026-10-06 12:48:16.075 | INFO     | transformer:__default__:36 - DEBUG transformer: expr_stmt -> line 674
2026-10-06 12:48:16.075 | INFO     | transformer:__default__:36 - DEBUG transformer: array_index -> line 675
2026-10-06 12:48:16.075 | INFO     | transformer:__default__:36 - DEBUG transformer: postfix -> line 675
2026-10-06 12:48:16.075 | INFO     | transformer:__default__:36 - DEBUG transformer: rshift -> line 675
2026-10-06 12:48:16.075 | INFO     | transformer:__default__:36 - DEBUG transformer: shift -> line 675
2026-10-06 12:48:16.075 | INFO     | transformer:__default__:36 - DEBUG transformer: bit_and -> line 675
2026-10-06 12:48:16.075 | INFO     | transformer:__default__:36 - DEBUG transformer: assignment -> line 675
2026-10-06 12:48:16.075 | INFO     | transformer:__default__:36 - DEBUG transformer: expr_stmt -> line 675
2026-10-06 12:48:16.075 | INFO     | transformer:__default__:36 - DEBUG transformer: array_index -> line 676
2026-10-06 12:48:16.075 | INFO     | transformer:__default__:36 - DEBUG transformer: postfix -> line 676
2026-10-06 12:48:16.075 | INFO     | transformer:__default__:36 - DEBUG transformer: bit_and -> line 676
2026-10-06 12:48:16.075 | INFO     | transformer:__default__:36 - DEBUG transformer: assignment -> line 676
2026-10-06 12:48:16.075 | INFO     | transformer:__default__:36 - DEBUG transformer: expr_stmt -> line 676
2026-10-06 12:48:16.076 | INFO     | transformer:__default__:36 - DEBUG transformer: arg_list -> line 679
2026-10-06 12:48:16.076 | INFO     | transformer:__default__:36 - DEBUG transformer: call_suffix -> line 679
2026-10-06 12:48:16.076 | INFO     | transformer:__default__:36 - DEBUG transformer: postfix -> line 679
2026-10-06 12:48:16.076 | INFO     | transformer:__default__:36 - DEBUG transformer: expr_stmt -> line 679
2026-10-06 12:48:16.076 | INFO     | transformer:__default__:36 - DEBUG transformer: int -> line 680
2026-10-06 12:48:16.076 | INFO     | transformer:__default__:36 - DEBUG transformer: type_specifier -> line 680
2026-10-06 12:48:16.076 | INFO     | transformer:__default__:36 - DEBUG transformer: cast -> line 680
2026-10-06 12:48:16.076 | INFO     | transformer:__default__:36 - DEBUG transformer: arg_list -> line 680
2026-10-06 12:48:16.076 | INFO     | transformer:__default__:36 - DEBUG transformer: call_suffix -> line 680
2026-10-06 12:48:16.076 | INFO     | transformer:__default__:36 - DEBUG transformer: postfix -> line 680
2026-10-06 12:48:16.076 | INFO     | transformer:__default__:36 - DEBUG transformer: expr_stmt -> line 680
2026-10-06 12:48:16.076 | INFO     | transformer:__default__:36 - DEBUG transformer: arg_list -> line 681
2026-10-06 12:48:16.076 | INFO     | transformer:__default__:36 - DEBUG transformer: call_suffix -> line 681
2026-10-06 12:48:16.076 | INFO     | transformer:__default__:36 - DEBUG transformer: postfix -> line 681
2026-10-06 12:48:16.076 | INFO     | transformer:__default__:36 - DEBUG transformer: expr_stmt -> line 681
2026-10-06 12:48:16.076 | INFO     | transformer:__default__:36 - DEBUG transformer: arg_list -> line 682
2026-10-06 12:48:16.076 | INFO     | transformer:__default__:36 - DEBUG transformer: call_suffix -> line 682
2026-10-06 12:48:16.076 | INFO     | transformer:__default__:36 - DEBUG transformer: postfix -> line 682
2026-10-06 12:48:16.076 | INFO     | transformer:__default__:36 - DEBUG transformer: expr_stmt -> line 682
2026-10-06 12:48:16.076 | INFO     | transformer:__default__:36 - DEBUG transformer: int -> line 684
2026-10-06 12:48:16.076 | INFO     | transformer:__default__:36 - DEBUG transformer: type_specifier -> line 684
2026-10-06 12:48:16.076 | INFO     | transformer:__default__:36 - DEBUG transformer: declarator -> line 684
2026-10-06 12:48:16.076 | INFO     | transformer:__default__:36 - DEBUG transformer: init_declarator -> line 684
2026-10-06 12:48:16.076 | INFO     | transformer:__default__:36 - DEBUG transformer: init_declarator_list -> line 684
2026-10-06 12:48:16.076 | INFO     | transformer:__default__:36 - DEBUG transformer: declaration -> line 684
2026-10-06 12:48:16.076 | INFO     | transformer:__default__:36 - DEBUG transformer: lt -> line 684
2026-10-06 12:48:16.076 | INFO     | transformer:__default__:36 - DEBUG transformer: relational -> line 684
2026-10-06 12:48:16.076 | INFO     | transformer:__default__:36 - DEBUG transformer: post_inc -> line 684
2026-10-06 12:48:16.076 | INFO     | transformer:__default__:36 - DEBUG transformer: postfix -> line 684
2026-10-06 12:48:16.076 | INFO     | transformer:__default__:36 - DEBUG transformer: array_index -> line 686
2026-10-06 12:48:16.076 | INFO     | transformer:__default__:36 - DEBUG transformer: postfix -> line 686
2026-10-06 12:48:16.076 | INFO     | transformer:__default__:36 - DEBUG transformer: assignment -> line 686
2026-10-06 12:48:16.076 | INFO     | transformer:__default__:36 - DEBUG transformer: expr_stmt -> line 686
2026-10-06 12:48:16.076 | INFO     | transformer:__default__:36 - DEBUG transformer: compound_stmt -> line 685
2026-10-06 12:48:16.076 | INFO     | transformer:__default__:36 - DEBUG transformer: for_stmt -> line 684
2026-10-06 12:48:16.076 | INFO     | transformer:__default__:36 - DEBUG transformer: int -> line 688
2026-10-06 12:48:16.076 | INFO     | transformer:__default__:36 - DEBUG transformer: type_specifier -> line 688
2026-10-06 12:48:16.076 | INFO     | transformer:__default__:36 - DEBUG transformer: declarator -> line 688
2026-10-06 12:48:16.077 | INFO     | transformer:__default__:36 - DEBUG transformer: init_declarator -> line 688
2026-10-06 12:48:16.077 | INFO     | transformer:__default__:36 - DEBUG transformer: init_declarator_list -> line 688
2026-10-06 12:48:16.077 | INFO     | transformer:__default__:36 - DEBUG transformer: declaration -> line 688
2026-10-06 12:48:16.077 | INFO     | transformer:__default__:36 - DEBUG transformer: int -> line 689
2026-10-06 12:48:16.077 | INFO     | transformer:__default__:36 - DEBUG transformer: type_specifier -> line 689
2026-10-06 12:48:16.077 | INFO     | transformer:__default__:36 - DEBUG transformer: declarator -> line 689
2026-10-06 12:48:16.077 | INFO     | transformer:__default__:36 - DEBUG transformer: init_declarator -> line 689
2026-10-06 12:48:16.077 | INFO     | transformer:__default__:36 - DEBUG transformer: init_declarator_list -> line 689
2026-10-06 12:48:16.077 | INFO     | transformer:__default__:36 - DEBUG transformer: declaration -> line 689
2026-10-06 12:48:16.077 | INFO     | transformer:__default__:36 - DEBUG transformer: lt -> line 689
2026-10-06 12:48:16.077 | INFO     | transformer:__default__:36 - DEBUG transformer: relational -> line 689
2026-10-06 12:48:16.077 | INFO     | transformer:__default__:36 - DEBUG transformer: post_inc -> line 689
2026-10-06 12:48:16.077 | INFO     | transformer:__default__:36 - DEBUG transformer: postfix -> line 689
2026-10-06 12:48:16.077 | INFO     | transformer:__default__:36 - DEBUG transformer: not -> line 691
2026-10-06 12:48:16.077 | INFO     | transformer:__default__:36 - DEBUG transformer: unary -> line 691
2026-10-06 12:48:16.077 | INFO     | transformer:__default__:36 - DEBUG transformer: int -> line 693
2026-10-06 12:48:16.077 | INFO     | transformer:__default__:36 - DEBUG transformer: type_specifier -> line 693
2026-10-06 12:48:16.077 | INFO     | transformer:__default__:36 - DEBUG transformer: declarator -> line 693
2026-10-06 12:48:16.077 | INFO     | transformer:__default__:36 - DEBUG transformer: array_index -> line 693
2026-10-06 12:48:16.077 | INFO     | transformer:__default__:36 - DEBUG transformer: postfix -> line 693
2026-10-06 12:48:16.077 | INFO     | transformer:__default__:36 - DEBUG transformer: init_declarator -> line 693
2026-10-06 12:48:16.077 | INFO     | transformer:__default__:36 - DEBUG transformer: init_declarator_list -> line 693
2026-10-06 12:48:16.077 | INFO     | transformer:__default__:36 - DEBUG transformer: declaration -> line 693
2026-10-06 12:48:16.077 | INFO     | transformer:__default__:36 - DEBUG transformer: array_index -> line 694
2026-10-06 12:48:16.077 | INFO     | transformer:__default__:36 - DEBUG transformer: postfix -> line 694
2026-10-06 12:48:16.077 | INFO     | transformer:__default__:36 - DEBUG transformer: assignment -> line 694
2026-10-06 12:48:16.077 | INFO     | transformer:__default__:36 - DEBUG transformer: expr_stmt -> line 694
2026-10-06 12:48:16.077 | INFO     | transformer:__default__:36 - DEBUG transformer: eq -> line 695
2026-10-06 12:48:16.077 | INFO     | transformer:__default__:36 - DEBUG transformer: equality -> line 695
2026-10-06 12:48:16.077 | INFO     | transformer:__default__:36 - DEBUG transformer: assignment -> line 697
2026-10-06 12:48:16.077 | INFO     | transformer:__default__:36 - DEBUG transformer: expr_stmt -> line 697
2026-10-06 12:48:16.077 | INFO     | transformer:__default__:36 - DEBUG transformer: compound_stmt -> line 696
2026-10-06 12:48:16.077 | INFO     | transformer:__default__:36 - DEBUG transformer: if_stmt -> line 695
2026-10-06 12:48:16.077 | INFO     | transformer:__default__:36 - DEBUG transformer: compound_stmt -> line 692
2026-10-06 12:48:16.077 | INFO     | transformer:__default__:36 - DEBUG transformer: array_index -> line 702
2026-10-06 12:48:16.077 | INFO     | transformer:__default__:36 - DEBUG transformer: postfix -> line 702
2026-10-06 12:48:16.077 | INFO     | transformer:__default__:36 - DEBUG transformer: assignment -> line 702
2026-10-06 12:48:16.077 | INFO     | transformer:__default__:36 - DEBUG transformer: expr_stmt -> line 702
2026-10-06 12:48:16.077 | INFO     | transformer:__default__:36 - DEBUG transformer: compound_stmt -> line 701
2026-10-06 12:48:16.077 | INFO     | transformer:__default__:36 - DEBUG transformer: if_stmt -> line 691
2026-10-06 12:48:16.078 | INFO     | transformer:__default__:36 - DEBUG transformer: compound_stmt -> line 690
2026-10-06 12:48:16.078 | INFO     | transformer:__default__:36 - DEBUG transformer: for_stmt -> line 689
2026-10-06 12:48:16.078 | INFO     | transformer:__default__:36 - DEBUG transformer: arg_list -> line 706
2026-10-06 12:48:16.078 | INFO     | transformer:__default__:36 - DEBUG transformer: call_suffix -> line 706
2026-10-06 12:48:16.078 | INFO     | transformer:__default__:36 - DEBUG transformer: postfix -> line 706
2026-10-06 12:48:16.078 | INFO     | transformer:__default__:36 - DEBUG transformer: expr_stmt -> line 706
2026-10-06 12:48:16.078 | INFO     | transformer:__default__:36 - DEBUG transformer: int -> line 707
2026-10-06 12:48:16.078 | INFO     | transformer:__default__:36 - DEBUG transformer: type_specifier -> line 707
2026-10-06 12:48:16.078 | INFO     | transformer:__default__:36 - DEBUG transformer: cast -> line 707
2026-10-06 12:48:16.078 | INFO     | transformer:__default__:36 - DEBUG transformer: arg_list -> line 707
2026-10-06 12:48:16.078 | INFO     | transformer:__default__:36 - DEBUG transformer: call_suffix -> line 707
2026-10-06 12:48:16.078 | INFO     | transformer:__default__:36 - DEBUG transformer: postfix -> line 707
2026-10-06 12:48:16.078 | INFO     | transformer:__default__:36 - DEBUG transformer: expr_stmt -> line 707
2026-10-06 12:48:16.078 | INFO     | transformer:__default__:36 - DEBUG transformer: arg_list -> line 708
2026-10-06 12:48:16.078 | INFO     | transformer:__default__:36 - DEBUG transformer: call_suffix -> line 708
2026-10-06 12:48:16.078 | INFO     | transformer:__default__:36 - DEBUG transformer: postfix -> line 708
2026-10-06 12:48:16.078 | INFO     | transformer:__default__:36 - DEBUG transformer: expr_stmt -> line 708
2026-10-06 12:48:16.078 | INFO     | transformer:__default__:36 - DEBUG transformer: arg_list -> line 709
2026-10-06 12:48:16.078 | INFO     | transformer:__default__:36 - DEBUG transformer: call_suffix -> line 709
2026-10-06 12:48:16.078 | INFO     | transformer:__default__:36 - DEBUG transformer: postfix -> line 709
2026-10-06 12:48:16.078 | INFO     | transformer:__default__:36 - DEBUG transformer: expr_stmt -> line 709
2026-10-06 12:48:16.078 | INFO     | transformer:__default__:36 - DEBUG transformer: return_stmt -> line 710
2026-10-06 12:48:16.078 | INFO     | transformer:__default__:36 - DEBUG transformer: compound_stmt -> line 641
2026-10-06 12:48:16.078 | INFO     | transformer:__default__:36 - DEBUG transformer: function_def -> line 641
2026-10-06 12:48:16.078 | INFO     | transformer:__default__:36 - DEBUG transformer: external_decl -> line 641
2026-10-06 12:48:16.078 | INFO     | transformer:__default__:36 - DEBUG transformer: void -> line 712
2026-10-06 12:48:16.078 | INFO     | transformer:__default__:36 - DEBUG transformer: type_specifier -> line 712
2026-10-06 12:48:16.078 | INFO     | transformer:__default__:36 - DEBUG transformer: declarator -> line 712
2026-10-06 12:48:16.078 | INFO     | transformer:__default__:36 - DEBUG transformer: char -> line 712
2026-10-06 12:48:16.078 | INFO     | transformer:__default__:36 - DEBUG transformer: pointer -> line 712
2026-10-06 12:48:16.078 | INFO     | transformer:__default__:36 - DEBUG transformer: type_specifier -> line 712
2026-10-06 12:48:16.078 | INFO     | transformer:__default__:36 - DEBUG transformer: declarator -> line 712
2026-10-06 12:48:16.078 | INFO     | transformer:__default__:36 - DEBUG transformer: param -> line 712
2026-10-06 12:48:16.078 | INFO     | transformer:__default__:36 - DEBUG transformer: char -> line 712
2026-10-06 12:48:16.078 | INFO     | transformer:__default__:36 - DEBUG transformer: pointer -> line 712
2026-10-06 12:48:16.078 | INFO     | transformer:__default__:36 - DEBUG transformer: type_specifier -> line 712
2026-10-06 12:48:16.078 | INFO     | transformer:__default__:36 - DEBUG transformer: declarator -> line 712
2026-10-06 12:48:16.078 | INFO     | transformer:__default__:36 - DEBUG transformer: param -> line 712
2026-10-06 12:48:16.078 | INFO     | transformer:__default__:36 - DEBUG transformer: param_list -> line 712
2026-10-06 12:48:16.078 | INFO     | transformer:__default__:36 - DEBUG transformer: char -> line 714
2026-10-06 12:48:16.079 | INFO     | transformer:__default__:36 - DEBUG transformer: type_specifier -> line 714
2026-10-06 12:48:16.079 | INFO     | transformer:__default__:36 - DEBUG transformer: array -> line 714
2026-10-06 12:48:16.079 | INFO     | transformer:__default__:36 - DEBUG transformer: declarator -> line 714
2026-10-06 12:48:16.079 | INFO     | transformer:__default__:36 - DEBUG transformer: init_declarator -> line 714
2026-10-06 12:48:16.079 | INFO     | transformer:__default__:36 - DEBUG transformer: init_declarator_list -> line 714
2026-10-06 12:48:16.079 | INFO     | transformer:__default__:36 - DEBUG transformer: declaration -> line 714
2026-10-06 12:48:16.079 | INFO     | transformer:__default__:36 - DEBUG transformer: arg_list -> line 715
2026-10-06 12:48:16.079 | INFO     | transformer:__default__:36 - DEBUG transformer: call_suffix -> line 715
2026-10-06 12:48:16.079 | INFO     | transformer:__default__:36 - DEBUG transformer: postfix -> line 715
2026-10-06 12:48:16.079 | INFO     | transformer:__default__:36 - DEBUG transformer: expr_stmt -> line 715
2026-10-06 12:48:16.079 | INFO     | transformer:__default__:36 - DEBUG transformer: int -> line 716
2026-10-06 12:48:16.079 | INFO     | transformer:__default__:36 - DEBUG transformer: type_specifier -> line 716
2026-10-06 12:48:16.079 | INFO     | transformer:__default__:36 - DEBUG transformer: cast -> line 716
2026-10-06 12:48:16.079 | INFO     | transformer:__default__:36 - DEBUG transformer: arg_list -> line 716
2026-10-06 12:48:16.079 | INFO     | transformer:__default__:36 - DEBUG transformer: call_suffix -> line 716
2026-10-06 12:48:16.079 | INFO     | transformer:__default__:36 - DEBUG transformer: postfix -> line 716
2026-10-06 12:48:16.079 | INFO     | transformer:__default__:36 - DEBUG transformer: expr_stmt -> line 716
2026-10-06 12:48:16.079 | INFO     | transformer:__default__:36 - DEBUG transformer: arg_list -> line 717
2026-10-06 12:48:16.079 | INFO     | transformer:__default__:36 - DEBUG transformer: call_suffix -> line 717
2026-10-06 12:48:16.079 | INFO     | transformer:__default__:36 - DEBUG transformer: postfix -> line 717
2026-10-06 12:48:16.079 | INFO     | transformer:__default__:36 - DEBUG transformer: expr_stmt -> line 717
2026-10-06 12:48:16.079 | INFO     | transformer:__default__:36 - DEBUG transformer: arg_list -> line 718
2026-10-06 12:48:16.079 | INFO     | transformer:__default__:36 - DEBUG transformer: call_suffix -> line 718
2026-10-06 12:48:16.079 | INFO     | transformer:__default__:36 - DEBUG transformer: postfix -> line 718
2026-10-06 12:48:16.079 | INFO     | transformer:__default__:36 - DEBUG transformer: expr_stmt -> line 718
2026-10-06 12:48:16.079 | INFO     | transformer:__default__:36 - DEBUG transformer: int -> line 721
2026-10-06 12:48:16.079 | INFO     | transformer:__default__:36 - DEBUG transformer: type_specifier -> line 721
2026-10-06 12:48:16.079 | INFO     | transformer:__default__:36 - DEBUG transformer: declarator -> line 721
2026-10-06 12:48:16.079 | INFO     | transformer:__default__:36 - DEBUG transformer: init_declarator -> line 721
2026-10-06 12:48:16.079 | INFO     | transformer:__default__:36 - DEBUG transformer: init_declarator_list -> line 721
2026-10-06 12:48:16.079 | INFO     | transformer:__default__:36 - DEBUG transformer: declaration -> line 721
2026-10-06 12:48:16.079 | INFO     | transformer:__default__:36 - DEBUG transformer: int -> line 722
2026-10-06 12:48:16.079 | INFO     | transformer:__default__:36 - DEBUG transformer: type_specifier -> line 722
2026-10-06 12:48:16.079 | INFO     | transformer:__default__:36 - DEBUG transformer: declarator -> line 722
2026-10-06 12:48:16.079 | INFO     | transformer:__default__:36 - DEBUG transformer: init_declarator -> line 722
2026-10-06 12:48:16.079 | INFO     | transformer:__default__:36 - DEBUG transformer: init_declarator_list -> line 722
2026-10-06 12:48:16.079 | INFO     | transformer:__default__:36 - DEBUG transformer: declaration -> line 722
2026-10-06 12:48:16.079 | INFO     | transformer:__default__:36 - DEBUG transformer: int -> line 723
2026-10-06 12:48:16.079 | INFO     | transformer:__default__:36 - DEBUG transformer: type_specifier -> line 723
2026-10-06 12:48:16.080 | INFO     | transformer:__default__:36 - DEBUG transformer: declarator -> line 723
2026-10-06 12:48:16.080 | INFO     | transformer:__default__:36 - DEBUG transformer: init_declarator -> line 723
2026-10-06 12:48:16.080 | INFO     | transformer:__default__:36 - DEBUG transformer: init_declarator_list -> line 723
2026-10-06 12:48:16.080 | INFO     | transformer:__default__:36 - DEBUG transformer: declaration -> line 723
2026-10-06 12:48:16.080 | INFO     | transformer:__default__:36 - DEBUG transformer: lt -> line 723
2026-10-06 12:48:16.080 | INFO     | transformer:__default__:36 - DEBUG transformer: relational -> line 723
2026-10-06 12:48:16.080 | INFO     | transformer:__default__:36 - DEBUG transformer: post_inc -> line 723
2026-10-06 12:48:16.080 | INFO     | transformer:__default__:36 - DEBUG transformer: postfix -> line 723
2026-10-06 12:48:16.080 | INFO     | transformer:__default__:36 - DEBUG transformer: not -> line 725
2026-10-06 12:48:16.080 | INFO     | transformer:__default__:36 - DEBUG transformer: unary -> line 725
2026-10-06 12:48:16.080 | INFO     | transformer:__default__:36 - DEBUG transformer: int -> line 727
2026-10-06 12:48:16.080 | INFO     | transformer:__default__:36 - DEBUG transformer: type_specifier -> line 727
2026-10-06 12:48:16.080 | INFO     | transformer:__default__:36 - DEBUG transformer: declarator -> line 727
2026-10-06 12:48:16.080 | INFO     | transformer:__default__:36 - DEBUG transformer: array_index -> line 727
2026-10-06 12:48:16.080 | INFO     | transformer:__default__:36 - DEBUG transformer: postfix -> line 727
2026-10-06 12:48:16.080 | INFO     | transformer:__default__:36 - DEBUG transformer: init_declarator -> line 727
2026-10-06 12:48:16.080 | INFO     | transformer:__default__:36 - DEBUG transformer: init_declarator_list -> line 727
2026-10-06 12:48:16.080 | INFO     | transformer:__default__:36 - DEBUG transformer: declaration -> line 727
2026-10-06 12:48:16.080 | INFO     | transformer:__default__:36 - DEBUG transformer: int -> line 728
2026-10-06 12:48:16.080 | INFO     | transformer:__default__:36 - DEBUG transformer: type_specifier -> line 728
2026-10-06 12:48:16.080 | INFO     | transformer:__default__:36 - DEBUG transformer: declarator -> line 728
2026-10-06 12:48:16.080 | INFO     | transformer:__default__:36 - DEBUG transformer: array_index -> line 728
2026-10-06 12:48:16.080 | INFO     | transformer:__default__:36 - DEBUG transformer: postfix -> line 728
2026-10-06 12:48:16.080 | INFO     | transformer:__default__:36 - DEBUG transformer: bit_and -> line 728
2026-10-06 12:48:16.080 | INFO     | transformer:__default__:36 - DEBUG transformer: init_declarator -> line 728
2026-10-06 12:48:16.080 | INFO     | transformer:__default__:36 - DEBUG transformer: init_declarator_list -> line 728
2026-10-06 12:48:16.080 | INFO     | transformer:__default__:36 - DEBUG transformer: declaration -> line 728
2026-10-06 12:48:16.080 | INFO     | transformer:__default__:36 - DEBUG transformer: neq -> line 729
2026-10-06 12:48:16.080 | INFO     | transformer:__default__:36 - DEBUG transformer: equality -> line 729
2026-10-06 12:48:16.080 | INFO     | transformer:__default__:36 - DEBUG transformer: assignment -> line 731
2026-10-06 12:48:16.080 | INFO     | transformer:__default__:36 - DEBUG transformer: expr_stmt -> line 731
2026-10-06 12:48:16.080 | INFO     | transformer:__default__:36 - DEBUG transformer: compound_stmt -> line 730
2026-10-06 12:48:16.080 | INFO     | transformer:__default__:36 - DEBUG transformer: if_stmt -> line 729
2026-10-06 12:48:16.080 | INFO     | transformer:__default__:36 - DEBUG transformer: eq -> line 733
2026-10-06 12:48:16.080 | INFO     | transformer:__default__:36 - DEBUG transformer: equality -> line 733
2026-10-06 12:48:16.080 | INFO     | transformer:__default__:36 - DEBUG transformer: assignment -> line 735
2026-10-06 12:48:16.080 | INFO     | transformer:__default__:36 - DEBUG transformer: expr_stmt -> line 735
2026-10-06 12:48:16.080 | INFO     | transformer:__default__:36 - DEBUG transformer: compound_stmt -> line 734
2026-10-06 12:48:16.080 | INFO     | transformer:__default__:36 - DEBUG transformer: if_stmt -> line 733
2026-10-06 12:48:16.080 | INFO     | transformer:__default__:36 - DEBUG transformer: compound_stmt -> line 726
2026-10-06 12:48:16.081 | INFO     | transformer:__default__:36 - DEBUG transformer: if_stmt -> line 725
2026-10-06 12:48:16.081 | INFO     | transformer:__default__:36 - DEBUG transformer: compound_stmt -> line 724
2026-10-06 12:48:16.081 | INFO     | transformer:__default__:36 - DEBUG transformer: for_stmt -> line 723
2026-10-06 12:48:16.081 | INFO     | transformer:__default__:36 - DEBUG transformer: not -> line 740
2026-10-06 12:48:16.081 | INFO     | transformer:__default__:36 - DEBUG transformer: unary -> line 740
2026-10-06 12:48:16.081 | INFO     | transformer:__default__:36 - DEBUG transformer: array_index -> line 742
2026-10-06 12:48:16.081 | INFO     | transformer:__default__:36 - DEBUG transformer: postfix -> line 742
2026-10-06 12:48:16.081 | INFO     | transformer:__default__:36 - DEBUG transformer: assignment -> line 742
2026-10-06 12:48:16.081 | INFO     | transformer:__default__:36 - DEBUG transformer: expr_stmt -> line 742
2026-10-06 12:48:16.081 | INFO     | transformer:__default__:36 - DEBUG transformer: return_stmt -> line 743
2026-10-06 12:48:16.081 | INFO     | transformer:__default__:36 - DEBUG transformer: compound_stmt -> line 741
2026-10-06 12:48:16.081 | INFO     | transformer:__default__:36 - DEBUG transformer: if_stmt -> line 740
2026-10-06 12:48:16.081 | INFO     | transformer:__default__:36 - DEBUG transformer: int -> line 746
2026-10-06 12:48:16.081 | INFO     | transformer:__default__:36 - DEBUG transformer: type_specifier -> line 746
2026-10-06 12:48:16.081 | INFO     | transformer:__default__:36 - DEBUG transformer: declarator -> line 746
2026-10-06 12:48:16.081 | INFO     | transformer:__default__:36 - DEBUG transformer: array_index -> line 746
2026-10-06 12:48:16.081 | INFO     | transformer:__default__:36 - DEBUG transformer: postfix -> line 746
2026-10-06 12:48:16.081 | INFO     | transformer:__default__:36 - DEBUG transformer: bit_and -> line 746
2026-10-06 12:48:16.081 | INFO     | transformer:__default__:36 - DEBUG transformer: lshift -> line 746
2026-10-06 12:48:16.081 | INFO     | transformer:__default__:36 - DEBUG transformer: shift -> line 746
2026-10-06 12:48:16.081 | INFO     | transformer:__default__:36 - DEBUG transformer: array_index -> line 746
2026-10-06 12:48:16.081 | INFO     | transformer:__default__:36 - DEBUG transformer: postfix -> line 746
2026-10-06 12:48:16.081 | INFO     | transformer:__default__:36 - DEBUG transformer: bit_and -> line 746
2026-10-06 12:48:16.081 | INFO     | transformer:__default__:36 - DEBUG transformer: lshift -> line 746
2026-10-06 12:48:16.081 | INFO     | transformer:__default__:36 - DEBUG transformer: shift -> line 746
2026-10-06 12:48:16.081 | INFO     | transformer:__default__:36 - DEBUG transformer: array_index -> line 746
2026-10-06 12:48:16.081 | INFO     | transformer:__default__:36 - DEBUG transformer: postfix -> line 746
2026-10-06 12:48:16.081 | INFO     | transformer:__default__:36 - DEBUG transformer: bit_and -> line 746
2026-10-06 12:48:16.081 | INFO     | transformer:__default__:36 - DEBUG transformer: lshift -> line 746
2026-10-06 12:48:16.081 | INFO     | transformer:__default__:36 - DEBUG transformer: shift -> line 746
2026-10-06 12:48:16.081 | INFO     | transformer:__default__:36 - DEBUG transformer: array_index -> line 746
2026-10-06 12:48:16.081 | INFO     | transformer:__default__:36 - DEBUG transformer: postfix -> line 746
2026-10-06 12:48:16.081 | INFO     | transformer:__default__:36 - DEBUG transformer: bit_and -> line 746
2026-10-06 12:48:16.081 | INFO     | transformer:__default__:36 - DEBUG transformer: bit_or -> line 746
2026-10-06 12:48:16.081 | INFO     | transformer:__default__:36 - DEBUG transformer: init_declarator -> line 746
2026-10-06 12:48:16.081 | INFO     | transformer:__default__:36 - DEBUG transformer: init_declarator_list -> line 746
2026-10-06 12:48:16.081 | INFO     | transformer:__default__:36 - DEBUG transformer: declaration -> line 746
2026-10-06 12:48:16.081 | INFO     | transformer:__default__:36 - DEBUG transformer: int -> line 747
2026-10-06 12:48:16.081 | INFO     | transformer:__default__:36 - DEBUG transformer: type_specifier -> line 747
2026-10-06 12:48:16.082 | INFO     | transformer:__default__:36 - DEBUG transformer: declarator -> line 747
2026-10-06 12:48:16.082 | INFO     | transformer:__default__:36 - DEBUG transformer: array_index -> line 747
2026-10-06 12:48:16.082 | INFO     | transformer:__default__:36 - DEBUG transformer: postfix -> line 747
2026-10-06 12:48:16.082 | INFO     | transformer:__default__:36 - DEBUG transformer: bit_and -> line 747
2026-10-06 12:48:16.082 | INFO     | transformer:__default__:36 - DEBUG transformer: lshift -> line 747
2026-10-06 12:48:16.082 | INFO     | transformer:__default__:36 - DEBUG transformer: shift -> line 747
2026-10-06 12:48:16.082 | INFO     | transformer:__default__:36 - DEBUG transformer: array_index -> line 747
2026-10-06 12:48:16.082 | INFO     | transformer:__default__:36 - DEBUG transformer: postfix -> line 747
2026-10-06 12:48:16.082 | INFO     | transformer:__default__:36 - DEBUG transformer: bit_and -> line 747
2026-10-06 12:48:16.082 | INFO     | transformer:__default__:36 - DEBUG transformer: lshift -> line 747
2026-10-06 12:48:16.082 | INFO     | transformer:__default__:36 - DEBUG transformer: shift -> line 747
2026-10-06 12:48:16.082 | INFO     | transformer:__default__:36 - DEBUG transformer: array_index -> line 747
2026-10-06 12:48:16.082 | INFO     | transformer:__default__:36 - DEBUG transformer: postfix -> line 747
2026-10-06 12:48:16.082 | INFO     | transformer:__default__:36 - DEBUG transformer: bit_and -> line 747
2026-10-06 12:48:16.082 | INFO     | transformer:__default__:36 - DEBUG transformer: lshift -> line 747
2026-10-06 12:48:16.082 | INFO     | transformer:__default__:36 - DEBUG transformer: shift -> line 747
2026-10-06 12:48:16.082 | INFO     | transformer:__default__:36 - DEBUG transformer: array_index -> line 747
2026-10-06 12:48:16.082 | INFO     | transformer:__default__:36 - DEBUG transformer: postfix -> line 747
2026-10-06 12:48:16.082 | INFO     | transformer:__default__:36 - DEBUG transformer: bit_and -> line 747
2026-10-06 12:48:16.082 | INFO     | transformer:__default__:36 - DEBUG transformer: bit_or -> line 747
2026-10-06 12:48:16.082 | INFO     | transformer:__default__:36 - DEBUG transformer: init_declarator -> line 747
2026-10-06 12:48:16.082 | INFO     | transformer:__default__:36 - DEBUG transformer: init_declarator_list -> line 747
2026-10-06 12:48:16.082 | INFO     | transformer:__default__:36 - DEBUG transformer: declaration -> line 747
2026-10-06 12:48:16.082 | INFO     | transformer:__default__:36 - DEBUG transformer: arg_list -> line 750
2026-10-06 12:48:16.082 | INFO     | transformer:__default__:36 - DEBUG transformer: call_suffix -> line 750
2026-10-06 12:48:16.082 | INFO     | transformer:__default__:36 - DEBUG transformer: postfix -> line 750
2026-10-06 12:48:16.082 | INFO     | transformer:__default__:36 - DEBUG transformer: expr_stmt -> line 750
2026-10-06 12:48:16.082 | INFO     | transformer:__default__:36 - DEBUG transformer: int -> line 751
2026-10-06 12:48:16.082 | INFO     | transformer:__default__:36 - DEBUG transformer: type_specifier -> line 751
2026-10-06 12:48:16.082 | INFO     | transformer:__default__:36 - DEBUG transformer: cast -> line 751
2026-10-06 12:48:16.082 | INFO     | transformer:__default__:36 - DEBUG transformer: arg_list -> line 751
2026-10-06 12:48:16.082 | INFO     | transformer:__default__:36 - DEBUG transformer: call_suffix -> line 751
2026-10-06 12:48:16.082 | INFO     | transformer:__default__:36 - DEBUG transformer: postfix -> line 751
2026-10-06 12:48:16.082 | INFO     | transformer:__default__:36 - DEBUG transformer: expr_stmt -> line 751
2026-10-06 12:48:16.082 | INFO     | transformer:__default__:36 - DEBUG transformer: arg_list -> line 752
2026-10-06 12:48:16.082 | INFO     | transformer:__default__:36 - DEBUG transformer: call_suffix -> line 752
2026-10-06 12:48:16.082 | INFO     | transformer:__default__:36 - DEBUG transformer: postfix -> line 752
2026-10-06 12:48:16.082 | INFO     | transformer:__default__:36 - DEBUG transformer: expr_stmt -> line 752
2026-10-06 12:48:16.083 | INFO     | transformer:__default__:36 - DEBUG transformer: arg_list -> line 753
2026-10-06 12:48:16.083 | INFO     | transformer:__default__:36 - DEBUG transformer: call_suffix -> line 753
2026-10-06 12:48:16.083 | INFO     | transformer:__default__:36 - DEBUG transformer: postfix -> line 753
2026-10-06 12:48:16.083 | INFO     | transformer:__default__:36 - DEBUG transformer: expr_stmt -> line 753
2026-10-06 12:48:16.083 | INFO     | transformer:__default__:36 - DEBUG transformer: lt -> line 755
2026-10-06 12:48:16.083 | INFO     | transformer:__default__:36 - DEBUG transformer: relational -> line 755
2026-10-06 12:48:16.083 | INFO     | transformer:__default__:36 - DEBUG transformer: array_index -> line 757
2026-10-06 12:48:16.083 | INFO     | transformer:__default__:36 - DEBUG transformer: postfix -> line 757
2026-10-06 12:48:16.083 | INFO     | transformer:__default__:36 - DEBUG transformer: assignment -> line 757
2026-10-06 12:48:16.083 | INFO     | transformer:__default__:36 - DEBUG transformer: expr_stmt -> line 757
2026-10-06 12:48:16.083 | INFO     | transformer:__default__:36 - DEBUG transformer: compound_stmt -> line 756
2026-10-06 12:48:16.083 | INFO     | transformer:__default__:36 - DEBUG transformer: array_index -> line 761
2026-10-06 12:48:16.083 | INFO     | transformer:__default__:36 - DEBUG transformer: postfix -> line 761
2026-10-06 12:48:16.083 | INFO     | transformer:__default__:36 - DEBUG transformer: assignment -> line 761
2026-10-06 12:48:16.083 | INFO     | transformer:__default__:36 - DEBUG transformer: expr_stmt -> line 761
2026-10-06 12:48:16.083 | INFO     | transformer:__default__:36 - DEBUG transformer: compound_stmt -> line 760
2026-10-06 12:48:16.083 | INFO     | transformer:__default__:36 - DEBUG transformer: if_stmt -> line 755
2026-10-06 12:48:16.083 | INFO     | transformer:__default__:36 - DEBUG transformer: return_stmt -> line 763
2026-10-06 12:48:16.083 | INFO     | transformer:__default__:36 - DEBUG transformer: compound_stmt -> line 712
2026-10-06 12:48:16.083 | INFO     | transformer:__default__:36 - DEBUG transformer: function_def -> line 712
2026-10-06 12:48:16.083 | INFO     | transformer:__default__:36 - DEBUG transformer: external_decl -> line 712
2026-10-06 12:48:16.083 | INFO     | transformer:__default__:36 - DEBUG transformer: char -> line 766
2026-10-06 12:48:16.083 | INFO     | transformer:__default__:36 - DEBUG transformer: type_specifier -> line 766
2026-10-06 12:48:16.083 | INFO     | transformer:__default__:36 - DEBUG transformer: array -> line 766
2026-10-06 12:48:16.083 | INFO     | transformer:__default__:36 - DEBUG transformer: declarator -> line 766
2026-10-06 12:48:16.083 | INFO     | transformer:__default__:36 - DEBUG transformer: init_declarator -> line 766
2026-10-06 12:48:16.083 | INFO     | transformer:__default__:36 - DEBUG transformer: init_declarator_list -> line 766
2026-10-06 12:48:16.083 | INFO     | transformer:__default__:36 - DEBUG transformer: declaration -> line 766
2026-10-06 12:48:16.083 | INFO     | transformer:__default__:36 - DEBUG transformer: external_decl -> line 766
2026-10-06 12:48:16.083 | INFO     | transformer:__default__:36 - DEBUG transformer: char -> line 767
2026-10-06 12:48:16.083 | INFO     | transformer:__default__:36 - DEBUG transformer: type_specifier -> line 767
2026-10-06 12:48:16.083 | INFO     | transformer:__default__:36 - DEBUG transformer: array -> line 767
2026-10-06 12:48:16.083 | INFO     | transformer:__default__:36 - DEBUG transformer: declarator -> line 767
2026-10-06 12:48:16.083 | INFO     | transformer:__default__:36 - DEBUG transformer: init_declarator -> line 767
2026-10-06 12:48:16.083 | INFO     | transformer:__default__:36 - DEBUG transformer: init_declarator_list -> line 767
2026-10-06 12:48:16.083 | INFO     | transformer:__default__:36 - DEBUG transformer: declaration -> line 767
2026-10-06 12:48:16.083 | INFO     | transformer:__default__:36 - DEBUG transformer: external_decl -> line 767
2026-10-06 12:48:16.084 | INFO     | transformer:__default__:36 - DEBUG transformer: int -> line 768
2026-10-06 12:48:16.084 | INFO     | transformer:__default__:36 - DEBUG transformer: type_specifier -> line 768
2026-10-06 12:48:16.084 | INFO     | transformer:__default__:36 - DEBUG transformer: declarator -> line 768
2026-10-06 12:48:16.084 | INFO     | transformer:__default__:36 - DEBUG transformer: init_declarator -> line 768
2026-10-06 12:48:16.084 | INFO     | transformer:__default__:36 - DEBUG transformer: init_declarator_list -> line 768
2026-10-06 12:48:16.084 | INFO     | transformer:__default__:36 - DEBUG transformer: declaration -> line 768
2026-10-06 12:48:16.084 | INFO     | transformer:__default__:36 - DEBUG transformer: external_decl -> line 768
2026-10-06 12:48:16.084 | INFO     | transformer:__default__:36 - DEBUG transformer: void -> line 770
2026-10-06 12:48:16.084 | INFO     | transformer:__default__:36 - DEBUG transformer: type_specifier -> line 770
2026-10-06 12:48:16.084 | INFO     | transformer:__default__:36 - DEBUG transformer: declarator -> line 770
2026-10-06 12:48:16.084 | INFO     | transformer:__default__:36 - DEBUG transformer: int -> line 771
2026-10-06 12:48:16.084 | INFO     | transformer:__default__:36 - DEBUG transformer: type_specifier -> line 771
2026-10-06 12:48:16.084 | INFO     | transformer:__default__:36 - DEBUG transformer: declarator -> line 771
2026-10-06 12:48:16.084 | INFO     | transformer:__default__:36 - DEBUG transformer: init_declarator -> line 771
2026-10-06 12:48:16.084 | INFO     | transformer:__default__:36 - DEBUG transformer: init_declarator_list -> line 771
2026-10-06 12:48:16.084 | INFO     | transformer:__default__:36 - DEBUG transformer: declaration -> line 771
2026-10-06 12:48:16.084 | INFO     | transformer:__default__:36 - DEBUG transformer: lt -> line 771
2026-10-06 12:48:16.084 | INFO     | transformer:__default__:36 - DEBUG transformer: relational -> line 771
2026-10-06 12:48:16.084 | INFO     | transformer:__default__:36 - DEBUG transformer: post_inc -> line 771
2026-10-06 12:48:16.084 | INFO     | transformer:__default__:36 - DEBUG transformer: postfix -> line 771
2026-10-06 12:48:16.084 | INFO     | transformer:__default__:36 - DEBUG transformer: int -> line 773
2026-10-06 12:48:16.084 | INFO     | transformer:__default__:36 - DEBUG transformer: type_specifier -> line 773
2026-10-06 12:48:16.084 | INFO     | transformer:__default__:36 - DEBUG transformer: declarator -> line 773
2026-10-06 12:48:16.084 | INFO     | transformer:__default__:36 - DEBUG transformer: array_index -> line 773
2026-10-06 12:48:16.084 | INFO     | transformer:__default__:36 - DEBUG transformer: postfix -> line 773
2026-10-06 12:48:16.084 | INFO     | transformer:__default__:36 - DEBUG transformer: init_declarator -> line 773
2026-10-06 12:48:16.084 | INFO     | transformer:__default__:36 - DEBUG transformer: init_declarator_list -> line 773
2026-10-06 12:48:16.084 | INFO     | transformer:__default__:36 - DEBUG transformer: declaration -> line 773
2026-10-06 12:48:16.084 | INFO     | transformer:__default__:36 - DEBUG transformer: array_index -> line 774
2026-10-06 12:48:16.084 | INFO     | transformer:__default__:36 - DEBUG transformer: postfix -> line 774
2026-10-06 12:48:16.084 | INFO     | transformer:__default__:36 - DEBUG transformer: mod -> line 774
2026-10-06 12:48:16.084 | INFO     | transformer:__default__:36 - DEBUG transformer: multiplicative -> line 774
2026-10-06 12:48:16.084 | INFO     | transformer:__default__:36 - DEBUG transformer: mult -> line 774
2026-10-06 12:48:16.084 | INFO     | transformer:__default__:36 - DEBUG transformer: multiplicative -> line 774
2026-10-06 12:48:16.084 | INFO     | transformer:__default__:36 - DEBUG transformer: div -> line 774
2026-10-06 12:48:16.084 | INFO     | transformer:__default__:36 - DEBUG transformer: multiplicative -> line 774
2026-10-06 12:48:16.084 | INFO     | transformer:__default__:36 - DEBUG transformer: mult -> line 774
2026-10-06 12:48:16.085 | INFO     | transformer:__default__:36 - DEBUG transformer: multiplicative -> line 774
2026-10-06 12:48:16.085 | INFO     | transformer:__default__:36 - DEBUG transformer: arg_list -> line 774
2026-10-06 12:48:16.085 | INFO     | transformer:__default__:36 - DEBUG transformer: call_suffix -> line 774
2026-10-06 12:48:16.085 | INFO     | transformer:__default__:36 - DEBUG transformer: postfix -> line 774
2026-10-06 12:48:16.085 | INFO     | transformer:__default__:36 - DEBUG transformer: expr_stmt -> line 774
2026-10-06 12:48:16.085 | INFO     | transformer:__default__:36 - DEBUG transformer: compound_stmt -> line 772
2026-10-06 12:48:16.085 | INFO     | transformer:__default__:36 - DEBUG transformer: for_stmt -> line 771
2026-10-06 12:48:16.085 | INFO     | transformer:__default__:36 - DEBUG transformer: assignment -> line 776
2026-10-06 12:48:16.085 | INFO     | transformer:__default__:36 - DEBUG transformer: expr_stmt -> line 776
2026-10-06 12:48:16.085 | INFO     | transformer:__default__:36 - DEBUG transformer: compound_stmt -> line 770
2026-10-06 12:48:16.085 | INFO     | transformer:__default__:36 - DEBUG transformer: function_def -> line 770
2026-10-06 12:48:16.085 | INFO     | transformer:__default__:36 - DEBUG transformer: external_decl -> line 770
2026-10-06 12:48:16.085 | INFO     | transformer:__default__:36 - DEBUG transformer: void -> line 778
2026-10-06 12:48:16.085 | INFO     | transformer:__default__:36 - DEBUG transformer: type_specifier -> line 778
2026-10-06 12:48:16.085 | INFO     | transformer:__default__:36 - DEBUG transformer: declarator -> line 778
2026-10-06 12:48:16.085 | INFO     | transformer:__default__:36 - DEBUG transformer: int -> line 779
2026-10-06 12:48:16.085 | INFO     | transformer:__default__:36 - DEBUG transformer: type_specifier -> line 779
2026-10-06 12:48:16.085 | INFO     | transformer:__default__:36 - DEBUG transformer: declarator -> line 779
2026-10-06 12:48:16.085 | INFO     | transformer:__default__:36 - DEBUG transformer: init_declarator -> line 779
2026-10-06 12:48:16.085 | INFO     | transformer:__default__:36 - DEBUG transformer: init_declarator_list -> line 779
2026-10-06 12:48:16.085 | INFO     | transformer:__default__:36 - DEBUG transformer: declaration -> line 779
2026-10-06 12:48:16.085 | INFO     | transformer:__default__:36 - DEBUG transformer: lt -> line 779
2026-10-06 12:48:16.085 | INFO     | transformer:__default__:36 - DEBUG transformer: relational -> line 779
2026-10-06 12:48:16.085 | INFO     | transformer:__default__:36 - DEBUG transformer: post_inc -> line 779
2026-10-06 12:48:16.085 | INFO     | transformer:__default__:36 - DEBUG transformer: postfix -> line 779
2026-10-06 12:48:16.085 | INFO     | transformer:__default__:36 - DEBUG transformer: array_index -> line 781
2026-10-06 12:48:16.085 | INFO     | transformer:__default__:36 - DEBUG transformer: postfix -> line 781
2026-10-06 12:48:16.085 | INFO     | transformer:__default__:36 - DEBUG transformer: mod -> line 781
2026-10-06 12:48:16.085 | INFO     | transformer:__default__:36 - DEBUG transformer: multiplicative -> line 781
2026-10-06 12:48:16.085 | INFO     | transformer:__default__:36 - DEBUG transformer: mult -> line 781
2026-10-06 12:48:16.085 | INFO     | transformer:__default__:36 - DEBUG transformer: multiplicative -> line 781
2026-10-06 12:48:16.085 | INFO     | transformer:__default__:36 - DEBUG transformer: div -> line 781
2026-10-06 12:48:16.085 | INFO     | transformer:__default__:36 - DEBUG transformer: multiplicative -> line 781
2026-10-06 12:48:16.085 | INFO     | transformer:__default__:36 - DEBUG transformer: mult -> line 781
2026-10-06 12:48:16.085 | INFO     | transformer:__default__:36 - DEBUG transformer: multiplicative -> line 781
2026-10-06 12:48:16.085 | INFO     | transformer:__default__:36 - DEBUG transformer: arg_list -> line 781
2026-10-06 12:48:16.085 | INFO     | transformer:__default__:36 - DEBUG transformer: call_suffix -> line 781
2026-10-06 12:48:16.085 | INFO     | transformer:__default__:36 - DEBUG transformer: postfix -> line 781
2026-10-06 12:48:16.085 | INFO     | transformer:__default__:36 - DEBUG transformer: expr_stmt -> line 781
2026-10-06 12:48:16.086 | INFO     | transformer:__default__:36 - DEBUG transformer: compound_stmt -> line 780
2026-10-06 12:48:16.086 | INFO     | transformer:__default__:36 - DEBUG transformer: for_stmt -> line 779
2026-10-06 12:48:16.086 | INFO     | transformer:__default__:36 - DEBUG transformer: compound_stmt -> line 778
2026-10-06 12:48:16.086 | INFO     | transformer:__default__:36 - DEBUG transformer: function_def -> line 778
2026-10-06 12:48:16.086 | INFO     | transformer:__default__:36 - DEBUG transformer: external_decl -> line 778
2026-10-06 12:48:16.086 | INFO     | transformer:__default__:36 - DEBUG transformer: void -> line 786
2026-10-06 12:48:16.086 | INFO     | transformer:__default__:36 - DEBUG transformer: type_specifier -> line 786
2026-10-06 12:48:16.086 | INFO     | transformer:__default__:36 - DEBUG transformer: declarator -> line 786
2026-10-06 12:48:16.086 | INFO     | transformer:__default__:36 - DEBUG transformer: int -> line 787
2026-10-06 12:48:16.086 | INFO     | transformer:__default__:36 - DEBUG transformer: type_specifier -> line 787
2026-10-06 12:48:16.086 | INFO     | transformer:__default__:36 - DEBUG transformer: declarator -> line 787
2026-10-06 12:48:16.086 | INFO     | transformer:__default__:36 - DEBUG transformer: init_declarator -> line 787
2026-10-06 12:48:16.086 | INFO     | transformer:__default__:36 - DEBUG transformer: init_declarator_list -> line 787
2026-10-06 12:48:16.086 | INFO     | transformer:__default__:36 - DEBUG transformer: declaration -> line 787
2026-10-06 12:48:16.086 | INFO     | transformer:__default__:36 - DEBUG transformer: lt -> line 787
2026-10-06 12:48:16.086 | INFO     | transformer:__default__:36 - DEBUG transformer: relational -> line 787
2026-10-06 12:48:16.086 | INFO     | transformer:__default__:36 - DEBUG transformer: post_inc -> line 787
2026-10-06 12:48:16.086 | INFO     | transformer:__default__:36 - DEBUG transformer: postfix -> line 787
2026-10-06 12:48:16.086 | INFO     | transformer:__default__:36 - DEBUG transformer: array_index -> line 789
2026-10-06 12:48:16.086 | INFO     | transformer:__default__:36 - DEBUG transformer: postfix -> line 789
2026-10-06 12:48:16.086 | INFO     | transformer:__default__:36 - DEBUG transformer: assignment -> line 789
2026-10-06 12:48:16.086 | INFO     | transformer:__default__:36 - DEBUG transformer: expr_stmt -> line 789
2026-10-06 12:48:16.086 | INFO     | transformer:__default__:36 - DEBUG transformer: compound_stmt -> line 788
2026-10-06 12:48:16.086 | INFO     | transformer:__default__:36 - DEBUG transformer: for_stmt -> line 787
2026-10-06 12:48:16.086 | INFO     | transformer:__default__:36 - DEBUG transformer: compound_stmt -> line 786
2026-10-06 12:48:16.086 | INFO     | transformer:__default__:36 - DEBUG transformer: function_def -> line 786
2026-10-06 12:48:16.086 | INFO     | transformer:__default__:36 - DEBUG transformer: external_decl -> line 786
2026-10-06 12:48:16.086 | INFO     | transformer:__default__:36 - DEBUG transformer: void -> line 793
2026-10-06 12:48:16.086 | INFO     | transformer:__default__:36 - DEBUG transformer: type_specifier -> line 793
2026-10-06 12:48:16.086 | INFO     | transformer:__default__:36 - DEBUG transformer: declarator -> line 793
2026-10-06 12:48:16.086 | INFO     | transformer:__default__:36 - DEBUG transformer: char -> line 793
2026-10-06 12:48:16.086 | INFO     | transformer:__default__:36 - DEBUG transformer: pointer -> line 793
2026-10-06 12:48:16.086 | INFO     | transformer:__default__:36 - DEBUG transformer: type_specifier -> line 793
2026-10-06 12:48:16.086 | INFO     | transformer:__default__:36 - DEBUG transformer: declarator -> line 793
2026-10-06 12:48:16.086 | INFO     | transformer:__default__:36 - DEBUG transformer: param -> line 793
2026-10-06 12:48:16.086 | INFO     | transformer:__default__:36 - DEBUG transformer: int -> line 793
2026-10-06 12:48:16.086 | INFO     | transformer:__default__:36 - DEBUG transformer: type_specifier -> line 793
2026-10-06 12:48:16.086 | INFO     | transformer:__default__:36 - DEBUG transformer: declarator -> line 793
2026-10-06 12:48:16.086 | INFO     | transformer:__default__:36 - DEBUG transformer: param -> line 793
2026-10-06 12:48:16.086 | INFO     | transformer:__default__:36 - DEBUG transformer: param_list -> line 793
2026-10-06 12:48:16.086 | INFO     | transformer:__default__:36 - DEBUG transformer: int -> line 794
2026-10-06 12:48:16.087 | INFO     | transformer:__default__:36 - DEBUG transformer: type_specifier -> line 794
2026-10-06 12:48:16.087 | INFO     | transformer:__default__:36 - DEBUG transformer: declarator -> line 794
2026-10-06 12:48:16.087 | INFO     | transformer:__default__:36 - DEBUG transformer: init_declarator -> line 794
2026-10-06 12:48:16.087 | INFO     | transformer:__default__:36 - DEBUG transformer: init_declarator_list -> line 794
2026-10-06 12:48:16.087 | INFO     | transformer:__default__:36 - DEBUG transformer: declaration -> line 794
2026-10-06 12:48:16.087 | INFO     | transformer:__default__:36 - DEBUG transformer: array_index -> line 796
2026-10-06 12:48:16.087 | INFO     | transformer:__default__:36 - DEBUG transformer: postfix -> line 796
2026-10-06 12:48:16.087 | INFO     | transformer:__default__:36 - DEBUG transformer: neq -> line 796
2026-10-06 12:48:16.087 | INFO     | transformer:__default__:36 - DEBUG transformer: equality -> line 796
2026-10-06 12:48:16.087 | INFO     | transformer:__default__:36 - DEBUG transformer: plus -> line 796
2026-10-06 12:48:16.087 | INFO     | transformer:__default__:36 - DEBUG transformer: additive -> line 796
2026-10-06 12:48:16.087 | INFO     | transformer:__default__:36 - DEBUG transformer: lt -> line 796
2026-10-06 12:48:16.087 | INFO     | transformer:__default__:36 - DEBUG transformer: relational -> line 796
2026-10-06 12:48:16.087 | INFO     | transformer:__default__:36 - DEBUG transformer: logic_and -> line 796
2026-10-06 12:48:16.087 | INFO     | transformer:__default__:36 - DEBUG transformer: plus -> line 798
2026-10-06 12:48:16.087 | INFO     | transformer:__default__:36 - DEBUG transformer: additive -> line 798
2026-10-06 12:48:16.087 | INFO     | transformer:__default__:36 - DEBUG transformer: array_index -> line 798
2026-10-06 12:48:16.087 | INFO     | transformer:__default__:36 - DEBUG transformer: postfix -> line 798
2026-10-06 12:48:16.087 | INFO     | transformer:__default__:36 - DEBUG transformer: array_index -> line 798
2026-10-06 12:48:16.087 | INFO     | transformer:__default__:36 - DEBUG transformer: postfix -> line 798
2026-10-06 12:48:16.087 | INFO     | transformer:__default__:36 - DEBUG transformer: assignment -> line 798
2026-10-06 12:48:16.087 | INFO     | transformer:__default__:36 - DEBUG transformer: expr_stmt -> line 798
2026-10-06 12:48:16.087 | INFO     | transformer:__default__:36 - DEBUG transformer: post_inc -> line 799
2026-10-06 12:48:16.087 | INFO     | transformer:__default__:36 - DEBUG transformer: postfix -> line 799
2026-10-06 12:48:16.087 | INFO     | transformer:__default__:36 - DEBUG transformer: array_index -> line 799
2026-10-06 12:48:16.087 | INFO     | transformer:__default__:36 - DEBUG transformer: postfix -> line 799
2026-10-06 12:48:16.087 | INFO     | transformer:__default__:36 - DEBUG transformer: plus -> line 799
2026-10-06 12:48:16.087 | INFO     | transformer:__default__:36 - DEBUG transformer: additive -> line 799
2026-10-06 12:48:16.087 | INFO     | transformer:__default__:36 - DEBUG transformer: assignment -> line 799
2026-10-06 12:48:16.087 | INFO     | transformer:__default__:36 - DEBUG transformer: expr_stmt -> line 799
2026-10-06 12:48:16.087 | INFO     | transformer:__default__:36 - DEBUG transformer: plus -> line 800
2026-10-06 12:48:16.087 | INFO     | transformer:__default__:36 - DEBUG transformer: additive -> line 800
2026-10-06 12:48:16.087 | INFO     | transformer:__default__:36 - DEBUG transformer: assignment -> line 800
2026-10-06 12:48:16.087 | INFO     | transformer:__default__:36 - DEBUG transformer: expr_stmt -> line 800
2026-10-06 12:48:16.087 | INFO     | transformer:__default__:36 - DEBUG transformer: gte -> line 801
2026-10-06 12:48:16.087 | INFO     | transformer:__default__:36 - DEBUG transformer: relational -> line 801
2026-10-06 12:48:16.087 | INFO     | transformer:__default__:36 - DEBUG transformer: call_suffix -> line 803
2026-10-06 12:48:16.087 | INFO     | transformer:__default__:36 - DEBUG transformer: postfix -> line 803
2026-10-06 12:48:16.088 | INFO     | transformer:__default__:36 - DEBUG transformer: expr_stmt -> line 803
2026-10-06 12:48:16.088 | INFO     | transformer:__default__:36 - DEBUG transformer: compound_stmt -> line 802
2026-10-06 12:48:16.088 | INFO     | transformer:__default__:36 - DEBUG transformer: if_stmt -> line 801
2026-10-06 12:48:16.088 | INFO     | transformer:__default__:36 - DEBUG transformer: compound_stmt -> line 797
2026-10-06 12:48:16.088 | INFO     | transformer:__default__:36 - DEBUG transformer: while_stmt -> line 796
2026-10-06 12:48:16.088 | INFO     | transformer:__default__:36 - DEBUG transformer: compound_stmt -> line 793
2026-10-06 12:48:16.088 | INFO     | transformer:__default__:36 - DEBUG transformer: function_def -> line 793
2026-10-06 12:48:16.088 | INFO     | transformer:__default__:36 - DEBUG transformer: external_decl -> line 793
2026-10-06 12:48:16.088 | INFO     | transformer:__default__:36 - DEBUG transformer: int -> line 814
2026-10-06 12:48:16.088 | INFO     | transformer:__default__:36 - DEBUG transformer: type_specifier -> line 814
2026-10-06 12:48:16.088 | INFO     | transformer:__default__:36 - DEBUG transformer: declarator -> line 814
2026-10-06 12:48:16.088 | INFO     | transformer:__default__:36 - DEBUG transformer: init_declarator -> line 814
2026-10-06 12:48:16.088 | INFO     | transformer:__default__:36 - DEBUG transformer: init_declarator_list -> line 814
2026-10-06 12:48:16.088 | INFO     | transformer:__default__:36 - DEBUG transformer: struct_member -> line 814
2026-10-06 12:48:16.088 | INFO     | transformer:__default__:36 - DEBUG transformer: int -> line 815
2026-10-06 12:48:16.088 | INFO     | transformer:__default__:36 - DEBUG transformer: type_specifier -> line 815
2026-10-06 12:48:16.088 | INFO     | transformer:__default__:36 - DEBUG transformer: declarator -> line 815
2026-10-06 12:48:16.088 | INFO     | transformer:__default__:36 - DEBUG transformer: init_declarator -> line 815
2026-10-06 12:48:16.088 | INFO     | transformer:__default__:36 - DEBUG transformer: init_declarator_list -> line 815
2026-10-06 12:48:16.088 | INFO     | transformer:__default__:36 - DEBUG transformer: struct_member -> line 815
2026-10-06 12:48:16.088 | INFO     | transformer:__default__:36 - DEBUG transformer: int -> line 816
2026-10-06 12:48:16.088 | INFO     | transformer:__default__:36 - DEBUG transformer: type_specifier -> line 816
2026-10-06 12:48:16.088 | INFO     | transformer:__default__:36 - DEBUG transformer: declarator -> line 816
2026-10-06 12:48:16.088 | INFO     | transformer:__default__:36 - DEBUG transformer: init_declarator -> line 816
2026-10-06 12:48:16.088 | INFO     | transformer:__default__:36 - DEBUG transformer: init_declarator_list -> line 816
2026-10-06 12:48:16.088 | INFO     | transformer:__default__:36 - DEBUG transformer: struct_member -> line 816
2026-10-06 12:48:16.088 | INFO     | transformer:__default__:36 - DEBUG transformer: int -> line 817
2026-10-06 12:48:16.088 | INFO     | transformer:__default__:36 - DEBUG transformer: type_specifier -> line 817
2026-10-06 12:48:16.088 | INFO     | transformer:__default__:36 - DEBUG transformer: declarator -> line 817
2026-10-06 12:48:16.088 | INFO     | transformer:__default__:36 - DEBUG transformer: init_declarator -> line 817
2026-10-06 12:48:16.088 | INFO     | transformer:__default__:36 - DEBUG transformer: init_declarator_list -> line 817
2026-10-06 12:48:16.088 | INFO     | transformer:__default__:36 - DEBUG transformer: struct_member -> line 817
2026-10-06 12:48:16.088 | INFO     | transformer:__default__:36 - DEBUG transformer: int -> line 818
2026-10-06 12:48:16.088 | INFO     | transformer:__default__:36 - DEBUG transformer: type_specifier -> line 818
2026-10-06 12:48:16.088 | INFO     | transformer:__default__:36 - DEBUG transformer: declarator -> line 818
2026-10-06 12:48:16.088 | INFO     | transformer:__default__:36 - DEBUG transformer: init_declarator -> line 818
2026-10-06 12:48:16.088 | INFO     | transformer:__default__:36 - DEBUG transformer: init_declarator_list -> line 818
2026-10-06 12:48:16.088 | INFO     | transformer:__default__:36 - DEBUG transformer: struct_member -> line 818
2026-10-06 12:48:16.088 | INFO     | transformer:__default__:36 - DEBUG transformer: int -> line 819
2026-10-06 12:48:16.088 | INFO     | transformer:__default__:36 - DEBUG transformer: type_specifier -> line 819
2026-10-06 12:48:16.088 | INFO     | transformer:__default__:36 - DEBUG transformer: declarator -> line 819
2026-10-06 12:48:16.088 | INFO     | transformer:__default__:36 - DEBUG transformer: init_declarator -> line 819
2026-10-06 12:48:16.089 | INFO     | transformer:__default__:36 - DEBUG transformer: init_declarator_list -> line 819
2026-10-06 12:48:16.089 | INFO     | transformer:__default__:36 - DEBUG transformer: struct_member -> line 819
2026-10-06 12:48:16.089 | INFO     | transformer:__default__:36 - DEBUG transformer: int -> line 820
2026-10-06 12:48:16.089 | INFO     | transformer:__default__:36 - DEBUG transformer: type_specifier -> line 820
2026-10-06 12:48:16.089 | INFO     | transformer:__default__:36 - DEBUG transformer: declarator -> line 820
2026-10-06 12:48:16.089 | INFO     | transformer:__default__:36 - DEBUG transformer: init_declarator -> line 820
2026-10-06 12:48:16.089 | INFO     | transformer:__default__:36 - DEBUG transformer: init_declarator_list -> line 820
2026-10-06 12:48:16.089 | INFO     | transformer:__default__:36 - DEBUG transformer: struct_member -> line 820
2026-10-06 12:48:16.089 | INFO     | transformer:__default__:36 - DEBUG transformer: struct_decl -> line 812
2026-10-06 12:48:16.089 | INFO     | transformer:__default__:36 - DEBUG transformer: external_decl -> line 812
2026-10-06 12:48:16.089 | INFO     | transformer:__default__:36 - DEBUG transformer: int -> line 823
2026-10-06 12:48:16.089 | INFO     | transformer:__default__:36 - DEBUG transformer: type_specifier -> line 823
2026-10-06 12:48:16.089 | INFO     | transformer:__default__:36 - DEBUG transformer: declarator -> line 823
2026-10-06 12:48:16.089 | INFO     | transformer:__default__:36 - DEBUG transformer: char -> line 823
2026-10-06 12:48:16.089 | INFO     | transformer:__default__:36 - DEBUG transformer: pointer -> line 823
2026-10-06 12:48:16.089 | INFO     | transformer:__default__:36 - DEBUG transformer: type_specifier -> line 823
2026-10-06 12:48:16.089 | INFO     | transformer:__default__:36 - DEBUG transformer: declarator -> line 823
2026-10-06 12:48:16.089 | INFO     | transformer:__default__:36 - DEBUG transformer: param -> line 823
2026-10-06 12:48:16.089 | INFO     | transformer:__default__:36 - DEBUG transformer: int -> line 823
2026-10-06 12:48:16.089 | INFO     | transformer:__default__:36 - DEBUG transformer: type_specifier -> line 823
2026-10-06 12:48:16.089 | INFO     | transformer:__default__:36 - DEBUG transformer: declarator -> line 823
2026-10-06 12:48:16.089 | INFO     | transformer:__default__:36 - DEBUG transformer: param -> line 823
2026-10-06 12:48:16.089 | INFO     | transformer:__default__:36 - DEBUG transformer: param_list -> line 823
2026-10-06 12:48:16.089 | INFO     | transformer:__default__:36 - DEBUG transformer: int -> line 825
2026-10-06 12:48:16.089 | INFO     | transformer:__default__:36 - DEBUG transformer: type_specifier -> line 825
2026-10-06 12:48:16.089 | INFO     | transformer:__default__:36 - DEBUG transformer: declarator -> line 825
2026-10-06 12:48:16.089 | INFO     | transformer:__default__:36 - DEBUG transformer: plus -> line 825
2026-10-06 12:48:16.089 | INFO     | transformer:__default__:36 - DEBUG transformer: additive -> line 825
2026-10-06 12:48:16.089 | INFO     | transformer:__default__:36 - DEBUG transformer: array_index -> line 825
2026-10-06 12:48:16.089 | INFO     | transformer:__default__:36 - DEBUG transformer: postfix -> line 825
2026-10-06 12:48:16.089 | INFO     | transformer:__default__:36 - DEBUG transformer: bit_and -> line 825
2026-10-06 12:48:16.089 | INFO     | transformer:__default__:36 - DEBUG transformer: init_declarator -> line 825
2026-10-06 12:48:16.089 | INFO     | transformer:__default__:36 - DEBUG transformer: init_declarator_list -> line 825
2026-10-06 12:48:16.089 | INFO     | transformer:__default__:36 - DEBUG transformer: declaration -> line 825
2026-10-06 12:48:16.089 | INFO     | transformer:__default__:36 - DEBUG transformer: int -> line 826
2026-10-06 12:48:16.089 | INFO     | transformer:__default__:36 - DEBUG transformer: type_specifier -> line 826
2026-10-06 12:48:16.089 | INFO     | transformer:__default__:36 - DEBUG transformer: declarator -> line 826
2026-10-06 12:48:16.089 | INFO     | transformer:__default__:36 - DEBUG transformer: plus -> line 826
2026-10-06 12:48:16.089 | INFO     | transformer:__default__:36 - DEBUG transformer: additive -> line 826
2026-10-06 12:48:16.089 | INFO     | transformer:__default__:36 - DEBUG transformer: array_index -> line 826
2026-10-06 12:48:16.090 | INFO     | transformer:__default__:36 - DEBUG transformer: postfix -> line 826
2026-10-06 12:48:16.090 | INFO     | transformer:__default__:36 - DEBUG transformer: bit_and -> line 826
2026-10-06 12:48:16.090 | INFO     | transformer:__default__:36 - DEBUG transformer: init_declarator -> line 826
2026-10-06 12:48:16.090 | INFO     | transformer:__default__:36 - DEBUG transformer: init_declarator_list -> line 826
2026-10-06 12:48:16.090 | INFO     | transformer:__default__:36 - DEBUG transformer: declaration -> line 826
2026-10-06 12:48:16.090 | INFO     | transformer:__default__:36 - DEBUG transformer: int -> line 827
2026-10-06 12:48:16.090 | INFO     | transformer:__default__:36 - DEBUG transformer: type_specifier -> line 827
2026-10-06 12:48:16.090 | INFO     | transformer:__default__:36 - DEBUG transformer: declarator -> line 827
2026-10-06 12:48:16.090 | INFO     | transformer:__default__:36 - DEBUG transformer: plus -> line 827
2026-10-06 12:48:16.090 | INFO     | transformer:__default__:36 - DEBUG transformer: additive -> line 827
2026-10-06 12:48:16.090 | INFO     | transformer:__default__:36 - DEBUG transformer: array_index -> line 827
2026-10-06 12:48:16.090 | INFO     | transformer:__default__:36 - DEBUG transformer: postfix -> line 827
2026-10-06 12:48:16.090 | INFO     | transformer:__default__:36 - DEBUG transformer: bit_and -> line 827
2026-10-06 12:48:16.090 | INFO     | transformer:__default__:36 - DEBUG transformer: init_declarator -> line 827
2026-10-06 12:48:16.090 | INFO     | transformer:__default__:36 - DEBUG transformer: init_declarator_list -> line 827
2026-10-06 12:48:16.090 | INFO     | transformer:__default__:36 - DEBUG transformer: declaration -> line 827
2026-10-06 12:48:16.090 | INFO     | transformer:__default__:36 - DEBUG transformer: int -> line 828
2026-10-06 12:48:16.090 | INFO     | transformer:__default__:36 - DEBUG transformer: type_specifier -> line 828
2026-10-06 12:48:16.090 | INFO     | transformer:__default__:36 - DEBUG transformer: declarator -> line 828
2026-10-06 12:48:16.090 | INFO     | transformer:__default__:36 - DEBUG transformer: plus -> line 828
2026-10-06 12:48:16.090 | INFO     | transformer:__default__:36 - DEBUG transformer: additive -> line 828
2026-10-06 12:48:16.090 | INFO     | transformer:__default__:36 - DEBUG transformer: array_index -> line 828
2026-10-06 12:48:16.090 | INFO     | transformer:__default__:36 - DEBUG transformer: postfix -> line 828
2026-10-06 12:48:16.090 | INFO     | transformer:__default__:36 - DEBUG transformer: bit_and -> line 828
2026-10-06 12:48:16.090 | INFO     | transformer:__default__:36 - DEBUG transformer: init_declarator -> line 828
2026-10-06 12:48:16.090 | INFO     | transformer:__default__:36 - DEBUG transformer: init_declarator_list -> line 828
2026-10-06 12:48:16.090 | INFO     | transformer:__default__:36 - DEBUG transformer: declaration -> line 828
2026-10-06 12:48:16.090 | INFO     | transformer:__default__:36 - DEBUG transformer: lshift -> line 829
2026-10-06 12:48:16.090 | INFO     | transformer:__default__:36 - DEBUG transformer: shift -> line 829
2026-10-06 12:48:16.090 | INFO     | transformer:__default__:36 - DEBUG transformer: lshift -> line 829
2026-10-06 12:48:16.090 | INFO     | transformer:__default__:36 - DEBUG transformer: shift -> line 829
2026-10-06 12:48:16.090 | INFO     | transformer:__default__:36 - DEBUG transformer: lshift -> line 829
2026-10-06 12:48:16.090 | INFO     | transformer:__default__:36 - DEBUG transformer: shift -> line 829
2026-10-06 12:48:16.090 | INFO     | transformer:__default__:36 - DEBUG transformer: bit_or -> line 829
2026-10-06 12:48:16.090 | INFO     | transformer:__default__:36 - DEBUG transformer: return_stmt -> line 829
2026-10-06 12:48:16.090 | INFO     | transformer:__default__:36 - DEBUG transformer: compound_stmt -> line 824
2026-10-06 12:48:16.090 | INFO     | transformer:__default__:36 - DEBUG transformer: function_def -> line 823
2026-10-06 12:48:16.090 | INFO     | transformer:__default__:36 - DEBUG transformer: external_decl -> line 823
2026-10-06 12:48:16.091 | INFO     | transformer:__default__:36 - DEBUG transformer: int -> line 832
2026-10-06 12:48:16.091 | INFO     | transformer:__default__:36 - DEBUG transformer: type_specifier -> line 832
2026-10-06 12:48:16.091 | INFO     | transformer:__default__:36 - DEBUG transformer: declarator -> line 832
2026-10-06 12:48:16.091 | INFO     | transformer:__default__:36 - DEBUG transformer: char -> line 832
2026-10-06 12:48:16.091 | INFO     | transformer:__default__:36 - DEBUG transformer: pointer -> line 832
2026-10-06 12:48:16.091 | INFO     | transformer:__default__:36 - DEBUG transformer: type_specifier -> line 832
2026-10-06 12:48:16.091 | INFO     | transformer:__default__:36 - DEBUG transformer: declarator -> line 832
2026-10-06 12:48:16.091 | INFO     | transformer:__default__:36 - DEBUG transformer: param -> line 832
2026-10-06 12:48:16.091 | INFO     | transformer:__default__:36 - DEBUG transformer: int -> line 832
2026-10-06 12:48:16.091 | INFO     | transformer:__default__:36 - DEBUG transformer: type_specifier -> line 832
2026-10-06 12:48:16.091 | INFO     | transformer:__default__:36 - DEBUG transformer: declarator -> line 832
2026-10-06 12:48:16.091 | INFO     | transformer:__default__:36 - DEBUG transformer: param -> line 832
2026-10-06 12:48:16.091 | INFO     | transformer:__default__:36 - DEBUG transformer: param_list -> line 832
2026-10-06 12:48:16.091 | INFO     | transformer:__default__:36 - DEBUG transformer: int -> line 834
2026-10-06 12:48:16.091 | INFO     | transformer:__default__:36 - DEBUG transformer: type_specifier -> line 834
2026-10-06 12:48:16.091 | INFO     | transformer:__default__:36 - DEBUG transformer: declarator -> line 834
2026-10-06 12:48:16.091 | INFO     | transformer:__default__:36 - DEBUG transformer: plus -> line 834
2026-10-06 12:48:16.091 | INFO     | transformer:__default__:36 - DEBUG transformer: additive -> line 834
2026-10-06 12:48:16.091 | INFO     | transformer:__default__:36 - DEBUG transformer: array_index -> line 834
2026-10-06 12:48:16.091 | INFO     | transformer:__default__:36 - DEBUG transformer: postfix -> line 834
2026-10-06 12:48:16.091 | INFO     | transformer:__default__:36 - DEBUG transformer: bit_and -> line 834
2026-10-06 12:48:16.091 | INFO     | transformer:__default__:36 - DEBUG transformer: init_declarator -> line 834
2026-10-06 12:48:16.091 | INFO     | transformer:__default__:36 - DEBUG transformer: init_declarator_list -> line 834
2026-10-06 12:48:16.091 | INFO     | transformer:__default__:36 - DEBUG transformer: declaration -> line 834
2026-10-06 12:48:16.091 | INFO     | transformer:__default__:36 - DEBUG transformer: int -> line 835
2026-10-06 12:48:16.091 | INFO     | transformer:__default__:36 - DEBUG transformer: type_specifier -> line 835
2026-10-06 12:48:16.091 | INFO     | transformer:__default__:36 - DEBUG transformer: declarator -> line 835
2026-10-06 12:48:16.091 | INFO     | transformer:__default__:36 - DEBUG transformer: plus -> line 835
2026-10-06 12:48:16.091 | INFO     | transformer:__default__:36 - DEBUG transformer: additive -> line 835
2026-10-06 12:48:16.091 | INFO     | transformer:__default__:36 - DEBUG transformer: array_index -> line 835
2026-10-06 12:48:16.091 | INFO     | transformer:__default__:36 - DEBUG transformer: postfix -> line 835
2026-10-06 12:48:16.091 | INFO     | transformer:__default__:36 - DEBUG transformer: bit_and -> line 835
2026-10-06 12:48:16.091 | INFO     | transformer:__default__:36 - DEBUG transformer: init_declarator -> line 835
2026-10-06 12:48:16.091 | INFO     | transformer:__default__:36 - DEBUG transformer: init_declarator_list -> line 835
2026-10-06 12:48:16.091 | INFO     | transformer:__default__:36 - DEBUG transformer: declaration -> line 835
2026-10-06 12:48:16.091 | INFO     | transformer:__default__:36 - DEBUG transformer: int -> line 836
2026-10-06 12:48:16.091 | INFO     | transformer:__default__:36 - DEBUG transformer: type_specifier -> line 836
2026-10-06 12:48:16.091 | INFO     | transformer:__default__:36 - DEBUG transformer: declarator -> line 836
2026-10-06 12:48:16.091 | INFO     | transformer:__default__:36 - DEBUG transformer: plus -> line 836
2026-10-06 12:48:16.092 | INFO     | transformer:__default__:36 - DEBUG transformer: additive -> line 836
2026-10-06 12:48:16.092 | INFO     | transformer:__default__:36 - DEBUG transformer: array_index -> line 836
2026-10-06 12:48:16.092 | INFO     | transformer:__default__:36 - DEBUG transformer: postfix -> line 836
2026-10-06 12:48:16.092 | INFO     | transformer:__default__:36 - DEBUG transformer: bit_and -> line 836
2026-10-06 12:48:16.092 | INFO     | transformer:__default__:36 - DEBUG transformer: init_declarator -> line 836
2026-10-06 12:48:16.092 | INFO     | transformer:__default__:36 - DEBUG transformer: init_declarator_list -> line 836
2026-10-06 12:48:16.092 | INFO     | transformer:__default__:36 - DEBUG transformer: declaration -> line 836
2026-10-06 12:48:16.092 | INFO     | transformer:__default__:36 - DEBUG transformer: int -> line 837
2026-10-06 12:48:16.092 | INFO     | transformer:__default__:36 - DEBUG transformer: type_specifier -> line 837
2026-10-06 12:48:16.092 | INFO     | transformer:__default__:36 - DEBUG transformer: declarator -> line 837
2026-10-06 12:48:16.092 | INFO     | transformer:__default__:36 - DEBUG transformer: plus -> line 837
2026-10-06 12:48:16.092 | INFO     | transformer:__default__:36 - DEBUG transformer: additive -> line 837
2026-10-06 12:48:16.092 | INFO     | transformer:__default__:36 - DEBUG transformer: array_index -> line 837
2026-10-06 12:48:16.092 | INFO     | transformer:__default__:36 - DEBUG transformer: postfix -> line 837
2026-10-06 12:48:16.092 | INFO     | transformer:__default__:36 - DEBUG transformer: bit_and -> line 837
2026-10-06 12:48:16.092 | INFO     | transformer:__default__:36 - DEBUG transformer: init_declarator -> line 837
2026-10-06 12:48:16.092 | INFO     | transformer:__default__:36 - DEBUG transformer: init_declarator_list -> line 837
2026-10-06 12:48:16.092 | INFO     | transformer:__default__:36 - DEBUG transformer: declaration -> line 837
2026-10-06 12:48:16.092 | INFO     | transformer:__default__:36 - DEBUG transformer: lshift -> line 838
2026-10-06 12:48:16.092 | INFO     | transformer:__default__:36 - DEBUG transformer: shift -> line 838
2026-10-06 12:48:16.092 | INFO     | transformer:__default__:36 - DEBUG transformer: lshift -> line 838
2026-10-06 12:48:16.092 | INFO     | transformer:__default__:36 - DEBUG transformer: shift -> line 838
2026-10-06 12:48:16.092 | INFO     | transformer:__default__:36 - DEBUG transformer: lshift -> line 838
2026-10-06 12:48:16.092 | INFO     | transformer:__default__:36 - DEBUG transformer: shift -> line 838
2026-10-06 12:48:16.092 | INFO     | transformer:__default__:36 - DEBUG transformer: bit_or -> line 838
2026-10-06 12:48:16.092 | INFO     | transformer:__default__:36 - DEBUG transformer: return_stmt -> line 838
2026-10-06 12:48:16.092 | INFO     | transformer:__default__:36 - DEBUG transformer: compound_stmt -> line 833
2026-10-06 12:48:16.092 | INFO     | transformer:__default__:36 - DEBUG transformer: function_def -> line 832
2026-10-06 12:48:16.092 | INFO     | transformer:__default__:36 - DEBUG transformer: external_decl -> line 832
2026-10-06 12:48:16.092 | INFO     | transformer:__default__:36 - DEBUG transformer: void -> line 841
2026-10-06 12:48:16.092 | INFO     | transformer:__default__:36 - DEBUG transformer: type_specifier -> line 841
2026-10-06 12:48:16.092 | INFO     | transformer:__default__:36 - DEBUG transformer: declarator -> line 841
2026-10-06 12:48:16.092 | INFO     | transformer:__default__:36 - DEBUG transformer: int -> line 841
2026-10-06 12:48:16.092 | INFO     | transformer:__default__:36 - DEBUG transformer: type_specifier -> line 841
2026-10-06 12:48:16.092 | INFO     | transformer:__default__:36 - DEBUG transformer: declarator -> line 841
2026-10-06 12:48:16.092 | INFO     | transformer:__default__:36 - DEBUG transformer: param -> line 841
2026-10-06 12:48:16.092 | INFO     | transformer:__default__:36 - DEBUG transformer: char -> line 841
2026-10-06 12:48:16.092 | INFO     | transformer:__default__:36 - DEBUG transformer: pointer -> line 841
2026-10-06 12:48:16.092 | INFO     | transformer:__default__:36 - DEBUG transformer: type_specifier -> line 841
2026-10-06 12:48:16.093 | INFO     | transformer:__default__:36 - DEBUG transformer: declarator -> line 841
2026-10-06 12:48:16.093 | INFO     | transformer:__default__:36 - DEBUG transformer: param -> line 841
2026-10-06 12:48:16.093 | INFO     | transformer:__default__:36 - DEBUG transformer: param_list -> line 841
2026-10-06 12:48:16.093 | INFO     | transformer:__default__:36 - DEBUG transformer: arg_list -> line 843
2026-10-06 12:48:16.093 | INFO     | transformer:__default__:36 - DEBUG transformer: call_suffix -> line 843
2026-10-06 12:48:16.093 | INFO     | transformer:__default__:36 - DEBUG transformer: postfix -> line 843
2026-10-06 12:48:16.093 | INFO     | transformer:__default__:36 - DEBUG transformer: expr_stmt -> line 843
2026-10-06 12:48:16.093 | INFO     | transformer:__default__:36 - DEBUG transformer: int -> line 844
2026-10-06 12:48:16.093 | INFO     | transformer:__default__:36 - DEBUG transformer: type_specifier -> line 844
2026-10-06 12:48:16.093 | INFO     | transformer:__default__:36 - DEBUG transformer: cast -> line 844
2026-10-06 12:48:16.093 | INFO     | transformer:__default__:36 - DEBUG transformer: arg_list -> line 844
2026-10-06 12:48:16.093 | INFO     | transformer:__default__:36 - DEBUG transformer: call_suffix -> line 844
2026-10-06 12:48:16.093 | INFO     | transformer:__default__:36 - DEBUG transformer: postfix -> line 844
2026-10-06 12:48:16.093 | INFO     | transformer:__default__:36 - DEBUG transformer: expr_stmt -> line 844
2026-10-06 12:48:16.093 | INFO     | transformer:__default__:36 - DEBUG transformer: arg_list -> line 845
2026-10-06 12:48:16.093 | INFO     | transformer:__default__:36 - DEBUG transformer: call_suffix -> line 845
2026-10-06 12:48:16.093 | INFO     | transformer:__default__:36 - DEBUG transformer: postfix -> line 845
2026-10-06 12:48:16.093 | INFO     | transformer:__default__:36 - DEBUG transformer: expr_stmt -> line 845
2026-10-06 12:48:16.093 | INFO     | transformer:__default__:36 - DEBUG transformer: arg_list -> line 846
2026-10-06 12:48:16.093 | INFO     | transformer:__default__:36 - DEBUG transformer: call_suffix -> line 846
2026-10-06 12:48:16.093 | INFO     | transformer:__default__:36 - DEBUG transformer: postfix -> line 846
2026-10-06 12:48:16.093 | INFO     | transformer:__default__:36 - DEBUG transformer: expr_stmt -> line 846
2026-10-06 12:48:16.093 | INFO     | transformer:__default__:36 - DEBUG transformer: compound_stmt -> line 842
2026-10-06 12:48:16.093 | INFO     | transformer:__default__:36 - DEBUG transformer: function_def -> line 841
2026-10-06 12:48:16.093 | INFO     | transformer:__default__:36 - DEBUG transformer: external_decl -> line 841
2026-10-06 12:48:16.093 | INFO     | transformer:__default__:36 - DEBUG transformer: char -> line 849
2026-10-06 12:48:16.093 | INFO     | transformer:__default__:36 - DEBUG transformer: pointer -> line 849
2026-10-06 12:48:16.093 | INFO     | transformer:__default__:36 - DEBUG transformer: type_specifier -> line 849
2026-10-06 12:48:16.093 | INFO     | transformer:__default__:36 - DEBUG transformer: declarator -> line 849
2026-10-06 12:48:16.093 | INFO     | transformer:__default__:36 - DEBUG transformer: char -> line 851
2026-10-06 12:48:16.093 | INFO     | transformer:__default__:36 - DEBUG transformer: type_specifier -> line 851
2026-10-06 12:48:16.093 | INFO     | transformer:__default__:36 - DEBUG transformer: array -> line 851
2026-10-06 12:48:16.093 | INFO     | transformer:__default__:36 - DEBUG transformer: declarator -> line 851
2026-10-06 12:48:16.093 | INFO     | transformer:__default__:36 - DEBUG transformer: arg_list -> line 851
2026-10-06 12:48:16.093 | INFO     | transformer:__default__:36 - DEBUG transformer: call_suffix -> line 851
2026-10-06 12:48:16.093 | INFO     | transformer:__default__:36 - DEBUG transformer: postfix -> line 851
2026-10-06 12:48:16.093 | INFO     | transformer:__default__:36 - DEBUG transformer: init_declarator -> line 851
2026-10-06 12:48:16.093 | INFO     | transformer:__default__:36 - DEBUG transformer: init_declarator_list -> line 851
2026-10-06 12:48:16.093 | INFO     | transformer:__default__:36 - DEBUG transformer: declaration -> line 851
2026-10-06 12:48:16.093 | INFO     | transformer:__default__:36 - DEBUG transformer: arg_list -> line 852
2026-10-06 12:48:16.094 | INFO     | transformer:__default__:36 - DEBUG transformer: call_suffix -> line 852
2026-10-06 12:48:16.094 | INFO     | transformer:__default__:36 - DEBUG transformer: postfix -> line 852
2026-10-06 12:48:16.094 | INFO     | transformer:__default__:36 - DEBUG transformer: expr_stmt -> line 852
2026-10-06 12:48:16.094 | INFO     | transformer:__default__:36 - DEBUG transformer: return_stmt -> line 853
2026-10-06 12:48:16.094 | INFO     | transformer:__default__:36 - DEBUG transformer: compound_stmt -> line 850
2026-10-06 12:48:16.094 | INFO     | transformer:__default__:36 - DEBUG transformer: function_def -> line 849
2026-10-06 12:48:16.094 | INFO     | transformer:__default__:36 - DEBUG transformer: external_decl -> line 849
2026-10-06 12:48:16.094 | INFO     | transformer:__default__:36 - DEBUG transformer: pointer -> line 856
2026-10-06 12:48:16.094 | INFO     | transformer:__default__:36 - DEBUG transformer: type_specifier -> line 856
2026-10-06 12:48:16.094 | INFO     | transformer:__default__:36 - DEBUG transformer: declarator -> line 856
2026-10-06 12:48:16.094 | INFO     | transformer:__default__:36 - DEBUG transformer: pointer -> line 858
2026-10-06 12:48:16.094 | INFO     | transformer:__default__:36 - DEBUG transformer: type_specifier -> line 858
2026-10-06 12:48:16.094 | INFO     | transformer:__default__:36 - DEBUG transformer: declarator -> line 858
2026-10-06 12:48:16.094 | INFO     | transformer:__default__:36 - DEBUG transformer: type_specifier -> line 858
2026-10-06 12:48:16.094 | INFO     | transformer:__default__:36 - DEBUG transformer: sizeof -> line 858
2026-10-06 12:48:16.094 | INFO     | transformer:__default__:36 - DEBUG transformer: arg_list -> line 858
2026-10-06 12:48:16.094 | INFO     | transformer:__default__:36 - DEBUG transformer: call_suffix -> line 858
2026-10-06 12:48:16.094 | INFO     | transformer:__default__:36 - DEBUG transformer: postfix -> line 858
2026-10-06 12:48:16.094 | INFO     | transformer:__default__:36 - DEBUG transformer: init_declarator -> line 858
2026-10-06 12:48:16.094 | INFO     | transformer:__default__:36 - DEBUG transformer: init_declarator_list -> line 858
2026-10-06 12:48:16.094 | INFO     | transformer:__default__:36 - DEBUG transformer: declaration -> line 858
2026-10-06 12:48:16.094 | INFO     | transformer:__default__:36 - DEBUG transformer: char -> line 859
2026-10-06 12:48:16.094 | INFO     | transformer:__default__:36 - DEBUG transformer: type_specifier -> line 859
2026-10-06 12:48:16.094 | INFO     | transformer:__default__:36 - DEBUG transformer: array -> line 859
2026-10-06 12:48:16.094 | INFO     | transformer:__default__:36 - DEBUG transformer: declarator -> line 859
2026-10-06 12:48:16.094 | INFO     | transformer:__default__:36 - DEBUG transformer: arg_list -> line 859
2026-10-06 12:48:16.094 | INFO     | transformer:__default__:36 - DEBUG transformer: call_suffix -> line 859
2026-10-06 12:48:16.094 | INFO     | transformer:__default__:36 - DEBUG transformer: postfix -> line 859
2026-10-06 12:48:16.094 | INFO     | transformer:__default__:36 - DEBUG transformer: init_declarator -> line 859
2026-10-06 12:48:16.094 | INFO     | transformer:__default__:36 - DEBUG transformer: init_declarator_list -> line 859
2026-10-06 12:48:16.094 | INFO     | transformer:__default__:36 - DEBUG transformer: declaration -> line 859
2026-10-06 12:48:16.094 | INFO     | transformer:__default__:36 - DEBUG transformer: arg_list -> line 860
2026-10-06 12:48:16.094 | INFO     | transformer:__default__:36 - DEBUG transformer: call_suffix -> line 860
2026-10-06 12:48:16.094 | INFO     | transformer:__default__:36 - DEBUG transformer: postfix -> line 860
2026-10-06 12:48:16.094 | INFO     | transformer:__default__:36 - DEBUG transformer: expr_stmt -> line 860
2026-10-06 12:48:16.094 | INFO     | transformer:__default__:36 - DEBUG transformer: ptr_member_access -> line 862
2026-10-06 12:48:16.094 | INFO     | transformer:__default__:36 - DEBUG transformer: postfix -> line 862
2026-10-06 12:48:16.094 | INFO     | transformer:__default__:36 - DEBUG transformer: arg_list -> line 862
2026-10-06 12:48:16.095 | INFO     | transformer:__default__:36 - DEBUG transformer: call_suffix -> line 862
2026-10-06 12:48:16.095 | INFO     | transformer:__default__:36 - DEBUG transformer: postfix -> line 862
2026-10-06 12:48:16.095 | INFO     | transformer:__default__:36 - DEBUG transformer: assignment -> line 862
2026-10-06 12:48:16.095 | INFO     | transformer:__default__:36 - DEBUG transformer: expr_stmt -> line 862
2026-10-06 12:48:16.095 | INFO     | transformer:__default__:36 - DEBUG transformer: ptr_member_access -> line 863
2026-10-06 12:48:16.095 | INFO     | transformer:__default__:36 - DEBUG transformer: postfix -> line 863
2026-10-06 12:48:16.095 | INFO     | transformer:__default__:36 - DEBUG transformer: arg_list -> line 863
2026-10-06 12:48:16.095 | INFO     | transformer:__default__:36 - DEBUG transformer: call_suffix -> line 863
2026-10-06 12:48:16.095 | INFO     | transformer:__default__:36 - DEBUG transformer: postfix -> line 863
2026-10-06 12:48:16.095 | INFO     | transformer:__default__:36 - DEBUG transformer: assignment -> line 863
2026-10-06 12:48:16.095 | INFO     | transformer:__default__:36 - DEBUG transformer: expr_stmt -> line 863
2026-10-06 12:48:16.095 | INFO     | transformer:__default__:36 - DEBUG transformer: ptr_member_access -> line 864
2026-10-06 12:48:16.095 | INFO     | transformer:__default__:36 - DEBUG transformer: postfix -> line 864
2026-10-06 12:48:16.095 | INFO     | transformer:__default__:36 - DEBUG transformer: arg_list -> line 864
2026-10-06 12:48:16.095 | INFO     | transformer:__default__:36 - DEBUG transformer: call_suffix -> line 864
2026-10-06 12:48:16.095 | INFO     | transformer:__default__:36 - DEBUG transformer: postfix -> line 864
2026-10-06 12:48:16.095 | INFO     | transformer:__default__:36 - DEBUG transformer: assignment -> line 864
2026-10-06 12:48:16.095 | INFO     | transformer:__default__:36 - DEBUG transformer: expr_stmt -> line 864
2026-10-06 12:48:16.095 | INFO     | transformer:__default__:36 - DEBUG transformer: ptr_member_access -> line 865
2026-10-06 12:48:16.095 | INFO     | transformer:__default__:36 - DEBUG transformer: postfix -> line 865
2026-10-06 12:48:16.095 | INFO     | transformer:__default__:36 - DEBUG transformer: arg_list -> line 865
2026-10-06 12:48:16.095 | INFO     | transformer:__default__:36 - DEBUG transformer: call_suffix -> line 865
2026-10-06 12:48:16.095 | INFO     | transformer:__default__:36 - DEBUG transformer: postfix -> line 865
2026-10-06 12:48:16.095 | INFO     | transformer:__default__:36 - DEBUG transformer: assignment -> line 865
2026-10-06 12:48:16.095 | INFO     | transformer:__default__:36 - DEBUG transformer: expr_stmt -> line 865
2026-10-06 12:48:16.095 | INFO     | transformer:__default__:36 - DEBUG transformer: ptr_member_access -> line 866
2026-10-06 12:48:16.095 | INFO     | transformer:__default__:36 - DEBUG transformer: postfix -> line 866
2026-10-06 12:48:16.095 | INFO     | transformer:__default__:36 - DEBUG transformer: arg_list -> line 866
2026-10-06 12:48:16.095 | INFO     | transformer:__default__:36 - DEBUG transformer: call_suffix -> line 866
2026-10-06 12:48:16.095 | INFO     | transformer:__default__:36 - DEBUG transformer: postfix -> line 866
2026-10-06 12:48:16.095 | INFO     | transformer:__default__:36 - DEBUG transformer: assignment -> line 866
2026-10-06 12:48:16.095 | INFO     | transformer:__default__:36 - DEBUG transformer: expr_stmt -> line 866
2026-10-06 12:48:16.095 | INFO     | transformer:__default__:36 - DEBUG transformer: ptr_member_access -> line 867
2026-10-06 12:48:16.095 | INFO     | transformer:__default__:36 - DEBUG transformer: postfix -> line 867
2026-10-06 12:48:16.095 | INFO     | transformer:__default__:36 - DEBUG transformer: arg_list -> line 867
2026-10-06 12:48:16.095 | INFO     | transformer:__default__:36 - DEBUG transformer: call_suffix -> line 867
2026-10-06 12:48:16.095 | INFO     | transformer:__default__:36 - DEBUG transformer: postfix -> line 867
2026-10-06 12:48:16.095 | INFO     | transformer:__default__:36 - DEBUG transformer: assignment -> line 867
2026-10-06 12:48:16.095 | INFO     | transformer:__default__:36 - DEBUG transformer: expr_stmt -> line 867
2026-10-06 12:48:16.096 | INFO     | transformer:__default__:36 - DEBUG transformer: ptr_member_access -> line 868
2026-10-06 12:48:16.096 | INFO     | transformer:__default__:36 - DEBUG transformer: postfix -> line 868
2026-10-06 12:48:16.096 | INFO     | transformer:__default__:36 - DEBUG transformer: arg_list -> line 868
2026-10-06 12:48:16.096 | INFO     | transformer:__default__:36 - DEBUG transformer: call_suffix -> line 868
2026-10-06 12:48:16.096 | INFO     | transformer:__default__:36 - DEBUG transformer: postfix -> line 868
2026-10-06 12:48:16.096 | INFO     | transformer:__default__:36 - DEBUG transformer: assignment -> line 868
2026-10-06 12:48:16.096 | INFO     | transformer:__default__:36 - DEBUG transformer: expr_stmt -> line 868
2026-10-06 12:48:16.096 | INFO     | transformer:__default__:36 - DEBUG transformer: arg_list -> line 869
2026-10-06 12:48:16.096 | INFO     | transformer:__default__:36 - DEBUG transformer: call_suffix -> line 869
2026-10-06 12:48:16.096 | INFO     | transformer:__default__:36 - DEBUG transformer: postfix -> line 869
2026-10-06 12:48:16.096 | INFO     | transformer:__default__:36 - DEBUG transformer: expr_stmt -> line 869
2026-10-06 12:48:16.096 | INFO     | transformer:__default__:36 - DEBUG transformer: return_stmt -> line 870
2026-10-06 12:48:16.096 | INFO     | transformer:__default__:36 - DEBUG transformer: compound_stmt -> line 857
2026-10-06 12:48:16.096 | INFO     | transformer:__default__:36 - DEBUG transformer: function_def -> line 856
2026-10-06 12:48:16.096 | INFO     | transformer:__default__:36 - DEBUG transformer: external_decl -> line 856
2026-10-06 12:48:16.096 | INFO     | transformer:__default__:36 - DEBUG transformer: void -> line 873
2026-10-06 12:48:16.096 | INFO     | transformer:__default__:36 - DEBUG transformer: type_specifier -> line 873
2026-10-06 12:48:16.096 | INFO     | transformer:__default__:36 - DEBUG transformer: declarator -> line 873
2026-10-06 12:48:16.096 | INFO     | transformer:__default__:36 - DEBUG transformer: char -> line 873
2026-10-06 12:48:16.096 | INFO     | transformer:__default__:36 - DEBUG transformer: pointer -> line 873
2026-10-06 12:48:16.096 | INFO     | transformer:__default__:36 - DEBUG transformer: type_specifier -> line 873
2026-10-06 12:48:16.096 | INFO     | transformer:__default__:36 - DEBUG transformer: declarator -> line 873
2026-10-06 12:48:16.096 | INFO     | transformer:__default__:36 - DEBUG transformer: param -> line 873
2026-10-06 12:48:16.096 | INFO     | transformer:__default__:36 - DEBUG transformer: int -> line 873
2026-10-06 12:48:16.096 | INFO     | transformer:__default__:36 - DEBUG transformer: type_specifier -> line 873
2026-10-06 12:48:16.096 | INFO     | transformer:__default__:36 - DEBUG transformer: declarator -> line 873
2026-10-06 12:48:16.096 | INFO     | transformer:__default__:36 - DEBUG transformer: param -> line 873
2026-10-06 12:48:16.096 | INFO     | transformer:__default__:36 - DEBUG transformer: param_list -> line 873
2026-10-06 12:48:16.096 | INFO     | transformer:__default__:36 - DEBUG transformer: int -> line 875
2026-10-06 12:48:16.096 | INFO     | transformer:__default__:36 - DEBUG transformer: type_specifier -> line 875
2026-10-06 12:48:16.096 | INFO     | transformer:__default__:36 - DEBUG transformer: declarator -> line 875
2026-10-06 12:48:16.096 | INFO     | transformer:__default__:36 - DEBUG transformer: arg_list -> line 875
2026-10-06 12:48:16.096 | INFO     | transformer:__default__:36 - DEBUG transformer: call_suffix -> line 875
2026-10-06 12:48:16.096 | INFO     | transformer:__default__:36 - DEBUG transformer: postfix -> line 875
2026-10-06 12:48:16.096 | INFO     | transformer:__default__:36 - DEBUG transformer: init_declarator -> line 875
2026-10-06 12:48:16.096 | INFO     | transformer:__default__:36 - DEBUG transformer: init_declarator_list -> line 875
2026-10-06 12:48:16.096 | INFO     | transformer:__default__:36 - DEBUG transformer: declaration -> line 875
2026-10-06 12:48:16.096 | INFO     | transformer:__default__:36 - DEBUG transformer: plus -> line 876
2026-10-06 12:48:16.096 | INFO     | transformer:__default__:36 - DEBUG transformer: additive -> line 876
2026-10-06 12:48:16.097 | INFO     | transformer:__default__:36 - DEBUG transformer: array_index -> line 876
2026-10-06 12:48:16.097 | INFO     | transformer:__default__:36 - DEBUG transformer: postfix -> line 876
2026-10-06 12:48:16.097 | INFO     | transformer:__default__:36 - DEBUG transformer: div -> line 876
2026-10-06 12:48:16.097 | INFO     | transformer:__default__:36 - DEBUG transformer: multiplicative -> line 876
2026-10-06 12:48:16.097 | INFO     | transformer:__default__:36 - DEBUG transformer: mod -> line 876
2026-10-06 12:48:16.097 | INFO     | transformer:__default__:36 - DEBUG transformer: multiplicative -> line 876
2026-10-06 12:48:16.097 | INFO     | transformer:__default__:36 - DEBUG transformer: plus -> line 876
2026-10-06 12:48:16.097 | INFO     | transformer:__default__:36 - DEBUG transformer: additive -> line 876
2026-10-06 12:48:16.097 | INFO     | transformer:__default__:36 - DEBUG transformer: assignment -> line 876
2026-10-06 12:48:16.097 | INFO     | transformer:__default__:36 - DEBUG transformer: expr_stmt -> line 876
2026-10-06 12:48:16.097 | INFO     | transformer:__default__:36 - DEBUG transformer: plus -> line 877
2026-10-06 12:48:16.097 | INFO     | transformer:__default__:36 - DEBUG transformer: additive -> line 877
2026-10-06 12:48:16.097 | INFO     | transformer:__default__:36 - DEBUG transformer: array_index -> line 877
2026-10-06 12:48:16.097 | INFO     | transformer:__default__:36 - DEBUG transformer: postfix -> line 877
2026-10-06 12:48:16.097 | INFO     | transformer:__default__:36 - DEBUG transformer: mod -> line 877
2026-10-06 12:48:16.097 | INFO     | transformer:__default__:36 - DEBUG transformer: multiplicative -> line 877
2026-10-06 12:48:16.097 | INFO     | transformer:__default__:36 - DEBUG transformer: plus -> line 877
2026-10-06 12:48:16.097 | INFO     | transformer:__default__:36 - DEBUG transformer: additive -> line 877
2026-10-06 12:48:16.097 | INFO     | transformer:__default__:36 - DEBUG transformer: assignment -> line 877
2026-10-06 12:48:16.097 | INFO     | transformer:__default__:36 - DEBUG transformer: expr_stmt -> line 877
2026-10-06 12:48:16.097 | INFO     | transformer:__default__:36 - DEBUG transformer: plus -> line 878
2026-10-06 12:48:16.097 | INFO     | transformer:__default__:36 - DEBUG transformer: additive -> line 878
2026-10-06 12:48:16.097 | INFO     | transformer:__default__:36 - DEBUG transformer: array_index -> line 878
2026-10-06 12:48:16.097 | INFO     | transformer:__default__:36 - DEBUG transformer: postfix -> line 878
2026-10-06 12:48:16.097 | INFO     | transformer:__default__:36 - DEBUG transformer: assignment -> line 878
2026-10-06 12:48:16.097 | INFO     | transformer:__default__:36 - DEBUG transformer: expr_stmt -> line 878
2026-10-06 12:48:16.097 | INFO     | transformer:__default__:36 - DEBUG transformer: compound_stmt -> line 874
2026-10-06 12:48:16.097 | INFO     | transformer:__default__:36 - DEBUG transformer: function_def -> line 873
2026-10-06 12:48:16.097 | INFO     | transformer:__default__:36 - DEBUG transformer: external_decl -> line 873
2026-10-06 12:48:16.097 | INFO     | transformer:__default__:36 - DEBUG transformer: char -> line 881
2026-10-06 12:48:16.097 | INFO     | transformer:__default__:36 - DEBUG transformer: pointer -> line 881
2026-10-06 12:48:16.097 | INFO     | transformer:__default__:36 - DEBUG transformer: type_specifier -> line 881
2026-10-06 12:48:16.097 | INFO     | transformer:__default__:36 - DEBUG transformer: declarator -> line 881
2026-10-06 12:48:16.097 | INFO     | transformer:__default__:36 - DEBUG transformer: pointer -> line 881
2026-10-06 12:48:16.097 | INFO     | transformer:__default__:36 - DEBUG transformer: type_specifier -> line 881
2026-10-06 12:48:16.097 | INFO     | transformer:__default__:36 - DEBUG transformer: declarator -> line 881
2026-10-06 12:48:16.097 | INFO     | transformer:__default__:36 - DEBUG transformer: param -> line 881
2026-10-06 12:48:16.097 | INFO     | transformer:__default__:36 - DEBUG transformer: param_list -> line 881
2026-10-06 12:48:16.097 | INFO     | transformer:__default__:36 - DEBUG transformer: char -> line 884
2026-10-06 12:48:16.098 | INFO     | transformer:__default__:36 - DEBUG transformer: pointer -> line 884
2026-10-06 12:48:16.098 | INFO     | transformer:__default__:36 - DEBUG transformer: type_specifier -> line 884
2026-10-06 12:48:16.098 | INFO     | transformer:__default__:36 - DEBUG transformer: declarator -> line 884
2026-10-06 12:48:16.098 | INFO     | transformer:__default__:36 - DEBUG transformer: char -> line 884
2026-10-06 12:48:16.098 | INFO     | transformer:__default__:36 - DEBUG transformer: pointer -> line 884
2026-10-06 12:48:16.098 | INFO     | transformer:__default__:36 - DEBUG transformer: type_specifier -> line 884
2026-10-06 12:48:16.098 | INFO     | transformer:__default__:36 - DEBUG transformer: arg_list -> line 884
2026-10-06 12:48:16.098 | INFO     | transformer:__default__:36 - DEBUG transformer: call_suffix -> line 884
2026-10-06 12:48:16.098 | INFO     | transformer:__default__:36 - DEBUG transformer: postfix -> line 884
2026-10-06 12:48:16.098 | INFO     | transformer:__default__:36 - DEBUG transformer: cast -> line 884
2026-10-06 12:48:16.098 | INFO     | transformer:__default__:36 - DEBUG transformer: init_declarator -> line 884
2026-10-06 12:48:16.098 | INFO     | transformer:__default__:36 - DEBUG transformer: init_declarator_list -> line 884
2026-10-06 12:48:16.098 | INFO     | transformer:__default__:36 - DEBUG transformer: declaration -> line 884
2026-10-06 12:48:16.098 | INFO     | transformer:__default__:36 - DEBUG transformer: not -> line 885
2026-10-06 12:48:16.098 | INFO     | transformer:__default__:36 - DEBUG transformer: unary -> line 885
2026-10-06 12:48:16.098 | INFO     | transformer:__default__:36 - DEBUG transformer: return_stmt -> line 887
2026-10-06 12:48:16.098 | INFO     | transformer:__default__:36 - DEBUG transformer: compound_stmt -> line 886
2026-10-06 12:48:16.098 | INFO     | transformer:__default__:36 - DEBUG transformer: if_stmt -> line 885
2026-10-06 12:48:16.098 | INFO     | transformer:__default__:36 - DEBUG transformer: array_index -> line 890
2026-10-06 12:48:16.098 | INFO     | transformer:__default__:36 - DEBUG transformer: postfix -> line 890
2026-10-06 12:48:16.098 | INFO     | transformer:__default__:36 - DEBUG transformer: assignment -> line 890
2026-10-06 12:48:16.098 | INFO     | transformer:__default__:36 - DEBUG transformer: expr_stmt -> line 890
2026-10-06 12:48:16.098 | INFO     | transformer:__default__:36 - DEBUG transformer: char -> line 891
2026-10-06 12:48:16.098 | INFO     | transformer:__default__:36 - DEBUG transformer: pointer -> line 891
2026-10-06 12:48:16.098 | INFO     | transformer:__default__:36 - DEBUG transformer: type_specifier -> line 891
2026-10-06 12:48:16.098 | INFO     | transformer:__default__:36 - DEBUG transformer: declarator -> line 891
2026-10-06 12:48:16.098 | INFO     | transformer:__default__:36 - DEBUG transformer: char -> line 891
2026-10-06 12:48:16.098 | INFO     | transformer:__default__:36 - DEBUG transformer: pointer -> line 891
2026-10-06 12:48:16.098 | INFO     | transformer:__default__:36 - DEBUG transformer: type_specifier -> line 891
2026-10-06 12:48:16.098 | INFO     | transformer:__default__:36 - DEBUG transformer: arg_list -> line 891
2026-10-06 12:48:16.098 | INFO     | transformer:__default__:36 - DEBUG transformer: call_suffix -> line 891
2026-10-06 12:48:16.098 | INFO     | transformer:__default__:36 - DEBUG transformer: postfix -> line 891
2026-10-06 12:48:16.098 | INFO     | transformer:__default__:36 - DEBUG transformer: cast -> line 891
2026-10-06 12:48:16.098 | INFO     | transformer:__default__:36 - DEBUG transformer: init_declarator -> line 891
2026-10-06 12:48:16.098 | INFO     | transformer:__default__:36 - DEBUG transformer: init_declarator_list -> line 891
2026-10-06 12:48:16.098 | INFO     | transformer:__default__:36 - DEBUG transformer: declaration -> line 891
2026-10-06 12:48:16.098 | INFO     | transformer:__default__:36 - DEBUG transformer: ptr_member_access -> line 892
2026-10-06 12:48:16.098 | INFO     | transformer:__default__:36 - DEBUG transformer: postfix -> line 892
2026-10-06 12:48:16.098 | INFO     | transformer:__default__:36 - DEBUG transformer: arg_list -> line 892
2026-10-06 12:48:16.098 | INFO     | transformer:__default__:36 - DEBUG transformer: call_suffix -> line 892
2026-10-06 12:48:16.099 | INFO     | transformer:__default__:36 - DEBUG transformer: postfix -> line 892
2026-10-06 12:48:16.099 | INFO     | transformer:__default__:36 - DEBUG transformer: expr_stmt -> line 892
2026-10-06 12:48:16.099 | INFO     | transformer:__default__:36 - DEBUG transformer: arg_list -> line 893
2026-10-06 12:48:16.099 | INFO     | transformer:__default__:36 - DEBUG transformer: call_suffix -> line 893
2026-10-06 12:48:16.099 | INFO     | transformer:__default__:36 - DEBUG transformer: postfix -> line 893
2026-10-06 12:48:16.099 | INFO     | transformer:__default__:36 - DEBUG transformer: expr_stmt -> line 893
2026-10-06 12:48:16.099 | INFO     | transformer:__default__:36 - DEBUG transformer: arg_list -> line 894
2026-10-06 12:48:16.099 | INFO     | transformer:__default__:36 - DEBUG transformer: call_suffix -> line 894
2026-10-06 12:48:16.099 | INFO     | transformer:__default__:36 - DEBUG transformer: postfix -> line 894
2026-10-06 12:48:16.099 | INFO     | transformer:__default__:36 - DEBUG transformer: expr_stmt -> line 894
2026-10-06 12:48:16.099 | INFO     | transformer:__default__:36 - DEBUG transformer: ptr_member_access -> line 895
2026-10-06 12:48:16.099 | INFO     | transformer:__default__:36 - DEBUG transformer: postfix -> line 895
2026-10-06 12:48:16.099 | INFO     | transformer:__default__:36 - DEBUG transformer: arg_list -> line 895
2026-10-06 12:48:16.099 | INFO     | transformer:__default__:36 - DEBUG transformer: call_suffix -> line 895
2026-10-06 12:48:16.099 | INFO     | transformer:__default__:36 - DEBUG transformer: postfix -> line 895
2026-10-06 12:48:16.099 | INFO     | transformer:__default__:36 - DEBUG transformer: expr_stmt -> line 895
2026-10-06 12:48:16.099 | INFO     | transformer:__default__:36 - DEBUG transformer: arg_list -> line 896
2026-10-06 12:48:16.099 | INFO     | transformer:__default__:36 - DEBUG transformer: call_suffix -> line 896
2026-10-06 12:48:16.099 | INFO     | transformer:__default__:36 - DEBUG transformer: postfix -> line 896
2026-10-06 12:48:16.099 | INFO     | transformer:__default__:36 - DEBUG transformer: expr_stmt -> line 896
2026-10-06 12:48:16.099 | INFO     | transformer:__default__:36 - DEBUG transformer: ptr_member_access -> line 897
2026-10-06 12:48:16.099 | INFO     | transformer:__default__:36 - DEBUG transformer: postfix -> line 897
2026-10-06 12:48:16.099 | INFO     | transformer:__default__:36 - DEBUG transformer: arg_list -> line 897
2026-10-06 12:48:16.099 | INFO     | transformer:__default__:36 - DEBUG transformer: call_suffix -> line 897
2026-10-06 12:48:16.099 | INFO     | transformer:__default__:36 - DEBUG transformer: postfix -> line 897
2026-10-06 12:48:16.099 | INFO     | transformer:__default__:36 - DEBUG transformer: expr_stmt -> line 897
2026-10-06 12:48:16.099 | INFO     | transformer:__default__:36 - DEBUG transformer: arg_list -> line 898
2026-10-06 12:48:16.099 | INFO     | transformer:__default__:36 - DEBUG transformer: call_suffix -> line 898
2026-10-06 12:48:16.099 | INFO     | transformer:__default__:36 - DEBUG transformer: postfix -> line 898
2026-10-06 12:48:16.099 | INFO     | transformer:__default__:36 - DEBUG transformer: expr_stmt -> line 898
2026-10-06 12:48:16.099 | INFO     | transformer:__default__:36 - DEBUG transformer: ptr_member_access -> line 899
2026-10-06 12:48:16.099 | INFO     | transformer:__default__:36 - DEBUG transformer: postfix -> line 899
2026-10-06 12:48:16.099 | INFO     | transformer:__default__:36 - DEBUG transformer: arg_list -> line 899
2026-10-06 12:48:16.099 | INFO     | transformer:__default__:36 - DEBUG transformer: call_suffix -> line 899
2026-10-06 12:48:16.099 | INFO     | transformer:__default__:36 - DEBUG transformer: postfix -> line 899
2026-10-06 12:48:16.099 | INFO     | transformer:__default__:36 - DEBUG transformer: expr_stmt -> line 899
2026-10-06 12:48:16.099 | INFO     | transformer:__default__:36 - DEBUG transformer: arg_list -> line 900
2026-10-06 12:48:16.099 | INFO     | transformer:__default__:36 - DEBUG transformer: call_suffix -> line 900
2026-10-06 12:48:16.099 | INFO     | transformer:__default__:36 - DEBUG transformer: postfix -> line 900
2026-10-06 12:48:16.100 | INFO     | transformer:__default__:36 - DEBUG transformer: expr_stmt -> line 900
2026-10-06 12:48:16.100 | INFO     | transformer:__default__:36 - DEBUG transformer: ptr_member_access -> line 901
2026-10-06 12:48:16.100 | INFO     | transformer:__default__:36 - DEBUG transformer: postfix -> line 901
2026-10-06 12:48:16.100 | INFO     | transformer:__default__:36 - DEBUG transformer: arg_list -> line 901
2026-10-06 12:48:16.100 | INFO     | transformer:__default__:36 - DEBUG transformer: call_suffix -> line 901
2026-10-06 12:48:16.100 | INFO     | transformer:__default__:36 - DEBUG transformer: postfix -> line 901
2026-10-06 12:48:16.100 | INFO     | transformer:__default__:36 - DEBUG transformer: expr_stmt -> line 901
2026-10-06 12:48:16.100 | INFO     | transformer:__default__:36 - DEBUG transformer: arg_list -> line 902
2026-10-06 12:48:16.100 | INFO     | transformer:__default__:36 - DEBUG transformer: call_suffix -> line 902
2026-10-06 12:48:16.100 | INFO     | transformer:__default__:36 - DEBUG transformer: postfix -> line 902
2026-10-06 12:48:16.100 | INFO     | transformer:__default__:36 - DEBUG transformer: expr_stmt -> line 902
2026-10-06 12:48:16.100 | INFO     | transformer:__default__:36 - DEBUG transformer: ptr_member_access -> line 903
2026-10-06 12:48:16.100 | INFO     | transformer:__default__:36 - DEBUG transformer: postfix -> line 903
2026-10-06 12:48:16.100 | INFO     | transformer:__default__:36 - DEBUG transformer: arg_list -> line 903
2026-10-06 12:48:16.100 | INFO     | transformer:__default__:36 - DEBUG transformer: call_suffix -> line 903
2026-10-06 12:48:16.100 | INFO     | transformer:__default__:36 - DEBUG transformer: postfix -> line 903
2026-10-06 12:48:16.100 | INFO     | transformer:__default__:36 - DEBUG transformer: expr_stmt -> line 903
2026-10-06 12:48:16.100 | INFO     | transformer:__default__:36 - DEBUG transformer: return_stmt -> line 904
2026-10-06 12:48:16.100 | INFO     | transformer:__default__:36 - DEBUG transformer: compound_stmt -> line 882
2026-10-06 12:48:16.100 | INFO     | transformer:__default__:36 - DEBUG transformer: function_def -> line 881
2026-10-06 12:48:16.100 | INFO     | transformer:__default__:36 - DEBUG transformer: external_decl -> line 881
2026-10-06 12:48:16.100 | INFO     | transformer:__default__:36 - DEBUG transformer: void -> line 915
2026-10-06 12:48:16.100 | INFO     | transformer:__default__:36 - DEBUG transformer: type_specifier -> line 915
2026-10-06 12:48:16.100 | INFO     | transformer:__default__:36 - DEBUG transformer: declarator -> line 915
2026-10-06 12:48:16.100 | INFO     | transformer:__default__:36 - DEBUG transformer: int -> line 919
2026-10-06 12:48:16.100 | INFO     | transformer:__default__:36 - DEBUG transformer: type_specifier -> line 919
2026-10-06 12:48:16.100 | INFO     | transformer:__default__:36 - DEBUG transformer: declarator -> line 919
2026-10-06 12:48:16.100 | INFO     | transformer:__default__:36 - DEBUG transformer: init_declarator -> line 919
2026-10-06 12:48:16.100 | INFO     | transformer:__default__:36 - DEBUG transformer: init_declarator_list -> line 919
2026-10-06 12:48:16.100 | INFO     | transformer:__default__:36 - DEBUG transformer: declaration -> line 919
2026-10-06 12:48:16.100 | INFO     | transformer:__default__:36 - DEBUG transformer: int -> line 920
2026-10-06 12:48:16.100 | INFO     | transformer:__default__:36 - DEBUG transformer: type_specifier -> line 920
2026-10-06 12:48:16.100 | INFO     | transformer:__default__:36 - DEBUG transformer: declarator -> line 920
2026-10-06 12:48:16.100 | INFO     | transformer:__default__:36 - DEBUG transformer: init_declarator -> line 920
2026-10-06 12:48:16.100 | INFO     | transformer:__default__:36 - DEBUG transformer: init_declarator_list -> line 920
2026-10-06 12:48:16.100 | INFO     | transformer:__default__:36 - DEBUG transformer: declaration -> line 920
2026-10-06 12:48:16.100 | INFO     | transformer:__default__:36 - DEBUG transformer: int -> line 921
2026-10-06 12:48:16.100 | INFO     | transformer:__default__:36 - DEBUG transformer: type_specifier -> line 921
2026-10-06 12:48:16.100 | INFO     | transformer:__default__:36 - DEBUG transformer: declarator -> line 921
2026-10-06 12:48:16.100 | INFO     | transformer:__default__:36 - DEBUG transformer: init_declarator -> line 921
2026-10-06 12:48:16.101 | INFO     | transformer:__default__:36 - DEBUG transformer: init_declarator_list -> line 921
2026-10-06 12:48:16.101 | INFO     | transformer:__default__:36 - DEBUG transformer: declaration -> line 921
2026-10-06 12:48:16.101 | INFO     | transformer:__default__:36 - DEBUG transformer: int -> line 924
2026-10-06 12:48:16.101 | INFO     | transformer:__default__:36 - DEBUG transformer: type_specifier -> line 924
2026-10-06 12:48:16.101 | INFO     | transformer:__default__:36 - DEBUG transformer: declarator -> line 924
2026-10-06 12:48:16.101 | INFO     | transformer:__default__:36 - DEBUG transformer: init_declarator -> line 924
2026-10-06 12:48:16.101 | INFO     | transformer:__default__:36 - DEBUG transformer: init_declarator_list -> line 924
2026-10-06 12:48:16.101 | INFO     | transformer:__default__:36 - DEBUG transformer: declaration -> line 924
2026-10-06 12:48:16.101 | INFO     | transformer:__default__:36 - DEBUG transformer: lt -> line 926
2026-10-06 12:48:16.101 | INFO     | transformer:__default__:36 - DEBUG transformer: relational -> line 926
2026-10-06 12:48:16.101 | INFO     | transformer:__default__:36 - DEBUG transformer: int -> line 928
2026-10-06 12:48:16.101 | INFO     | transformer:__default__:36 - DEBUG transformer: type_specifier -> line 928
2026-10-06 12:48:16.101 | INFO     | transformer:__default__:36 - DEBUG transformer: declarator -> line 928
2026-10-06 12:48:16.101 | INFO     | transformer:__default__:36 - DEBUG transformer: plus -> line 928
2026-10-06 12:48:16.101 | INFO     | transformer:__default__:36 - DEBUG transformer: additive -> line 928
2026-10-06 12:48:16.101 | INFO     | transformer:__default__:36 - DEBUG transformer: init_declarator -> line 928
2026-10-06 12:48:16.101 | INFO     | transformer:__default__:36 - DEBUG transformer: init_declarator_list -> line 928
2026-10-06 12:48:16.101 | INFO     | transformer:__default__:36 - DEBUG transformer: declaration -> line 928
2026-10-06 12:48:16.101 | INFO     | transformer:__default__:36 - DEBUG transformer: int -> line 929
2026-10-06 12:48:16.101 | INFO     | transformer:__default__:36 - DEBUG transformer: type_specifier -> line 929
2026-10-06 12:48:16.101 | INFO     | transformer:__default__:36 - DEBUG transformer: declarator -> line 929
2026-10-06 12:48:16.101 | INFO     | transformer:__default__:36 - DEBUG transformer: plus -> line 929
2026-10-06 12:48:16.101 | INFO     | transformer:__default__:36 - DEBUG transformer: mult -> line 929
2026-10-06 12:48:16.101 | INFO     | transformer:__default__:36 - DEBUG transformer: multiplicative -> line 929
2026-10-06 12:48:16.101 | INFO     | transformer:__default__:36 - DEBUG transformer: additive -> line 929
2026-10-06 12:48:16.101 | INFO     | transformer:__default__:36 - DEBUG transformer: init_declarator -> line 929
2026-10-06 12:48:16.101 | INFO     | transformer:__default__:36 - DEBUG transformer: init_declarator_list -> line 929
2026-10-06 12:48:16.101 | INFO     | transformer:__default__:36 - DEBUG transformer: declaration -> line 929
2026-10-06 12:48:16.101 | INFO     | transformer:__default__:36 - DEBUG transformer: arg_list -> line 932
2026-10-06 12:48:16.101 | INFO     | transformer:__default__:36 - DEBUG transformer: call_suffix -> line 932
2026-10-06 12:48:16.101 | INFO     | transformer:__default__:36 - DEBUG transformer: postfix -> line 932
2026-10-06 12:48:16.101 | INFO     | transformer:__default__:36 - DEBUG transformer: expr_stmt -> line 932
2026-10-06 12:48:16.101 | INFO     | transformer:__default__:36 - DEBUG transformer: rshift -> line 935
2026-10-06 12:48:16.101 | INFO     | transformer:__default__:36 - DEBUG transformer: shift -> line 935
2026-10-06 12:48:16.101 | INFO     | transformer:__default__:36 - DEBUG transformer: bit_and -> line 935
2026-10-06 12:48:16.101 | INFO     | transformer:__default__:36 - DEBUG transformer: arg_list -> line 935
2026-10-06 12:48:16.101 | INFO     | transformer:__default__:36 - DEBUG transformer: call_suffix -> line 935
2026-10-06 12:48:16.101 | INFO     | transformer:__default__:36 - DEBUG transformer: postfix -> line 935
2026-10-06 12:48:16.101 | INFO     | transformer:__default__:36 - DEBUG transformer: expr_stmt -> line 935
2026-10-06 12:48:16.102 | INFO     | transformer:__default__:36 - DEBUG transformer: rshift -> line 936
2026-10-06 12:48:16.102 | INFO     | transformer:__default__:36 - DEBUG transformer: shift -> line 936
2026-10-06 12:48:16.102 | INFO     | transformer:__default__:36 - DEBUG transformer: bit_and -> line 936
2026-10-06 12:48:16.102 | INFO     | transformer:__default__:36 - DEBUG transformer: arg_list -> line 936
2026-10-06 12:48:16.102 | INFO     | transformer:__default__:36 - DEBUG transformer: call_suffix -> line 936
2026-10-06 12:48:16.102 | INFO     | transformer:__default__:36 - DEBUG transformer: postfix -> line 936
2026-10-06 12:48:16.102 | INFO     | transformer:__default__:36 - DEBUG transformer: expr_stmt -> line 936
2026-10-06 12:48:16.102 | INFO     | transformer:__default__:36 - DEBUG transformer: rshift -> line 937
2026-10-06 12:48:16.102 | INFO     | transformer:__default__:36 - DEBUG transformer: shift -> line 937
2026-10-06 12:48:16.102 | INFO     | transformer:__default__:36 - DEBUG transformer: bit_and -> line 937
2026-10-06 12:48:16.102 | INFO     | transformer:__default__:36 - DEBUG transformer: arg_list -> line 937
2026-10-06 12:48:16.102 | INFO     | transformer:__default__:36 - DEBUG transformer: call_suffix -> line 937
2026-10-06 12:48:16.102 | INFO     | transformer:__default__:36 - DEBUG transformer: postfix -> line 937
2026-10-06 12:48:16.102 | INFO     | transformer:__default__:36 - DEBUG transformer: expr_stmt -> line 937
2026-10-06 12:48:16.102 | INFO     | transformer:__default__:36 - DEBUG transformer: bit_and -> line 938
2026-10-06 12:48:16.102 | INFO     | transformer:__default__:36 - DEBUG transformer: arg_list -> line 938
2026-10-06 12:48:16.102 | INFO     | transformer:__default__:36 - DEBUG transformer: call_suffix -> line 938
2026-10-06 12:48:16.102 | INFO     | transformer:__default__:36 - DEBUG transformer: postfix -> line 938
2026-10-06 12:48:16.102 | INFO     | transformer:__default__:36 - DEBUG transformer: expr_stmt -> line 938
2026-10-06 12:48:16.102 | INFO     | transformer:__default__:36 - DEBUG transformer: arg_list -> line 941
2026-10-06 12:48:16.102 | INFO     | transformer:__default__:36 - DEBUG transformer: call_suffix -> line 941
2026-10-06 12:48:16.102 | INFO     | transformer:__default__:36 - DEBUG transformer: postfix -> line 941
2026-10-06 12:48:16.102 | INFO     | transformer:__default__:36 - DEBUG transformer: expr_stmt -> line 941
2026-10-06 12:48:16.102 | INFO     | transformer:__default__:36 - DEBUG transformer: arg_list -> line 942
2026-10-06 12:48:16.102 | INFO     | transformer:__default__:36 - DEBUG transformer: call_suffix -> line 942
2026-10-06 12:48:16.102 | INFO     | transformer:__default__:36 - DEBUG transformer: postfix -> line 942
2026-10-06 12:48:16.102 | INFO     | transformer:__default__:36 - DEBUG transformer: expr_stmt -> line 942
2026-10-06 12:48:16.102 | INFO     | transformer:__default__:36 - DEBUG transformer: plus -> line 944
2026-10-06 12:48:16.102 | INFO     | transformer:__default__:36 - DEBUG transformer: additive -> line 944
2026-10-06 12:48:16.102 | INFO     | transformer:__default__:36 - DEBUG transformer: assignment -> line 944
2026-10-06 12:48:16.102 | INFO     | transformer:__default__:36 - DEBUG transformer: expr_stmt -> line 944
2026-10-06 12:48:16.102 | INFO     | transformer:__default__:36 - DEBUG transformer: compound_stmt -> line 927
2026-10-06 12:48:16.102 | INFO     | transformer:__default__:36 - DEBUG transformer: while_stmt -> line 926
2026-10-06 12:48:16.102 | INFO     | transformer:__default__:36 - DEBUG transformer: return_stmt -> line 947
2026-10-06 12:48:16.102 | INFO     | transformer:__default__:36 - DEBUG transformer: compound_stmt -> line 916
2026-10-06 12:48:16.102 | INFO     | transformer:__default__:36 - DEBUG transformer: function_def -> line 915
2026-10-06 12:48:16.102 | INFO     | transformer:__default__:36 - DEBUG transformer: external_decl -> line 915
2026-10-06 12:48:16.102 | INFO     | transformer:__default__:36 - DEBUG transformer: int -> line 950
2026-10-06 12:48:16.102 | INFO     | transformer:__default__:36 - DEBUG transformer: type_specifier -> line 950
2026-10-06 12:48:16.103 | INFO     | transformer:__default__:36 - DEBUG transformer: declarator -> line 950
2026-10-06 12:48:16.103 | INFO     | transformer:__default__:36 - DEBUG transformer: init_declarator -> line 950
2026-10-06 12:48:16.103 | INFO     | transformer:__default__:36 - DEBUG transformer: init_declarator_list -> line 950
2026-10-06 12:48:16.103 | INFO     | transformer:__default__:36 - DEBUG transformer: struct_member -> line 950
2026-10-06 12:48:16.103 | INFO     | transformer:__default__:36 - DEBUG transformer: int -> line 951
2026-10-06 12:48:16.103 | INFO     | transformer:__default__:36 - DEBUG transformer: type_specifier -> line 951
2026-10-06 12:48:16.103 | INFO     | transformer:__default__:36 - DEBUG transformer: declarator -> line 951
2026-10-06 12:48:16.103 | INFO     | transformer:__default__:36 - DEBUG transformer: init_declarator -> line 951
2026-10-06 12:48:16.103 | INFO     | transformer:__default__:36 - DEBUG transformer: init_declarator_list -> line 951
2026-10-06 12:48:16.103 | INFO     | transformer:__default__:36 - DEBUG transformer: struct_member -> line 951
2026-10-06 12:48:16.103 | INFO     | transformer:__default__:36 - DEBUG transformer: struct_decl -> line 949
2026-10-06 12:48:16.103 | INFO     | transformer:__default__:36 - DEBUG transformer: external_decl -> line 949
2026-10-06 12:48:16.103 | INFO     | transformer:__default__:36 - DEBUG transformer: pointer -> line 954
2026-10-06 12:48:16.103 | INFO     | transformer:__default__:36 - DEBUG transformer: type_specifier -> line 954
2026-10-06 12:48:16.103 | INFO     | transformer:__default__:36 - DEBUG transformer: declarator -> line 954
2026-10-06 12:48:16.103 | INFO     | transformer:__default__:36 - DEBUG transformer: pointer -> line 954
2026-10-06 12:48:16.103 | INFO     | transformer:__default__:36 - DEBUG transformer: type_specifier -> line 954
2026-10-06 12:48:16.103 | INFO     | transformer:__default__:36 - DEBUG transformer: declarator -> line 954
2026-10-06 12:48:16.103 | INFO     | transformer:__default__:36 - DEBUG transformer: param -> line 954
2026-10-06 12:48:16.103 | INFO     | transformer:__default__:36 - DEBUG transformer: pointer -> line 954
2026-10-06 12:48:16.103 | INFO     | transformer:__default__:36 - DEBUG transformer: type_specifier -> line 954
2026-10-06 12:48:16.103 | INFO     | transformer:__default__:36 - DEBUG transformer: declarator -> line 954
2026-10-06 12:48:16.103 | INFO     | transformer:__default__:36 - DEBUG transformer: param -> line 954
2026-10-06 12:48:16.103 | INFO     | transformer:__default__:36 - DEBUG transformer: param_list -> line 954
2026-10-06 12:48:16.103 | INFO     | transformer:__default__:36 - DEBUG transformer: pointer -> line 956
2026-10-06 12:48:16.103 | INFO     | transformer:__default__:36 - DEBUG transformer: type_specifier -> line 956
2026-10-06 12:48:16.103 | INFO     | transformer:__default__:36 - DEBUG transformer: declarator -> line 956
2026-10-06 12:48:16.103 | INFO     | transformer:__default__:36 - DEBUG transformer: type_specifier -> line 956
2026-10-06 12:48:16.103 | INFO     | transformer:__default__:36 - DEBUG transformer: sizeof -> line 956
2026-10-06 12:48:16.103 | INFO     | transformer:__default__:36 - DEBUG transformer: arg_list -> line 956
2026-10-06 12:48:16.103 | INFO     | transformer:__default__:36 - DEBUG transformer: call_suffix -> line 956
2026-10-06 12:48:16.103 | INFO     | transformer:__default__:36 - DEBUG transformer: postfix -> line 956
2026-10-06 12:48:16.103 | INFO     | transformer:__default__:36 - DEBUG transformer: init_declarator -> line 956
2026-10-06 12:48:16.103 | INFO     | transformer:__default__:36 - DEBUG transformer: init_declarator_list -> line 956
2026-10-06 12:48:16.103 | INFO     | transformer:__default__:36 - DEBUG transformer: declaration -> line 956
2026-10-06 12:48:16.103 | INFO     | transformer:__default__:36 - DEBUG transformer: int -> line 957
2026-10-06 12:48:16.103 | INFO     | transformer:__default__:36 - DEBUG transformer: type_specifier -> line 957
2026-10-06 12:48:16.103 | INFO     | transformer:__default__:36 - DEBUG transformer: declarator -> line 957
2026-10-06 12:48:16.103 | INFO     | transformer:__default__:36 - DEBUG transformer: init_declarator -> line 957
2026-10-06 12:48:16.103 | INFO     | transformer:__default__:36 - DEBUG transformer: init_declarator_list -> line 957
2026-10-06 12:48:16.103 | INFO     | transformer:__default__:36 - DEBUG transformer: declaration -> line 957
2026-10-06 12:48:16.104 | INFO     | transformer:__default__:36 - DEBUG transformer: int -> line 960
2026-10-06 12:48:16.104 | INFO     | transformer:__default__:36 - DEBUG transformer: type_specifier -> line 960
2026-10-06 12:48:16.104 | INFO     | transformer:__default__:36 - DEBUG transformer: declarator -> line 960
2026-10-06 12:48:16.104 | INFO     | transformer:__default__:36 - DEBUG transformer: ptr_member_access -> line 960
2026-10-06 12:48:16.104 | INFO     | transformer:__default__:36 - DEBUG transformer: postfix -> line 960
2026-10-06 12:48:16.104 | INFO     | transformer:__default__:36 - DEBUG transformer: plus -> line 960
2026-10-06 12:48:16.104 | INFO     | transformer:__default__:36 - DEBUG transformer: ptr_member_access -> line 960
2026-10-06 12:48:16.104 | INFO     | transformer:__default__:36 - DEBUG transformer: postfix -> line 960
2026-10-06 12:48:16.104 | INFO     | transformer:__default__:36 - DEBUG transformer: additive -> line 960
2026-10-06 12:48:16.104 | INFO     | transformer:__default__:36 - DEBUG transformer: init_declarator -> line 960
2026-10-06 12:48:16.104 | INFO     | transformer:__default__:36 - DEBUG transformer: init_declarator_list -> line 960
2026-10-06 12:48:16.104 | INFO     | transformer:__default__:36 - DEBUG transformer: declaration -> line 960
2026-10-06 12:48:16.104 | INFO     | transformer:__default__:36 - DEBUG transformer: lt -> line 961
2026-10-06 12:48:16.104 | INFO     | transformer:__default__:36 - DEBUG transformer: ptr_member_access -> line 961
2026-10-06 12:48:16.104 | INFO     | transformer:__default__:36 - DEBUG transformer: postfix -> line 961
2026-10-06 12:48:16.104 | INFO     | transformer:__default__:36 - DEBUG transformer: relational -> line 961
2026-10-06 12:48:16.104 | INFO     | transformer:__default__:36 - DEBUG transformer: assignment -> line 963
2026-10-06 12:48:16.104 | INFO     | transformer:__default__:36 - DEBUG transformer: expr_stmt -> line 963
2026-10-06 12:48:16.104 | INFO     | transformer:__default__:36 - DEBUG transformer: compound_stmt -> line 962
2026-10-06 12:48:16.104 | INFO     | transformer:__default__:36 - DEBUG transformer: if_stmt -> line 961
2026-10-06 12:48:16.104 | INFO     | transformer:__default__:36 - DEBUG transformer: ptr_member_access -> line 965
2026-10-06 12:48:16.104 | INFO     | transformer:__default__:36 - DEBUG transformer: postfix -> line 965
2026-10-06 12:48:16.104 | INFO     | transformer:__default__:36 - DEBUG transformer: assignment -> line 965
2026-10-06 12:48:16.104 | INFO     | transformer:__default__:36 - DEBUG transformer: expr_stmt -> line 965
2026-10-06 12:48:16.104 | INFO     | transformer:__default__:36 - DEBUG transformer: ptr_member_access -> line 968
2026-10-06 12:48:16.104 | INFO     | transformer:__default__:36 - DEBUG transformer: postfix -> line 968
2026-10-06 12:48:16.104 | INFO     | transformer:__default__:36 - DEBUG transformer: ptr_member_access -> line 968
2026-10-06 12:48:16.104 | INFO     | transformer:__default__:36 - DEBUG transformer: postfix -> line 968
2026-10-06 12:48:16.104 | INFO     | transformer:__default__:36 - DEBUG transformer: plus -> line 968
2026-10-06 12:48:16.104 | INFO     | transformer:__default__:36 - DEBUG transformer: ptr_member_access -> line 968
2026-10-06 12:48:16.104 | INFO     | transformer:__default__:36 - DEBUG transformer: postfix -> line 968
2026-10-06 12:48:16.104 | INFO     | transformer:__default__:36 - DEBUG transformer: plus -> line 968
2026-10-06 12:48:16.104 | INFO     | transformer:__default__:36 - DEBUG transformer: additive -> line 968
2026-10-06 12:48:16.104 | INFO     | transformer:__default__:36 - DEBUG transformer: assignment -> line 968
2026-10-06 12:48:16.104 | INFO     | transformer:__default__:36 - DEBUG transformer: expr_stmt -> line 968
2026-10-06 12:48:16.104 | INFO     | transformer:__default__:36 - DEBUG transformer: return_stmt -> line 970
2026-10-06 12:48:16.104 | INFO     | transformer:__default__:36 - DEBUG transformer: compound_stmt -> line 955
2026-10-06 12:48:16.104 | INFO     | transformer:__default__:36 - DEBUG transformer: function_def -> line 954
2026-10-06 12:48:16.104 | INFO     | transformer:__default__:36 - DEBUG transformer: external_decl -> line 954
2026-10-06 12:48:16.104 | INFO     | transformer:__default__:36 - DEBUG transformer: pointer -> line 973
2026-10-06 12:48:16.105 | INFO     | transformer:__default__:36 - DEBUG transformer: type_specifier -> line 973
2026-10-06 12:48:16.105 | INFO     | transformer:__default__:36 - DEBUG transformer: declarator -> line 973
2026-10-06 12:48:16.105 | INFO     | transformer:__default__:36 - DEBUG transformer: pointer -> line 973
2026-10-06 12:48:16.105 | INFO     | transformer:__default__:36 - DEBUG transformer: type_specifier -> line 973
2026-10-06 12:48:16.105 | INFO     | transformer:__default__:36 - DEBUG transformer: declarator -> line 973
2026-10-06 12:48:16.105 | INFO     | transformer:__default__:36 - DEBUG transformer: param -> line 973
2026-10-06 12:48:16.105 | INFO     | transformer:__default__:36 - DEBUG transformer: pointer -> line 973
2026-10-06 12:48:16.105 | INFO     | transformer:__default__:36 - DEBUG transformer: type_specifier -> line 973
2026-10-06 12:48:16.105 | INFO     | transformer:__default__:36 - DEBUG transformer: declarator -> line 973
2026-10-06 12:48:16.105 | INFO     | transformer:__default__:36 - DEBUG transformer: param -> line 973
2026-10-06 12:48:16.105 | INFO     | transformer:__default__:36 - DEBUG transformer: param_list -> line 973
2026-10-06 12:48:16.105 | INFO     | transformer:__default__:36 - DEBUG transformer: pointer -> line 975
2026-10-06 12:48:16.105 | INFO     | transformer:__default__:36 - DEBUG transformer: type_specifier -> line 975
2026-10-06 12:48:16.105 | INFO     | transformer:__default__:36 - DEBUG transformer: declarator -> line 975
2026-10-06 12:48:16.105 | INFO     | transformer:__default__:36 - DEBUG transformer: type_specifier -> line 975
2026-10-06 12:48:16.105 | INFO     | transformer:__default__:36 - DEBUG transformer: sizeof -> line 975
2026-10-06 12:48:16.105 | INFO     | transformer:__default__:36 - DEBUG transformer: arg_list -> line 975
2026-10-06 12:48:16.105 | INFO     | transformer:__default__:36 - DEBUG transformer: call_suffix -> line 975
2026-10-06 12:48:16.105 | INFO     | transformer:__default__:36 - DEBUG transformer: postfix -> line 975
2026-10-06 12:48:16.105 | INFO     | transformer:__default__:36 - DEBUG transformer: init_declarator -> line 975
2026-10-06 12:48:16.105 | INFO     | transformer:__default__:36 - DEBUG transformer: init_declarator_list -> line 975
2026-10-06 12:48:16.105 | INFO     | transformer:__default__:36 - DEBUG transformer: declaration -> line 975
2026-10-06 12:48:16.105 | INFO     | transformer:__default__:36 - DEBUG transformer: int -> line 977
2026-10-06 12:48:16.105 | INFO     | transformer:__default__:36 - DEBUG transformer: type_specifier -> line 977
2026-10-06 12:48:16.105 | INFO     | transformer:__default__:36 - DEBUG transformer: declarator -> line 977
2026-10-06 12:48:16.105 | INFO     | transformer:__default__:36 - DEBUG transformer: ptr_member_access -> line 977
2026-10-06 12:48:16.105 | INFO     | transformer:__default__:36 - DEBUG transformer: postfix -> line 977
2026-10-06 12:48:16.105 | INFO     | transformer:__default__:36 - DEBUG transformer: init_declarator -> line 977
2026-10-06 12:48:16.105 | INFO     | transformer:__default__:36 - DEBUG transformer: init_declarator_list -> line 977
2026-10-06 12:48:16.105 | INFO     | transformer:__default__:36 - DEBUG transformer: declaration -> line 977
2026-10-06 12:48:16.105 | INFO     | transformer:__default__:36 - DEBUG transformer: int -> line 978
2026-10-06 12:48:16.105 | INFO     | transformer:__default__:36 - DEBUG transformer: type_specifier -> line 978
2026-10-06 12:48:16.105 | INFO     | transformer:__default__:36 - DEBUG transformer: declarator -> line 978
2026-10-06 12:48:16.105 | INFO     | transformer:__default__:36 - DEBUG transformer: ptr_member_access -> line 978
2026-10-06 12:48:16.105 | INFO     | transformer:__default__:36 - DEBUG transformer: postfix -> line 978
2026-10-06 12:48:16.105 | INFO     | transformer:__default__:36 - DEBUG transformer: init_declarator -> line 978
2026-10-06 12:48:16.105 | INFO     | transformer:__default__:36 - DEBUG transformer: init_declarator_list -> line 978
2026-10-06 12:48:16.106 | INFO     | transformer:__default__:36 - DEBUG transformer: declaration -> line 978
2026-10-06 12:48:16.106 | INFO     | transformer:__default__:36 - DEBUG transformer: int -> line 979
2026-10-06 12:48:16.106 | INFO     | transformer:__default__:36 - DEBUG transformer: type_specifier -> line 979
2026-10-06 12:48:16.106 | INFO     | transformer:__default__:36 - DEBUG transformer: declarator -> line 979
2026-10-06 12:48:16.106 | INFO     | transformer:__default__:36 - DEBUG transformer: ptr_member_access -> line 979
2026-10-06 12:48:16.106 | INFO     | transformer:__default__:36 - DEBUG transformer: postfix -> line 979
2026-10-06 12:48:16.106 | INFO     | transformer:__default__:36 - DEBUG transformer: init_declarator -> line 979
2026-10-06 12:48:16.106 | INFO     | transformer:__default__:36 - DEBUG transformer: init_declarator_list -> line 979
2026-10-06 12:48:16.106 | INFO     | transformer:__default__:36 - DEBUG transformer: declaration -> line 979
2026-10-06 12:48:16.106 | INFO     | transformer:__default__:36 - DEBUG transformer: int -> line 980
2026-10-06 12:48:16.106 | INFO     | transformer:__default__:36 - DEBUG transformer: type_specifier -> line 980
2026-10-06 12:48:16.106 | INFO     | transformer:__default__:36 - DEBUG transformer: declarator -> line 980
2026-10-06 12:48:16.106 | INFO     | transformer:__default__:36 - DEBUG transformer: ptr_member_access -> line 980
2026-10-06 12:48:16.106 | INFO     | transformer:__default__:36 - DEBUG transformer: postfix -> line 980
2026-10-06 12:48:16.106 | INFO     | transformer:__default__:36 - DEBUG transformer: init_declarator -> line 980
2026-10-06 12:48:16.106 | INFO     | transformer:__default__:36 - DEBUG transformer: init_declarator_list -> line 980
2026-10-06 12:48:16.106 | INFO     | transformer:__default__:36 - DEBUG transformer: declaration -> line 980
2026-10-06 12:48:16.106 | INFO     | transformer:__default__:36 - DEBUG transformer: int -> line 981
2026-10-06 12:48:16.106 | INFO     | transformer:__default__:36 - DEBUG transformer: type_specifier -> line 981
2026-10-06 12:48:16.106 | INFO     | transformer:__default__:36 - DEBUG transformer: declarator -> line 981
2026-10-06 12:48:16.106 | INFO     | transformer:__default__:36 - DEBUG transformer: mult -> line 981
2026-10-06 12:48:16.106 | INFO     | transformer:__default__:36 - DEBUG transformer: multiplicative -> line 981
2026-10-06 12:48:16.106 | INFO     | transformer:__default__:36 - DEBUG transformer: bit_and -> line 981
2026-10-06 12:48:16.106 | INFO     | transformer:__default__:36 - DEBUG transformer: init_declarator -> line 981
2026-10-06 12:48:16.106 | INFO     | transformer:__default__:36 - DEBUG transformer: init_declarator_list -> line 981
2026-10-06 12:48:16.106 | INFO     | transformer:__default__:36 - DEBUG transformer: declaration -> line 981
2026-10-06 12:48:16.106 | INFO     | transformer:__default__:36 - DEBUG transformer: int -> line 982
2026-10-06 12:48:16.106 | INFO     | transformer:__default__:36 - DEBUG transformer: type_specifier -> line 982
2026-10-06 12:48:16.106 | INFO     | transformer:__default__:36 - DEBUG transformer: declarator -> line 982
2026-10-06 12:48:16.106 | INFO     | transformer:__default__:36 - DEBUG transformer: mult -> line 982
2026-10-06 12:48:16.106 | INFO     | transformer:__default__:36 - DEBUG transformer: multiplicative -> line 982
2026-10-06 12:48:16.106 | INFO     | transformer:__default__:36 - DEBUG transformer: bit_and -> line 982
2026-10-06 12:48:16.106 | INFO     | transformer:__default__:36 - DEBUG transformer: init_declarator -> line 982
2026-10-06 12:48:16.106 | INFO     | transformer:__default__:36 - DEBUG transformer: init_declarator_list -> line 982
2026-10-06 12:48:16.106 | INFO     | transformer:__default__:36 - DEBUG transformer: declaration -> line 982
2026-10-06 12:48:16.106 | INFO     | transformer:__default__:36 - DEBUG transformer: int -> line 983
2026-10-06 12:48:16.106 | INFO     | transformer:__default__:36 - DEBUG transformer: type_specifier -> line 983
2026-10-06 12:48:16.106 | INFO     | transformer:__default__:36 - DEBUG transformer: declarator -> line 983
2026-10-06 12:48:16.106 | INFO     | transformer:__default__:36 - DEBUG transformer: mult -> line 983
2026-10-06 12:48:16.106 | INFO     | transformer:__default__:36 - DEBUG transformer: multiplicative -> line 983
2026-10-06 12:48:16.107 | INFO     | transformer:__default__:36 - DEBUG transformer: bit_and -> line 983
2026-10-06 12:48:16.107 | INFO     | transformer:__default__:36 - DEBUG transformer: init_declarator -> line 983
2026-10-06 12:48:16.107 | INFO     | transformer:__default__:36 - DEBUG transformer: init_declarator_list -> line 983
2026-10-06 12:48:16.107 | INFO     | transformer:__default__:36 - DEBUG transformer: declaration -> line 983
2026-10-06 12:48:16.107 | INFO     | transformer:__default__:36 - DEBUG transformer: int -> line 984
2026-10-06 12:48:16.107 | INFO     | transformer:__default__:36 - DEBUG transformer: type_specifier -> line 984
2026-10-06 12:48:16.107 | INFO     | transformer:__default__:36 - DEBUG transformer: declarator -> line 984
2026-10-06 12:48:16.107 | INFO     | transformer:__default__:36 - DEBUG transformer: mult -> line 984
2026-10-06 12:48:16.107 | INFO     | transformer:__default__:36 - DEBUG transformer: multiplicative -> line 984
2026-10-06 12:48:16.107 | INFO     | transformer:__default__:36 - DEBUG transformer: bit_and -> line 984
2026-10-06 12:48:16.107 | INFO     | transformer:__default__:36 - DEBUG transformer: init_declarator -> line 984
2026-10-06 12:48:16.107 | INFO     | transformer:__default__:36 - DEBUG transformer: init_declarator_list -> line 984
2026-10-06 12:48:16.107 | INFO     | transformer:__default__:36 - DEBUG transformer: declaration -> line 984
2026-10-06 12:48:16.107 | INFO     | transformer:__default__:36 - DEBUG transformer: ptr_member_access -> line 986
2026-10-06 12:48:16.107 | INFO     | transformer:__default__:36 - DEBUG transformer: postfix -> line 986
2026-10-06 12:48:16.107 | INFO     | transformer:__default__:36 - DEBUG transformer: int -> line 986
2026-10-06 12:48:16.107 | INFO     | transformer:__default__:36 - DEBUG transformer: type_specifier -> line 986
2026-10-06 12:48:16.107 | INFO     | transformer:__default__:36 - DEBUG transformer: bit_and -> line 986
2026-10-06 12:48:16.107 | INFO     | transformer:__default__:36 - DEBUG transformer: cast -> line 986
2026-10-06 12:48:16.107 | INFO     | transformer:__default__:36 - DEBUG transformer: assignment -> line 986
2026-10-06 12:48:16.107 | INFO     | transformer:__default__:36 - DEBUG transformer: expr_stmt -> line 986
2026-10-06 12:48:16.107 | INFO     | transformer:__default__:36 - DEBUG transformer: ptr_member_access -> line 987
2026-10-06 12:48:16.107 | INFO     | transformer:__default__:36 - DEBUG transformer: postfix -> line 987
2026-10-06 12:48:16.107 | INFO     | transformer:__default__:36 - DEBUG transformer: int -> line 987
2026-10-06 12:48:16.107 | INFO     | transformer:__default__:36 - DEBUG transformer: type_specifier -> line 987
2026-10-06 12:48:16.107 | INFO     | transformer:__default__:36 - DEBUG transformer: plus -> line 987
2026-10-06 12:48:16.107 | INFO     | transformer:__default__:36 - DEBUG transformer: plus -> line 987
2026-10-06 12:48:16.107 | INFO     | transformer:__default__:36 - DEBUG transformer: plus -> line 987
2026-10-06 12:48:16.107 | INFO     | transformer:__default__:36 - DEBUG transformer: rshift -> line 987
2026-10-06 12:48:16.107 | INFO     | transformer:__default__:36 - DEBUG transformer: shift -> line 987
2026-10-06 12:48:16.107 | INFO     | transformer:__default__:36 - DEBUG transformer: additive -> line 987
2026-10-06 12:48:16.107 | INFO     | transformer:__default__:36 - DEBUG transformer: bit_and -> line 987
2026-10-06 12:48:16.107 | INFO     | transformer:__default__:36 - DEBUG transformer: cast -> line 987
2026-10-06 12:48:16.107 | INFO     | transformer:__default__:36 - DEBUG transformer: assignment -> line 987
2026-10-06 12:48:16.107 | INFO     | transformer:__default__:36 - DEBUG transformer: expr_stmt -> line 987
2026-10-06 12:48:16.107 | INFO     | transformer:__default__:36 - DEBUG transformer: return_stmt -> line 989
2026-10-06 12:48:16.107 | INFO     | transformer:__default__:36 - DEBUG transformer: compound_stmt -> line 974
2026-10-06 12:48:16.107 | INFO     | transformer:__default__:36 - DEBUG transformer: function_def -> line 973
2026-10-06 12:48:16.107 | INFO     | transformer:__default__:36 - DEBUG transformer: external_decl -> line 973
2026-10-06 12:48:16.108 | INFO     | transformer:__default__:36 - DEBUG transformer: type_specifier -> line 992
2026-10-06 12:48:16.108 | INFO     | transformer:__default__:36 - DEBUG transformer: declarator -> line 992
2026-10-06 12:48:16.108 | INFO     | transformer:__default__:36 - DEBUG transformer: type_specifier -> line 992
2026-10-06 12:48:16.108 | INFO     | transformer:__default__:36 - DEBUG transformer: declarator -> line 992
2026-10-06 12:48:16.108 | INFO     | transformer:__default__:36 - DEBUG transformer: param -> line 992
2026-10-06 12:48:16.108 | INFO     | transformer:__default__:36 - DEBUG transformer: int -> line 992
2026-10-06 12:48:16.108 | INFO     | transformer:__default__:36 - DEBUG transformer: type_specifier -> line 992
2026-10-06 12:48:16.108 | INFO     | transformer:__default__:36 - DEBUG transformer: declarator -> line 992
2026-10-06 12:48:16.108 | INFO     | transformer:__default__:36 - DEBUG transformer: param -> line 992
2026-10-06 12:48:16.108 | INFO     | transformer:__default__:36 - DEBUG transformer: param_list -> line 992
2026-10-06 12:48:16.108 | INFO     | transformer:__default__:36 - DEBUG transformer: type_specifier -> line 994
2026-10-06 12:48:16.108 | INFO     | transformer:__default__:36 - DEBUG transformer: declarator -> line 994
2026-10-06 12:48:16.108 | INFO     | transformer:__default__:36 - DEBUG transformer: init_declarator -> line 994
2026-10-06 12:48:16.108 | INFO     | transformer:__default__:36 - DEBUG transformer: init_declarator_list -> line 994
2026-10-06 12:48:16.108 | INFO     | transformer:__default__:36 - DEBUG transformer: declaration -> line 994
2026-10-06 12:48:16.108 | INFO     | transformer:__default__:36 - DEBUG transformer: int -> line 995
2026-10-06 12:48:16.108 | INFO     | transformer:__default__:36 - DEBUG transformer: type_specifier -> line 995
2026-10-06 12:48:16.108 | INFO     | transformer:__default__:36 - DEBUG transformer: declarator -> line 995
2026-10-06 12:48:16.108 | INFO     | transformer:__default__:36 - DEBUG transformer: init_declarator -> line 995
2026-10-06 12:48:16.108 | INFO     | transformer:__default__:36 - DEBUG transformer: init_declarator_list -> line 995
2026-10-06 12:48:16.108 | INFO     | transformer:__default__:36 - DEBUG transformer: declaration -> line 995
2026-10-06 12:48:16.108 | INFO     | transformer:__default__:36 - DEBUG transformer: int -> line 998
2026-10-06 12:48:16.108 | INFO     | transformer:__default__:36 - DEBUG transformer: type_specifier -> line 998
2026-10-06 12:48:16.108 | INFO     | transformer:__default__:36 - DEBUG transformer: declarator -> line 998
2026-10-06 12:48:16.108 | INFO     | transformer:__default__:36 - DEBUG transformer: member_access -> line 998
2026-10-06 12:48:16.108 | INFO     | transformer:__default__:36 - DEBUG transformer: postfix -> line 998
2026-10-06 12:48:16.108 | INFO     | transformer:__default__:36 - DEBUG transformer: plus -> line 998
2026-10-06 12:48:16.108 | INFO     | transformer:__default__:36 - DEBUG transformer: additive -> line 998
2026-10-06 12:48:16.108 | INFO     | transformer:__default__:36 - DEBUG transformer: init_declarator -> line 998
2026-10-06 12:48:16.108 | INFO     | transformer:__default__:36 - DEBUG transformer: init_declarator_list -> line 998
2026-10-06 12:48:16.108 | INFO     | transformer:__default__:36 - DEBUG transformer: declaration -> line 998
2026-10-06 12:48:16.108 | INFO     | transformer:__default__:36 - DEBUG transformer: lt -> line 999
2026-10-06 12:48:16.108 | INFO     | transformer:__default__:36 - DEBUG transformer: member_access -> line 999
2026-10-06 12:48:16.108 | INFO     | transformer:__default__:36 - DEBUG transformer: postfix -> line 999
2026-10-06 12:48:16.108 | INFO     | transformer:__default__:36 - DEBUG transformer: relational -> line 999
2026-10-06 12:48:16.108 | INFO     | transformer:__default__:36 - DEBUG transformer: assignment -> line 1001
2026-10-06 12:48:16.108 | INFO     | transformer:__default__:36 - DEBUG transformer: expr_stmt -> line 1001
2026-10-06 12:48:16.108 | INFO     | transformer:__default__:36 - DEBUG transformer: compound_stmt -> line 1000
2026-10-06 12:48:16.108 | INFO     | transformer:__default__:36 - DEBUG transformer: if_stmt -> line 999
2026-10-06 12:48:16.108 | INFO     | transformer:__default__:36 - DEBUG transformer: member_access -> line 1003
2026-10-06 12:48:16.109 | INFO     | transformer:__default__:36 - DEBUG transformer: postfix -> line 1003
2026-10-06 12:48:16.109 | INFO     | transformer:__default__:36 - DEBUG transformer: assignment -> line 1003
2026-10-06 12:48:16.109 | INFO     | transformer:__default__:36 - DEBUG transformer: expr_stmt -> line 1003
2026-10-06 12:48:16.109 | INFO     | transformer:__default__:36 - DEBUG transformer: member_access -> line 1006
2026-10-06 12:48:16.109 | INFO     | transformer:__default__:36 - DEBUG transformer: postfix -> line 1006
2026-10-06 12:48:16.109 | INFO     | transformer:__default__:36 - DEBUG transformer: member_access -> line 1006
2026-10-06 12:48:16.109 | INFO     | transformer:__default__:36 - DEBUG transformer: postfix -> line 1006
2026-10-06 12:48:16.109 | INFO     | transformer:__default__:36 - DEBUG transformer: plus -> line 1006
2026-10-06 12:48:16.109 | INFO     | transformer:__default__:36 - DEBUG transformer: additive -> line 1006
2026-10-06 12:48:16.109 | INFO     | transformer:__default__:36 - DEBUG transformer: assignment -> line 1006
2026-10-06 12:48:16.109 | INFO     | transformer:__default__:36 - DEBUG transformer: expr_stmt -> line 1006
2026-10-06 12:48:16.109 | INFO     | transformer:__default__:36 - DEBUG transformer: return_stmt -> line 1008
2026-10-06 12:48:16.109 | INFO     | transformer:__default__:36 - DEBUG transformer: compound_stmt -> line 993
2026-10-06 12:48:16.109 | INFO     | transformer:__default__:36 - DEBUG transformer: function_def -> line 992
2026-10-06 12:48:16.109 | INFO     | transformer:__default__:36 - DEBUG transformer: external_decl -> line 992
2026-10-06 12:48:16.109 | INFO     | transformer:__default__:36 - DEBUG transformer: type_specifier -> line 1011
2026-10-06 12:48:16.109 | INFO     | transformer:__default__:36 - DEBUG transformer: declarator -> line 1011
2026-10-06 12:48:16.109 | INFO     | transformer:__default__:36 - DEBUG transformer: type_specifier -> line 1011
2026-10-06 12:48:16.109 | INFO     | transformer:__default__:36 - DEBUG transformer: declarator -> line 1011
2026-10-06 12:48:16.109 | INFO     | transformer:__default__:36 - DEBUG transformer: param -> line 1011
2026-10-06 12:48:16.109 | INFO     | transformer:__default__:36 - DEBUG transformer: int -> line 1011
2026-10-06 12:48:16.109 | INFO     | transformer:__default__:36 - DEBUG transformer: type_specifier -> line 1011
2026-10-06 12:48:16.109 | INFO     | transformer:__default__:36 - DEBUG transformer: declarator -> line 1011
2026-10-06 12:48:16.109 | INFO     | transformer:__default__:36 - DEBUG transformer: param -> line 1011
2026-10-06 12:48:16.109 | INFO     | transformer:__default__:36 - DEBUG transformer: param_list -> line 1011
2026-10-06 12:48:16.109 | INFO     | transformer:__default__:36 - DEBUG transformer: type_specifier -> line 1013
2026-10-06 12:48:16.109 | INFO     | transformer:__default__:36 - DEBUG transformer: declarator -> line 1013
2026-10-06 12:48:16.109 | INFO     | transformer:__default__:36 - DEBUG transformer: init_declarator -> line 1013
2026-10-06 12:48:16.109 | INFO     | transformer:__default__:36 - DEBUG transformer: init_declarator_list -> line 1013
2026-10-06 12:48:16.109 | INFO     | transformer:__default__:36 - DEBUG transformer: declaration -> line 1013
2026-10-06 12:48:16.109 | INFO     | transformer:__default__:36 - DEBUG transformer: int -> line 1016
2026-10-06 12:48:16.109 | INFO     | transformer:__default__:36 - DEBUG transformer: type_specifier -> line 1016
2026-10-06 12:48:16.109 | INFO     | transformer:__default__:36 - DEBUG transformer: declarator -> line 1016
2026-10-06 12:48:16.109 | INFO     | transformer:__default__:36 - DEBUG transformer: member_access -> line 1016
2026-10-06 12:48:16.109 | INFO     | transformer:__default__:36 - DEBUG transformer: postfix -> line 1016
2026-10-06 12:48:16.109 | INFO     | transformer:__default__:36 - DEBUG transformer: init_declarator -> line 1016
2026-10-06 12:48:16.109 | INFO     | transformer:__default__:36 - DEBUG transformer: init_declarator_list -> line 1016
2026-10-06 12:48:16.109 | INFO     | transformer:__default__:36 - DEBUG transformer: declaration -> line 1016
2026-10-06 12:48:16.109 | INFO     | transformer:__default__:36 - DEBUG transformer: int -> line 1017
2026-10-06 12:48:16.109 | INFO     | transformer:__default__:36 - DEBUG transformer: type_specifier -> line 1017
2026-10-06 12:48:16.110 | INFO     | transformer:__default__:36 - DEBUG transformer: declarator -> line 1017
2026-10-06 12:48:16.110 | INFO     | transformer:__default__:36 - DEBUG transformer: member_access -> line 1017
2026-10-06 12:48:16.110 | INFO     | transformer:__default__:36 - DEBUG transformer: postfix -> line 1017
2026-10-06 12:48:16.110 | INFO     | transformer:__default__:36 - DEBUG transformer: init_declarator -> line 1017
2026-10-06 12:48:16.110 | INFO     | transformer:__default__:36 - DEBUG transformer: init_declarator_list -> line 1017
2026-10-06 12:48:16.110 | INFO     | transformer:__default__:36 - DEBUG transformer: declaration -> line 1017
2026-10-06 12:48:16.110 | INFO     | transformer:__default__:36 - DEBUG transformer: int -> line 1018
2026-10-06 12:48:16.110 | INFO     | transformer:__default__:36 - DEBUG transformer: type_specifier -> line 1018
2026-10-06 12:48:16.110 | INFO     | transformer:__default__:36 - DEBUG transformer: declarator -> line 1018
2026-10-06 12:48:16.110 | INFO     | transformer:__default__:36 - DEBUG transformer: mult -> line 1018
2026-10-06 12:48:16.110 | INFO     | transformer:__default__:36 - DEBUG transformer: multiplicative -> line 1018
2026-10-06 12:48:16.110 | INFO     | transformer:__default__:36 - DEBUG transformer: bit_and -> line 1018
2026-10-06 12:48:16.110 | INFO     | transformer:__default__:36 - DEBUG transformer: init_declarator -> line 1018
2026-10-06 12:48:16.110 | INFO     | transformer:__default__:36 - DEBUG transformer: init_declarator_list -> line 1018
2026-10-06 12:48:16.110 | INFO     | transformer:__default__:36 - DEBUG transformer: declaration -> line 1018
2026-10-06 12:48:16.110 | INFO     | transformer:__default__:36 - DEBUG transformer: int -> line 1019
2026-10-06 12:48:16.110 | INFO     | transformer:__default__:36 - DEBUG transformer: type_specifier -> line 1019
2026-10-06 12:48:16.110 | INFO     | transformer:__default__:36 - DEBUG transformer: declarator -> line 1019
2026-10-06 12:48:16.110 | INFO     | transformer:__default__:36 - DEBUG transformer: mult -> line 1019
2026-10-06 12:48:16.110 | INFO     | transformer:__default__:36 - DEBUG transformer: multiplicative -> line 1019
2026-10-06 12:48:16.110 | INFO     | transformer:__default__:36 - DEBUG transformer: bit_and -> line 1019
2026-10-06 12:48:16.110 | INFO     | transformer:__default__:36 - DEBUG transformer: init_declarator -> line 1019
2026-10-06 12:48:16.110 | INFO     | transformer:__default__:36 - DEBUG transformer: init_declarator_list -> line 1019
2026-10-06 12:48:16.110 | INFO     | transformer:__default__:36 - DEBUG transformer: declaration -> line 1019
2026-10-06 12:48:16.110 | INFO     | transformer:__default__:36 - DEBUG transformer: member_access -> line 1021
2026-10-06 12:48:16.110 | INFO     | transformer:__default__:36 - DEBUG transformer: postfix -> line 1021
2026-10-06 12:48:16.110 | INFO     | transformer:__default__:36 - DEBUG transformer: int -> line 1021
2026-10-06 12:48:16.110 | INFO     | transformer:__default__:36 - DEBUG transformer: type_specifier -> line 1021
2026-10-06 12:48:16.110 | INFO     | transformer:__default__:36 - DEBUG transformer: bit_and -> line 1021
2026-10-06 12:48:16.110 | INFO     | transformer:__default__:36 - DEBUG transformer: cast -> line 1021
2026-10-06 12:48:16.110 | INFO     | transformer:__default__:36 - DEBUG transformer: assignment -> line 1021
2026-10-06 12:48:16.110 | INFO     | transformer:__default__:36 - DEBUG transformer: expr_stmt -> line 1021
2026-10-06 12:48:16.110 | INFO     | transformer:__default__:36 - DEBUG transformer: member_access -> line 1022
2026-10-06 12:48:16.110 | INFO     | transformer:__default__:36 - DEBUG transformer: postfix -> line 1022
2026-10-06 12:48:16.110 | INFO     | transformer:__default__:36 - DEBUG transformer: int -> line 1022
2026-10-06 12:48:16.110 | INFO     | transformer:__default__:36 - DEBUG transformer: type_specifier -> line 1022
2026-10-06 12:48:16.110 | INFO     | transformer:__default__:36 - DEBUG transformer: plus -> line 1022
2026-10-06 12:48:16.110 | INFO     | transformer:__default__:36 - DEBUG transformer: rshift -> line 1022
2026-10-06 12:48:16.110 | INFO     | transformer:__default__:36 - DEBUG transformer: shift -> line 1022
2026-10-06 12:48:16.110 | INFO     | transformer:__default__:36 - DEBUG transformer: additive -> line 1022
2026-10-06 12:48:16.111 | INFO     | transformer:__default__:36 - DEBUG transformer: bit_and -> line 1022
2026-10-06 12:48:16.111 | INFO     | transformer:__default__:36 - DEBUG transformer: cast -> line 1022
2026-10-06 12:48:16.111 | INFO     | transformer:__default__:36 - DEBUG transformer: assignment -> line 1022
2026-10-06 12:48:16.111 | INFO     | transformer:__default__:36 - DEBUG transformer: expr_stmt -> line 1022
2026-10-06 12:48:16.111 | INFO     | transformer:__default__:36 - DEBUG transformer: return_stmt -> line 1024
2026-10-06 12:48:16.111 | INFO     | transformer:__default__:36 - DEBUG transformer: compound_stmt -> line 1012
2026-10-06 12:48:16.111 | INFO     | transformer:__default__:36 - DEBUG transformer: function_def -> line 1011
2026-10-06 12:48:16.111 | INFO     | transformer:__default__:36 - DEBUG transformer: external_decl -> line 1011
2026-10-06 12:48:16.111 | INFO     | transformer:__default__:36 - DEBUG transformer: type_specifier -> line 1027
2026-10-06 12:48:16.111 | INFO     | transformer:__default__:36 - DEBUG transformer: declarator -> line 1027
2026-10-06 12:48:16.111 | INFO     | transformer:__default__:36 - DEBUG transformer: int -> line 1027
2026-10-06 12:48:16.111 | INFO     | transformer:__default__:36 - DEBUG transformer: type_specifier -> line 1027
2026-10-06 12:48:16.111 | INFO     | transformer:__default__:36 - DEBUG transformer: declarator -> line 1027
2026-10-06 12:48:16.111 | INFO     | transformer:__default__:36 - DEBUG transformer: param -> line 1027
2026-10-06 12:48:16.111 | INFO     | transformer:__default__:36 - DEBUG transformer: param_list -> line 1027
2026-10-06 12:48:16.111 | INFO     | transformer:__default__:36 - DEBUG transformer: type_specifier -> line 1029
2026-10-06 12:48:16.111 | INFO     | transformer:__default__:36 - DEBUG transformer: declarator -> line 1029
2026-10-06 12:48:16.111 | INFO     | transformer:__default__:36 - DEBUG transformer: init_declarator -> line 1029
2026-10-06 12:48:16.111 | INFO     | transformer:__default__:36 - DEBUG transformer: init_declarator_list -> line 1029
2026-10-06 12:48:16.111 | INFO     | transformer:__default__:36 - DEBUG transformer: declaration -> line 1029
2026-10-06 12:48:16.111 | INFO     | transformer:__default__:36 - DEBUG transformer: member_access -> line 1030
2026-10-06 12:48:16.111 | INFO     | transformer:__default__:36 - DEBUG transformer: postfix -> line 1030
2026-10-06 12:48:16.111 | INFO     | transformer:__default__:36 - DEBUG transformer: assignment -> line 1030
2026-10-06 12:48:16.111 | INFO     | transformer:__default__:36 - DEBUG transformer: expr_stmt -> line 1030
2026-10-06 12:48:16.111 | INFO     | transformer:__default__:36 - DEBUG transformer: member_access -> line 1031
2026-10-06 12:48:16.111 | INFO     | transformer:__default__:36 - DEBUG transformer: postfix -> line 1031
2026-10-06 12:48:16.111 | INFO     | transformer:__default__:36 - DEBUG transformer: assignment -> line 1031
2026-10-06 12:48:16.111 | INFO     | transformer:__default__:36 - DEBUG transformer: expr_stmt -> line 1031
2026-10-06 12:48:16.111 | INFO     | transformer:__default__:36 - DEBUG transformer: return_stmt -> line 1032
2026-10-06 12:48:16.111 | INFO     | transformer:__default__:36 - DEBUG transformer: compound_stmt -> line 1028
2026-10-06 12:48:16.111 | INFO     | transformer:__default__:36 - DEBUG transformer: function_def -> line 1027
2026-10-06 12:48:16.111 | INFO     | transformer:__default__:36 - DEBUG transformer: external_decl -> line 1027
2026-10-06 12:48:16.111 | INFO     | transformer:__default__:36 - DEBUG transformer: type_specifier -> line 1036
2026-10-06 12:48:16.111 | INFO     | transformer:__default__:36 - DEBUG transformer: declarator -> line 1036
2026-10-06 12:48:16.111 | INFO     | transformer:__default__:36 - DEBUG transformer: int -> line 1036
2026-10-06 12:48:16.111 | INFO     | transformer:__default__:36 - DEBUG transformer: type_specifier -> line 1036
2026-10-06 12:48:16.111 | INFO     | transformer:__default__:36 - DEBUG transformer: declarator -> line 1036
2026-10-06 12:48:16.111 | INFO     | transformer:__default__:36 - DEBUG transformer: param -> line 1036
2026-10-06 12:48:16.111 | INFO     | transformer:__default__:36 - DEBUG transformer: int -> line 1036
2026-10-06 12:48:16.111 | INFO     | transformer:__default__:36 - DEBUG transformer: type_specifier -> line 1036
2026-10-06 12:48:16.112 | INFO     | transformer:__default__:36 - DEBUG transformer: declarator -> line 1036
2026-10-06 12:48:16.112 | INFO     | transformer:__default__:36 - DEBUG transformer: param -> line 1036
2026-10-06 12:48:16.112 | INFO     | transformer:__default__:36 - DEBUG transformer: param_list -> line 1036
2026-10-06 12:48:16.112 | INFO     | transformer:__default__:36 - DEBUG transformer: type_specifier -> line 1038
2026-10-06 12:48:16.112 | INFO     | transformer:__default__:36 - DEBUG transformer: declarator -> line 1038
2026-10-06 12:48:16.112 | INFO     | transformer:__default__:36 - DEBUG transformer: init_declarator -> line 1038
2026-10-06 12:48:16.112 | INFO     | transformer:__default__:36 - DEBUG transformer: init_declarator_list -> line 1038
2026-10-06 12:48:16.112 | INFO     | transformer:__default__:36 - DEBUG transformer: declaration -> line 1038
2026-10-06 12:48:16.112 | INFO     | transformer:__default__:36 - DEBUG transformer: member_access -> line 1039
2026-10-06 12:48:16.112 | INFO     | transformer:__default__:36 - DEBUG transformer: postfix -> line 1039
2026-10-06 12:48:16.112 | INFO     | transformer:__default__:36 - DEBUG transformer: assignment -> line 1039
2026-10-06 12:48:16.112 | INFO     | transformer:__default__:36 - DEBUG transformer: expr_stmt -> line 1039
2026-10-06 12:48:16.112 | INFO     | transformer:__default__:36 - DEBUG transformer: member_access -> line 1040
2026-10-06 12:48:16.112 | INFO     | transformer:__default__:36 - DEBUG transformer: postfix -> line 1040
2026-10-06 12:48:16.112 | INFO     | transformer:__default__:36 - DEBUG transformer: assignment -> line 1040
2026-10-06 12:48:16.112 | INFO     | transformer:__default__:36 - DEBUG transformer: expr_stmt -> line 1040
2026-10-06 12:48:16.112 | INFO     | transformer:__default__:36 - DEBUG transformer: return_stmt -> line 1041
2026-10-06 12:48:16.112 | INFO     | transformer:__default__:36 - DEBUG transformer: compound_stmt -> line 1037
2026-10-06 12:48:16.112 | INFO     | transformer:__default__:36 - DEBUG transformer: function_def -> line 1036
2026-10-06 12:48:16.112 | INFO     | transformer:__default__:36 - DEBUG transformer: external_decl -> line 1036
2026-10-06 12:48:16.112 | INFO     | transformer:__default__:36 - DEBUG transformer: char -> line 1044
2026-10-06 12:48:16.112 | INFO     | transformer:__default__:36 - DEBUG transformer: pointer -> line 1044
2026-10-06 12:48:16.112 | INFO     | transformer:__default__:36 - DEBUG transformer: type_specifier -> line 1044
2026-10-06 12:48:16.112 | INFO     | transformer:__default__:36 - DEBUG transformer: declarator -> line 1044
2026-10-06 12:48:16.112 | INFO     | transformer:__default__:36 - DEBUG transformer: type_specifier -> line 1044
2026-10-06 12:48:16.112 | INFO     | transformer:__default__:36 - DEBUG transformer: declarator -> line 1044
2026-10-06 12:48:16.112 | INFO     | transformer:__default__:36 - DEBUG transformer: param -> line 1044
2026-10-06 12:48:16.112 | INFO     | transformer:__default__:36 - DEBUG transformer: param_list -> line 1044
2026-10-06 12:48:16.112 | INFO     | transformer:__default__:36 - DEBUG transformer: char -> line 1046
2026-10-06 12:48:16.112 | INFO     | transformer:__default__:36 - DEBUG transformer: pointer -> line 1046
2026-10-06 12:48:16.112 | INFO     | transformer:__default__:36 - DEBUG transformer: type_specifier -> line 1046
2026-10-06 12:48:16.112 | INFO     | transformer:__default__:36 - DEBUG transformer: declarator -> line 1046
2026-10-06 12:48:16.112 | INFO     | transformer:__default__:36 - DEBUG transformer: arg_list -> line 1046
2026-10-06 12:48:16.112 | INFO     | transformer:__default__:36 - DEBUG transformer: call_suffix -> line 1046
2026-10-06 12:48:16.112 | INFO     | transformer:__default__:36 - DEBUG transformer: postfix -> line 1046
2026-10-06 12:48:16.112 | INFO     | transformer:__default__:36 - DEBUG transformer: init_declarator -> line 1046
2026-10-06 12:48:16.112 | INFO     | transformer:__default__:36 - DEBUG transformer: init_declarator_list -> line 1046
2026-10-06 12:48:16.112 | INFO     | transformer:__default__:36 - DEBUG transformer: declaration -> line 1046
2026-10-06 12:48:16.112 | INFO     | transformer:__default__:36 - DEBUG transformer: int -> line 1047
2026-10-06 12:48:16.113 | INFO     | transformer:__default__:36 - DEBUG transformer: type_specifier -> line 1047
2026-10-06 12:48:16.113 | INFO     | transformer:__default__:36 - DEBUG transformer: declarator -> line 1047
2026-10-06 12:48:16.113 | INFO     | transformer:__default__:36 - DEBUG transformer: init_declarator -> line 1047
2026-10-06 12:48:16.113 | INFO     | transformer:__default__:36 - DEBUG transformer: init_declarator_list -> line 1047
2026-10-06 12:48:16.113 | INFO     | transformer:__default__:36 - DEBUG transformer: declaration -> line 1047
2026-10-06 12:48:16.113 | INFO     | transformer:__default__:36 - DEBUG transformer: array_index -> line 1049
2026-10-06 12:48:16.113 | INFO     | transformer:__default__:36 - DEBUG transformer: postfix -> line 1049
2026-10-06 12:48:16.113 | INFO     | transformer:__default__:36 - DEBUG transformer: assignment -> line 1049
2026-10-06 12:48:16.113 | INFO     | transformer:__default__:36 - DEBUG transformer: expr_stmt -> line 1049
2026-10-06 12:48:16.113 | INFO     | transformer:__default__:36 - DEBUG transformer: member_access -> line 1051
2026-10-06 12:48:16.113 | INFO     | transformer:__default__:36 - DEBUG transformer: postfix -> line 1051
2026-10-06 12:48:16.113 | INFO     | transformer:__default__:36 - DEBUG transformer: lt -> line 1051
2026-10-06 12:48:16.113 | INFO     | transformer:__default__:36 - DEBUG transformer: relational -> line 1051
2026-10-06 12:48:16.113 | INFO     | transformer:__default__:36 - DEBUG transformer: member_access -> line 1051
2026-10-06 12:48:16.113 | INFO     | transformer:__default__:36 - DEBUG transformer: postfix -> line 1051
2026-10-06 12:48:16.113 | INFO     | transformer:__default__:36 - DEBUG transformer: eq -> line 1051
2026-10-06 12:48:16.113 | INFO     | transformer:__default__:36 - DEBUG transformer: equality -> line 1051
2026-10-06 12:48:16.113 | INFO     | transformer:__default__:36 - DEBUG transformer: member_access -> line 1051
2026-10-06 12:48:16.113 | INFO     | transformer:__default__:36 - DEBUG transformer: postfix -> line 1051
2026-10-06 12:48:16.113 | INFO     | transformer:__default__:36 - DEBUG transformer: lt -> line 1051
2026-10-06 12:48:16.113 | INFO     | transformer:__default__:36 - DEBUG transformer: relational -> line 1051
2026-10-06 12:48:16.113 | INFO     | transformer:__default__:36 - DEBUG transformer: logic_and -> line 1051
2026-10-06 12:48:16.113 | INFO     | transformer:__default__:36 - DEBUG transformer: logic_or -> line 1051
2026-10-06 12:48:16.113 | INFO     | transformer:__default__:36 - DEBUG transformer: assignment -> line 1053
2026-10-06 12:48:16.113 | INFO     | transformer:__default__:36 - DEBUG transformer: expr_stmt -> line 1053
2026-10-06 12:48:16.113 | INFO     | transformer:__default__:36 - DEBUG transformer: member_access -> line 1055
2026-10-06 12:48:16.113 | INFO     | transformer:__default__:36 - DEBUG transformer: postfix -> line 1055
2026-10-06 12:48:16.113 | INFO     | transformer:__default__:36 - DEBUG transformer: neq -> line 1055
2026-10-06 12:48:16.113 | INFO     | transformer:__default__:36 - DEBUG transformer: equality -> line 1055
2026-10-06 12:48:16.113 | INFO     | transformer:__default__:36 - DEBUG transformer: member_access -> line 1057
2026-10-06 12:48:16.113 | INFO     | transformer:__default__:36 - DEBUG transformer: postfix -> line 1057
2026-10-06 12:48:16.113 | INFO     | transformer:__default__:36 - DEBUG transformer: uminus -> line 1057
2026-10-06 12:48:16.113 | INFO     | transformer:__default__:36 - DEBUG transformer: member_access -> line 1057
2026-10-06 12:48:16.113 | INFO     | transformer:__default__:36 - DEBUG transformer: postfix -> line 1057
2026-10-06 12:48:16.113 | INFO     | transformer:__default__:36 - DEBUG transformer: plus -> line 1057
2026-10-06 12:48:16.113 | INFO     | transformer:__default__:36 - DEBUG transformer: additive -> line 1057
2026-10-06 12:48:16.113 | INFO     | transformer:__default__:36 - DEBUG transformer: unary -> line 1057
2026-10-06 12:48:16.113 | INFO     | transformer:__default__:36 - DEBUG transformer: assignment -> line 1057
2026-10-06 12:48:16.114 | INFO     | transformer:__default__:36 - DEBUG transformer: expr_stmt -> line 1057
2026-10-06 12:48:16.114 | INFO     | transformer:__default__:36 - DEBUG transformer: member_access -> line 1058
2026-10-06 12:48:16.114 | INFO     | transformer:__default__:36 - DEBUG transformer: postfix -> line 1058
2026-10-06 12:48:16.114 | INFO     | transformer:__default__:36 - DEBUG transformer: uminus -> line 1058
2026-10-06 12:48:16.114 | INFO     | transformer:__default__:36 - DEBUG transformer: member_access -> line 1058
2026-10-06 12:48:16.114 | INFO     | transformer:__default__:36 - DEBUG transformer: postfix -> line 1058
2026-10-06 12:48:16.114 | INFO     | transformer:__default__:36 - DEBUG transformer: unary -> line 1058
2026-10-06 12:48:16.114 | INFO     | transformer:__default__:36 - DEBUG transformer: assignment -> line 1058
2026-10-06 12:48:16.114 | INFO     | transformer:__default__:36 - DEBUG transformer: expr_stmt -> line 1058
2026-10-06 12:48:16.114 | INFO     | transformer:__default__:36 - DEBUG transformer: compound_stmt -> line 1056
2026-10-06 12:48:16.114 | INFO     | transformer:__default__:36 - DEBUG transformer: member_access -> line 1062
2026-10-06 12:48:16.114 | INFO     | transformer:__default__:36 - DEBUG transformer: postfix -> line 1062
2026-10-06 12:48:16.114 | INFO     | transformer:__default__:36 - DEBUG transformer: uminus -> line 1062
2026-10-06 12:48:16.114 | INFO     | transformer:__default__:36 - DEBUG transformer: member_access -> line 1062
2026-10-06 12:48:16.114 | INFO     | transformer:__default__:36 - DEBUG transformer: postfix -> line 1062
2026-10-06 12:48:16.114 | INFO     | transformer:__default__:36 - DEBUG transformer: unary -> line 1062
2026-10-06 12:48:16.114 | INFO     | transformer:__default__:36 - DEBUG transformer: assignment -> line 1062
2026-10-06 12:48:16.114 | INFO     | transformer:__default__:36 - DEBUG transformer: expr_stmt -> line 1062
2026-10-06 12:48:16.114 | INFO     | transformer:__default__:36 - DEBUG transformer: compound_stmt -> line 1061
2026-10-06 12:48:16.114 | INFO     | transformer:__default__:36 - DEBUG transformer: if_stmt -> line 1055
2026-10-06 12:48:16.114 | INFO     | transformer:__default__:36 - DEBUG transformer: compound_stmt -> line 1052
2026-10-06 12:48:16.114 | INFO     | transformer:__default__:36 - DEBUG transformer: if_stmt -> line 1051
2026-10-06 12:48:16.114 | INFO     | transformer:__default__:36 - DEBUG transformer: int -> line 1069
2026-10-06 12:48:16.114 | INFO     | transformer:__default__:36 - DEBUG transformer: type_specifier -> line 1069
2026-10-06 12:48:16.114 | INFO     | transformer:__default__:36 - DEBUG transformer: declarator -> line 1069
2026-10-06 12:48:16.114 | INFO     | transformer:__default__:36 - DEBUG transformer: init_declarator -> line 1069
2026-10-06 12:48:16.114 | INFO     | transformer:__default__:36 - DEBUG transformer: init_declarator_list -> line 1069
2026-10-06 12:48:16.114 | INFO     | transformer:__default__:36 - DEBUG transformer: declaration -> line 1069
2026-10-06 12:48:16.114 | INFO     | transformer:__default__:36 - DEBUG transformer: int -> line 1071
2026-10-06 12:48:16.114 | INFO     | transformer:__default__:36 - DEBUG transformer: type_specifier -> line 1071
2026-10-06 12:48:16.114 | INFO     | transformer:__default__:36 - DEBUG transformer: declarator -> line 1071
2026-10-06 12:48:16.114 | INFO     | transformer:__default__:36 - DEBUG transformer: init_declarator -> line 1071
2026-10-06 12:48:16.114 | INFO     | transformer:__default__:36 - DEBUG transformer: init_declarator_list -> line 1071
2026-10-06 12:48:16.114 | INFO     | transformer:__default__:36 - DEBUG transformer: declaration -> line 1071
2026-10-06 12:48:16.114 | INFO     | transformer:__default__:36 - DEBUG transformer: lt -> line 1071
2026-10-06 12:48:16.114 | INFO     | transformer:__default__:36 - DEBUG transformer: relational -> line 1071
2026-10-06 12:48:16.114 | INFO     | transformer:__default__:36 - DEBUG transformer: post_inc -> line 1071
2026-10-06 12:48:16.114 | INFO     | transformer:__default__:36 - DEBUG transformer: postfix -> line 1071
2026-10-06 12:48:16.114 | INFO     | transformer:__default__:36 - DEBUG transformer: int -> line 1077
2026-10-06 12:48:16.114 | INFO     | transformer:__default__:36 - DEBUG transformer: type_specifier -> line 1077
2026-10-06 12:48:16.115 | INFO     | transformer:__default__:36 - DEBUG transformer: declarator -> line 1077
2026-10-06 12:48:16.115 | INFO     | transformer:__default__:36 - DEBUG transformer: member_access -> line 1077
2026-10-06 12:48:16.115 | INFO     | transformer:__default__:36 - DEBUG transformer: postfix -> line 1077
2026-10-06 12:48:16.115 | INFO     | transformer:__default__:36 - DEBUG transformer: div -> line 1077
2026-10-06 12:48:16.115 | INFO     | transformer:__default__:36 - DEBUG transformer: multiplicative -> line 1077
2026-10-06 12:48:16.115 | INFO     | transformer:__default__:36 - DEBUG transformer: init_declarator -> line 1077
2026-10-06 12:48:16.115 | INFO     | transformer:__default__:36 - DEBUG transformer: init_declarator_list -> line 1077
2026-10-06 12:48:16.115 | INFO     | transformer:__default__:36 - DEBUG transformer: declaration -> line 1077
2026-10-06 12:48:16.115 | INFO     | transformer:__default__:36 - DEBUG transformer: member_access -> line 1080
2026-10-06 12:48:16.115 | INFO     | transformer:__default__:36 - DEBUG transformer: postfix -> line 1080
2026-10-06 12:48:16.115 | INFO     | transformer:__default__:36 - DEBUG transformer: member_access -> line 1080
2026-10-06 12:48:16.115 | INFO     | transformer:__default__:36 - DEBUG transformer: postfix -> line 1080
2026-10-06 12:48:16.115 | INFO     | transformer:__default__:36 - DEBUG transformer: minus -> line 1080
2026-10-06 12:48:16.115 | INFO     | transformer:__default__:36 - DEBUG transformer: mult -> line 1080
2026-10-06 12:48:16.115 | INFO     | transformer:__default__:36 - DEBUG transformer: multiplicative -> line 1080
2026-10-06 12:48:16.115 | INFO     | transformer:__default__:36 - DEBUG transformer: additive -> line 1080
2026-10-06 12:48:16.115 | INFO     | transformer:__default__:36 - DEBUG transformer: mult -> line 1080
2026-10-06 12:48:16.115 | INFO     | transformer:__default__:36 - DEBUG transformer: multiplicative -> line 1080
2026-10-06 12:48:16.115 | INFO     | transformer:__default__:36 - DEBUG transformer: assignment -> line 1080
2026-10-06 12:48:16.115 | INFO     | transformer:__default__:36 - DEBUG transformer: expr_stmt -> line 1080
2026-10-06 12:48:16.115 | INFO     | transformer:__default__:36 - DEBUG transformer: array_index -> line 1082
2026-10-06 12:48:16.115 | INFO     | transformer:__default__:36 - DEBUG transformer: postfix -> line 1082
2026-10-06 12:48:16.115 | INFO     | transformer:__default__:36 - DEBUG transformer: plus -> line 1082
2026-10-06 12:48:16.115 | INFO     | transformer:__default__:36 - DEBUG transformer: additive -> line 1082
2026-10-06 12:48:16.115 | INFO     | transformer:__default__:36 - DEBUG transformer: assignment -> line 1082
2026-10-06 12:48:16.115 | INFO     | transformer:__default__:36 - DEBUG transformer: expr_stmt -> line 1082
2026-10-06 12:48:16.115 | INFO     | transformer:__default__:36 - DEBUG transformer: compound_stmt -> line 1072
2026-10-06 12:48:16.115 | INFO     | transformer:__default__:36 - DEBUG transformer: for_stmt -> line 1071
2026-10-06 12:48:16.115 | INFO     | transformer:__default__:36 - DEBUG transformer: array_index -> line 1084
2026-10-06 12:48:16.115 | INFO     | transformer:__default__:36 - DEBUG transformer: postfix -> line 1084
2026-10-06 12:48:16.115 | INFO     | transformer:__default__:36 - DEBUG transformer: assignment -> line 1084
2026-10-06 12:48:16.115 | INFO     | transformer:__default__:36 - DEBUG transformer: expr_stmt -> line 1084
2026-10-06 12:48:16.115 | INFO     | transformer:__default__:36 - DEBUG transformer: char -> line 1087
2026-10-06 12:48:16.115 | INFO     | transformer:__default__:36 - DEBUG transformer: type_specifier -> line 1087
2026-10-06 12:48:16.115 | INFO     | transformer:__default__:36 - DEBUG transformer: array -> line 1087
2026-10-06 12:48:16.115 | INFO     | transformer:__default__:36 - DEBUG transformer: declarator -> line 1087
2026-10-06 12:48:16.115 | INFO     | transformer:__default__:36 - DEBUG transformer: init_declarator -> line 1087
2026-10-06 12:48:16.115 | INFO     | transformer:__default__:36 - DEBUG transformer: init_declarator_list -> line 1087
2026-10-06 12:48:16.115 | INFO     | transformer:__default__:36 - DEBUG transformer: declaration -> line 1087
2026-10-06 12:48:16.116 | INFO     | transformer:__default__:36 - DEBUG transformer: int -> line 1088
2026-10-06 12:48:16.116 | INFO     | transformer:__default__:36 - DEBUG transformer: type_specifier -> line 1088
2026-10-06 12:48:16.116 | INFO     | transformer:__default__:36 - DEBUG transformer: declarator -> line 1088
2026-10-06 12:48:16.116 | INFO     | transformer:__default__:36 - DEBUG transformer: init_declarator -> line 1088
2026-10-06 12:48:16.116 | INFO     | transformer:__default__:36 - DEBUG transformer: init_declarator_list -> line 1088
2026-10-06 12:48:16.116 | INFO     | transformer:__default__:36 - DEBUG transformer: declaration -> line 1088
2026-10-06 12:48:16.116 | INFO     | transformer:__default__:36 - DEBUG transformer: post_inc -> line 1091
2026-10-06 12:48:16.116 | INFO     | transformer:__default__:36 - DEBUG transformer: postfix -> line 1091
2026-10-06 12:48:16.116 | INFO     | transformer:__default__:36 - DEBUG transformer: array_index -> line 1091
2026-10-06 12:48:16.116 | INFO     | transformer:__default__:36 - DEBUG transformer: postfix -> line 1091
2026-10-06 12:48:16.116 | INFO     | transformer:__default__:36 - DEBUG transformer: assignment -> line 1091
2026-10-06 12:48:16.116 | INFO     | transformer:__default__:36 - DEBUG transformer: expr_stmt -> line 1091
2026-10-06 12:48:16.116 | INFO     | transformer:__default__:36 - DEBUG transformer: compound_stmt -> line 1090
2026-10-06 12:48:16.116 | INFO     | transformer:__default__:36 - DEBUG transformer: if_stmt -> line 1089
2026-10-06 12:48:16.116 | INFO     | transformer:__default__:36 - DEBUG transformer: int -> line 1095
2026-10-06 12:48:16.116 | INFO     | transformer:__default__:36 - DEBUG transformer: type_specifier -> line 1095
2026-10-06 12:48:16.116 | INFO     | transformer:__default__:36 - DEBUG transformer: declarator -> line 1095
2026-10-06 12:48:16.116 | INFO     | transformer:__default__:36 - DEBUG transformer: member_access -> line 1095
2026-10-06 12:48:16.116 | INFO     | transformer:__default__:36 - DEBUG transformer: postfix -> line 1095
2026-10-06 12:48:16.116 | INFO     | transformer:__default__:36 - DEBUG transformer: init_declarator -> line 1095
2026-10-06 12:48:16.116 | INFO     | transformer:__default__:36 - DEBUG transformer: init_declarator_list -> line 1095
2026-10-06 12:48:16.116 | INFO     | transformer:__default__:36 - DEBUG transformer: declaration -> line 1095
2026-10-06 12:48:16.116 | INFO     | transformer:__default__:36 - DEBUG transformer: int -> line 1096
2026-10-06 12:48:16.116 | INFO     | transformer:__default__:36 - DEBUG transformer: type_specifier -> line 1096
2026-10-06 12:48:16.116 | INFO     | transformer:__default__:36 - DEBUG transformer: declarator -> line 1096
2026-10-06 12:48:16.116 | INFO     | transformer:__default__:36 - DEBUG transformer: init_declarator -> line 1096
2026-10-06 12:48:16.116 | INFO     | transformer:__default__:36 - DEBUG transformer: init_declarator_list -> line 1096
2026-10-06 12:48:16.116 | INFO     | transformer:__default__:36 - DEBUG transformer: declaration -> line 1096
2026-10-06 12:48:16.116 | INFO     | transformer:__default__:36 - DEBUG transformer: int -> line 1097
2026-10-06 12:48:16.116 | INFO     | transformer:__default__:36 - DEBUG transformer: type_specifier -> line 1097
2026-10-06 12:48:16.116 | INFO     | transformer:__default__:36 - DEBUG transformer: declarator -> line 1097
2026-10-06 12:48:16.116 | INFO     | transformer:__default__:36 - DEBUG transformer: init_declarator -> line 1097
2026-10-06 12:48:16.116 | INFO     | transformer:__default__:36 - DEBUG transformer: init_declarator_list -> line 1097
2026-10-06 12:48:16.116 | INFO     | transformer:__default__:36 - DEBUG transformer: declaration -> line 1097
2026-10-06 12:48:16.116 | INFO     | transformer:__default__:36 - DEBUG transformer: eq -> line 1098
2026-10-06 12:48:16.116 | INFO     | transformer:__default__:36 - DEBUG transformer: equality -> line 1098
2026-10-06 12:48:16.116 | INFO     | transformer:__default__:36 - DEBUG transformer: post_inc -> line 1100
2026-10-06 12:48:16.116 | INFO     | transformer:__default__:36 - DEBUG transformer: postfix -> line 1100
2026-10-06 12:48:16.116 | INFO     | transformer:__default__:36 - DEBUG transformer: array_index -> line 1100
2026-10-06 12:48:16.117 | INFO     | transformer:__default__:36 - DEBUG transformer: postfix -> line 1100
2026-10-06 12:48:16.117 | INFO     | transformer:__default__:36 - DEBUG transformer: assignment -> line 1100
2026-10-06 12:48:16.117 | INFO     | transformer:__default__:36 - DEBUG transformer: expr_stmt -> line 1100
2026-10-06 12:48:16.117 | INFO     | transformer:__default__:36 - DEBUG transformer: compound_stmt -> line 1099
2026-10-06 12:48:16.117 | INFO     | transformer:__default__:36 - DEBUG transformer: int -> line 1104
2026-10-06 12:48:16.117 | INFO     | transformer:__default__:36 - DEBUG transformer: type_specifier -> line 1104
2026-10-06 12:48:16.117 | INFO     | transformer:__default__:36 - DEBUG transformer: array -> line 1104
2026-10-06 12:48:16.117 | INFO     | transformer:__default__:36 - DEBUG transformer: declarator -> line 1104
2026-10-06 12:48:16.117 | INFO     | transformer:__default__:36 - DEBUG transformer: init_declarator -> line 1104
2026-10-06 12:48:16.117 | INFO     | transformer:__default__:36 - DEBUG transformer: init_declarator_list -> line 1104
2026-10-06 12:48:16.117 | INFO     | transformer:__default__:36 - DEBUG transformer: declaration -> line 1104
2026-10-06 12:48:16.117 | INFO     | transformer:__default__:36 - DEBUG transformer: int -> line 1105
2026-10-06 12:48:16.117 | INFO     | transformer:__default__:36 - DEBUG transformer: type_specifier -> line 1105
2026-10-06 12:48:16.117 | INFO     | transformer:__default__:36 - DEBUG transformer: declarator -> line 1105
2026-10-06 12:48:16.117 | INFO     | transformer:__default__:36 - DEBUG transformer: init_declarator -> line 1105
2026-10-06 12:48:16.117 | INFO     | transformer:__default__:36 - DEBUG transformer: init_declarator_list -> line 1105
2026-10-06 12:48:16.117 | INFO     | transformer:__default__:36 - DEBUG transformer: declaration -> line 1105
2026-10-06 12:48:16.117 | INFO     | transformer:__default__:36 - DEBUG transformer: gt -> line 1106
2026-10-06 12:48:16.117 | INFO     | transformer:__default__:36 - DEBUG transformer: relational -> line 1106
2026-10-06 12:48:16.117 | INFO     | transformer:__default__:36 - DEBUG transformer: post_inc -> line 1108
2026-10-06 12:48:16.117 | INFO     | transformer:__default__:36 - DEBUG transformer: postfix -> line 1108
2026-10-06 12:48:16.117 | INFO     | transformer:__default__:36 - DEBUG transformer: array_index -> line 1108
2026-10-06 12:48:16.117 | INFO     | transformer:__default__:36 - DEBUG transformer: postfix -> line 1108
2026-10-06 12:48:16.117 | INFO     | transformer:__default__:36 - DEBUG transformer: mod -> line 1108
2026-10-06 12:48:16.117 | INFO     | transformer:__default__:36 - DEBUG transformer: multiplicative -> line 1108
2026-10-06 12:48:16.117 | INFO     | transformer:__default__:36 - DEBUG transformer: assignment -> line 1108
2026-10-06 12:48:16.117 | INFO     | transformer:__default__:36 - DEBUG transformer: expr_stmt -> line 1108
2026-10-06 12:48:16.117 | INFO     | transformer:__default__:36 - DEBUG transformer: div -> line 1109
2026-10-06 12:48:16.117 | INFO     | transformer:__default__:36 - DEBUG transformer: multiplicative -> line 1109
2026-10-06 12:48:16.117 | INFO     | transformer:__default__:36 - DEBUG transformer: assignment -> line 1109
2026-10-06 12:48:16.117 | INFO     | transformer:__default__:36 - DEBUG transformer: expr_stmt -> line 1109
2026-10-06 12:48:16.117 | INFO     | transformer:__default__:36 - DEBUG transformer: compound_stmt -> line 1107
2026-10-06 12:48:16.117 | INFO     | transformer:__default__:36 - DEBUG transformer: while_stmt -> line 1106
2026-10-06 12:48:16.117 | INFO     | transformer:__default__:36 - DEBUG transformer: int -> line 1111
2026-10-06 12:48:16.117 | INFO     | transformer:__default__:36 - DEBUG transformer: type_specifier -> line 1111
2026-10-06 12:48:16.117 | INFO     | transformer:__default__:36 - DEBUG transformer: declarator -> line 1111
2026-10-06 12:48:16.117 | INFO     | transformer:__default__:36 - DEBUG transformer: minus -> line 1111
2026-10-06 12:48:16.117 | INFO     | transformer:__default__:36 - DEBUG transformer: additive -> line 1111
2026-10-06 12:48:16.117 | INFO     | transformer:__default__:36 - DEBUG transformer: init_declarator -> line 1111
2026-10-06 12:48:16.118 | INFO     | transformer:__default__:36 - DEBUG transformer: init_declarator_list -> line 1111
2026-10-06 12:48:16.118 | INFO     | transformer:__default__:36 - DEBUG transformer: declaration -> line 1111
2026-10-06 12:48:16.118 | INFO     | transformer:__default__:36 - DEBUG transformer: gte -> line 1111
2026-10-06 12:48:16.118 | INFO     | transformer:__default__:36 - DEBUG transformer: relational -> line 1111
2026-10-06 12:48:16.118 | INFO     | transformer:__default__:36 - DEBUG transformer: post_dec -> line 1111
2026-10-06 12:48:16.118 | INFO     | transformer:__default__:36 - DEBUG transformer: postfix -> line 1111
2026-10-06 12:48:16.118 | INFO     | transformer:__default__:36 - DEBUG transformer: post_inc -> line 1113
2026-10-06 12:48:16.118 | INFO     | transformer:__default__:36 - DEBUG transformer: postfix -> line 1113
2026-10-06 12:48:16.118 | INFO     | transformer:__default__:36 - DEBUG transformer: array_index -> line 1113
2026-10-06 12:48:16.118 | INFO     | transformer:__default__:36 - DEBUG transformer: postfix -> line 1113
2026-10-06 12:48:16.118 | INFO     | transformer:__default__:36 - DEBUG transformer: plus -> line 1113
2026-10-06 12:48:16.118 | INFO     | transformer:__default__:36 - DEBUG transformer: array_index -> line 1113
2026-10-06 12:48:16.118 | INFO     | transformer:__default__:36 - DEBUG transformer: postfix -> line 1113
2026-10-06 12:48:16.118 | INFO     | transformer:__default__:36 - DEBUG transformer: additive -> line 1113
2026-10-06 12:48:16.118 | INFO     | transformer:__default__:36 - DEBUG transformer: assignment -> line 1113
2026-10-06 12:48:16.118 | INFO     | transformer:__default__:36 - DEBUG transformer: expr_stmt -> line 1113
2026-10-06 12:48:16.118 | INFO     | transformer:__default__:36 - DEBUG transformer: compound_stmt -> line 1112
2026-10-06 12:48:16.118 | INFO     | transformer:__default__:36 - DEBUG transformer: for_stmt -> line 1111
2026-10-06 12:48:16.118 | INFO     | transformer:__default__:36 - DEBUG transformer: compound_stmt -> line 1103
2026-10-06 12:48:16.118 | INFO     | transformer:__default__:36 - DEBUG transformer: if_stmt -> line 1098
2026-10-06 12:48:16.118 | INFO     | transformer:__default__:36 - DEBUG transformer: post_inc -> line 1117
2026-10-06 12:48:16.118 | INFO     | transformer:__default__:36 - DEBUG transformer: postfix -> line 1117
2026-10-06 12:48:16.118 | INFO     | transformer:__default__:36 - DEBUG transformer: array_index -> line 1117
2026-10-06 12:48:16.118 | INFO     | transformer:__default__:36 - DEBUG transformer: postfix -> line 1117
2026-10-06 12:48:16.118 | INFO     | transformer:__default__:36 - DEBUG transformer: assignment -> line 1117
2026-10-06 12:48:16.118 | INFO     | transformer:__default__:36 - DEBUG transformer: expr_stmt -> line 1117
2026-10-06 12:48:16.118 | INFO     | transformer:__default__:36 - DEBUG transformer: int -> line 1118
2026-10-06 12:48:16.118 | INFO     | transformer:__default__:36 - DEBUG transformer: type_specifier -> line 1118
2026-10-06 12:48:16.118 | INFO     | transformer:__default__:36 - DEBUG transformer: declarator -> line 1118
2026-10-06 12:48:16.118 | INFO     | transformer:__default__:36 - DEBUG transformer: init_declarator -> line 1118
2026-10-06 12:48:16.118 | INFO     | transformer:__default__:36 - DEBUG transformer: init_declarator_list -> line 1118
2026-10-06 12:48:16.118 | INFO     | transformer:__default__:36 - DEBUG transformer: declaration -> line 1118
2026-10-06 12:48:16.118 | INFO     | transformer:__default__:36 - DEBUG transformer: lt -> line 1118
2026-10-06 12:48:16.118 | INFO     | transformer:__default__:36 - DEBUG transformer: relational -> line 1118
2026-10-06 12:48:16.118 | INFO     | transformer:__default__:36 - DEBUG transformer: post_inc -> line 1118
2026-10-06 12:48:16.118 | INFO     | transformer:__default__:36 - DEBUG transformer: postfix -> line 1118
2026-10-06 12:48:16.118 | INFO     | transformer:__default__:36 - DEBUG transformer: post_inc -> line 1120
2026-10-06 12:48:16.118 | INFO     | transformer:__default__:36 - DEBUG transformer: postfix -> line 1120
2026-10-06 12:48:16.118 | INFO     | transformer:__default__:36 - DEBUG transformer: array_index -> line 1120
2026-10-06 12:48:16.118 | INFO     | transformer:__default__:36 - DEBUG transformer: postfix -> line 1120
2026-10-06 12:48:16.119 | INFO     | transformer:__default__:36 - DEBUG transformer: array_index -> line 1120
2026-10-06 12:48:16.119 | INFO     | transformer:__default__:36 - DEBUG transformer: postfix -> line 1120
2026-10-06 12:48:16.119 | INFO     | transformer:__default__:36 - DEBUG transformer: assignment -> line 1120
2026-10-06 12:48:16.119 | INFO     | transformer:__default__:36 - DEBUG transformer: expr_stmt -> line 1120
2026-10-06 12:48:16.119 | INFO     | transformer:__default__:36 - DEBUG transformer: compound_stmt -> line 1119
2026-10-06 12:48:16.119 | INFO     | transformer:__default__:36 - DEBUG transformer: for_stmt -> line 1118
2026-10-06 12:48:16.119 | INFO     | transformer:__default__:36 - DEBUG transformer: array_index -> line 1122
2026-10-06 12:48:16.119 | INFO     | transformer:__default__:36 - DEBUG transformer: postfix -> line 1122
2026-10-06 12:48:16.119 | INFO     | transformer:__default__:36 - DEBUG transformer: assignment -> line 1122
2026-10-06 12:48:16.119 | INFO     | transformer:__default__:36 - DEBUG transformer: expr_stmt -> line 1122
2026-10-06 12:48:16.119 | INFO     | transformer:__default__:36 - DEBUG transformer: return_stmt -> line 1123
2026-10-06 12:48:16.119 | INFO     | transformer:__default__:36 - DEBUG transformer: compound_stmt -> line 1045
2026-10-06 12:48:16.119 | INFO     | transformer:__default__:36 - DEBUG transformer: function_def -> line 1044
2026-10-06 12:48:16.119 | INFO     | transformer:__default__:36 - DEBUG transformer: external_decl -> line 1044
2026-10-06 12:48:16.119 | INFO     | transformer:__default__:36 - DEBUG transformer: int -> line 1130
2026-10-06 12:48:16.119 | INFO     | transformer:__default__:36 - DEBUG transformer: type_specifier -> line 1130
2026-10-06 12:48:16.119 | INFO     | transformer:__default__:36 - DEBUG transformer: declarator -> line 1130
2026-10-06 12:48:16.119 | INFO     | transformer:__default__:36 - DEBUG transformer: char -> line 1130
2026-10-06 12:48:16.119 | INFO     | transformer:__default__:36 - DEBUG transformer: type_specifier -> line 1130
2026-10-06 12:48:16.120 | INFO     | transformer:__default__:36 - DEBUG transformer: declarator -> line 1130
2026-10-06 12:48:16.120 | INFO     | transformer:__default__:36 - DEBUG transformer: param -> line 1130
2026-10-06 12:48:16.120 | INFO     | transformer:__default__:36 - DEBUG transformer: param_list -> line 1130
2026-10-06 12:48:16.120 | INFO     | transformer:__default__:36 - DEBUG transformer: eq -> line 1132
2026-10-06 12:48:16.120 | INFO     | transformer:__default__:36 - DEBUG transformer: equality -> line 1132
2026-10-06 12:48:16.120 | INFO     | transformer:__default__:36 - DEBUG transformer: eq -> line 1132
2026-10-06 12:48:16.120 | INFO     | transformer:__default__:36 - DEBUG transformer: equality -> line 1132
2026-10-06 12:48:16.120 | INFO     | transformer:__default__:36 - DEBUG transformer: logic_or -> line 1132
2026-10-06 12:48:16.120 | INFO     | transformer:__default__:36 - DEBUG transformer: return_stmt -> line 1133
2026-10-06 12:48:16.120 | INFO     | transformer:__default__:36 - DEBUG transformer: if_stmt -> line 1132
2026-10-06 12:48:16.120 | INFO     | transformer:__default__:36 - DEBUG transformer: eq -> line 1134
2026-10-06 12:48:16.120 | INFO     | transformer:__default__:36 - DEBUG transformer: equality -> line 1134
2026-10-06 12:48:16.120 | INFO     | transformer:__default__:36 - DEBUG transformer: eq -> line 1134
2026-10-06 12:48:16.120 | INFO     | transformer:__default__:36 - DEBUG transformer: equality -> line 1134
2026-10-06 12:48:16.120 | INFO     | transformer:__default__:36 - DEBUG transformer: logic_or -> line 1134
2026-10-06 12:48:16.120 | INFO     | transformer:__default__:36 - DEBUG transformer: return_stmt -> line 1135
2026-10-06 12:48:16.120 | INFO     | transformer:__default__:36 - DEBUG transformer: if_stmt -> line 1134
2026-10-06 12:48:16.120 | INFO     | transformer:__default__:36 - DEBUG transformer: return_stmt -> line 1136
2026-10-06 12:48:16.120 | INFO     | transformer:__default__:36 - DEBUG transformer: compound_stmt -> line 1131
2026-10-06 12:48:16.120 | INFO     | transformer:__default__:36 - DEBUG transformer: function_def -> line 1130
2026-10-06 12:48:16.120 | INFO     | transformer:__default__:36 - DEBUG transformer: external_decl -> line 1130
2026-10-06 12:48:16.120 | INFO     | transformer:__default__:36 - DEBUG transformer: char -> line 1139
2026-10-06 12:48:16.120 | INFO     | transformer:__default__:36 - DEBUG transformer: pointer -> line 1139
2026-10-06 12:48:16.120 | INFO     | transformer:__default__:36 - DEBUG transformer: type_specifier -> line 1139
2026-10-06 12:48:16.120 | INFO     | transformer:__default__:36 - DEBUG transformer: declarator -> line 1139
2026-10-06 12:48:16.120 | INFO     | transformer:__default__:36 - DEBUG transformer: char -> line 1139
2026-10-06 12:48:16.120 | INFO     | transformer:__default__:36 - DEBUG transformer: pointer -> line 1139
2026-10-06 12:48:16.120 | INFO     | transformer:__default__:36 - DEBUG transformer: type_specifier -> line 1139
2026-10-06 12:48:16.120 | INFO     | transformer:__default__:36 - DEBUG transformer: declarator -> line 1139
2026-10-06 12:48:16.120 | INFO     | transformer:__default__:36 - DEBUG transformer: param -> line 1139
2026-10-06 12:48:16.120 | INFO     | transformer:__default__:36 - DEBUG transformer: char -> line 1139
2026-10-06 12:48:16.120 | INFO     | transformer:__default__:36 - DEBUG transformer: pointer -> line 1139
2026-10-06 12:48:16.120 | INFO     | transformer:__default__:36 - DEBUG transformer: type_specifier -> line 1139
2026-10-06 12:48:16.120 | INFO     | transformer:__default__:36 - DEBUG transformer: declarator -> line 1139
2026-10-06 12:48:16.120 | INFO     | transformer:__default__:36 - DEBUG transformer: param -> line 1139
2026-10-06 12:48:16.120 | INFO     | transformer:__default__:36 - DEBUG transformer: param_list -> line 1139
2026-10-06 12:48:16.120 | INFO     | transformer:__default__:36 - DEBUG transformer: char -> line 1142
2026-10-06 12:48:16.120 | INFO     | transformer:__default__:36 - DEBUG transformer: type_specifier -> line 1142
2026-10-06 12:48:16.120 | INFO     | transformer:__default__:36 - DEBUG transformer: array -> line 1142
2026-10-06 12:48:16.121 | INFO     | transformer:__default__:36 - DEBUG transformer: declarator -> line 1142
2026-10-06 12:48:16.121 | INFO     | transformer:__default__:36 - DEBUG transformer: init_declarator -> line 1142
2026-10-06 12:48:16.121 | INFO     | transformer:__default__:36 - DEBUG transformer: init_declarator_list -> line 1142
2026-10-06 12:48:16.121 | INFO     | transformer:__default__:36 - DEBUG transformer: declaration -> line 1142
2026-10-06 12:48:16.121 | INFO     | transformer:__default__:36 - DEBUG transformer: int -> line 1143
2026-10-06 12:48:16.121 | INFO     | transformer:__default__:36 - DEBUG transformer: type_specifier -> line 1143
2026-10-06 12:48:16.121 | INFO     | transformer:__default__:36 - DEBUG transformer: declarator -> line 1143
2026-10-06 12:48:16.121 | INFO     | transformer:__default__:36 - DEBUG transformer: init_declarator -> line 1143
2026-10-06 12:48:16.121 | INFO     | transformer:__default__:36 - DEBUG transformer: init_declarator_list -> line 1143
2026-10-06 12:48:16.121 | INFO     | transformer:__default__:36 - DEBUG transformer: declaration -> line 1143
2026-10-06 12:48:16.121 | INFO     | transformer:__default__:36 - DEBUG transformer: int -> line 1144
2026-10-06 12:48:16.121 | INFO     | transformer:__default__:36 - DEBUG transformer: type_specifier -> line 1144
2026-10-06 12:48:16.121 | INFO     | transformer:__default__:36 - DEBUG transformer: declarator -> line 1144
2026-10-06 12:48:16.121 | INFO     | transformer:__default__:36 - DEBUG transformer: init_declarator -> line 1144
2026-10-06 12:48:16.121 | INFO     | transformer:__default__:36 - DEBUG transformer: init_declarator_list -> line 1144
2026-10-06 12:48:16.121 | INFO     | transformer:__default__:36 - DEBUG transformer: declaration -> line 1144
2026-10-06 12:48:16.121 | INFO     | transformer:__default__:36 - DEBUG transformer: int -> line 1145
2026-10-06 12:48:16.121 | INFO     | transformer:__default__:36 - DEBUG transformer: type_specifier -> line 1145
2026-10-06 12:48:16.121 | INFO     | transformer:__default__:36 - DEBUG transformer: declarator -> line 1145
2026-10-06 12:48:16.121 | INFO     | transformer:__default__:36 - DEBUG transformer: init_declarator -> line 1145
2026-10-06 12:48:16.121 | INFO     | transformer:__default__:36 - DEBUG transformer: init_declarator_list -> line 1145
2026-10-06 12:48:16.121 | INFO     | transformer:__default__:36 - DEBUG transformer: declaration -> line 1145
2026-10-06 12:48:16.121 | INFO     | transformer:__default__:36 - DEBUG transformer: array_index -> line 1146
2026-10-06 12:48:16.121 | INFO     | transformer:__default__:36 - DEBUG transformer: postfix -> line 1146
2026-10-06 12:48:16.121 | INFO     | transformer:__default__:36 - DEBUG transformer: char -> line 1148
2026-10-06 12:48:16.121 | INFO     | transformer:__default__:36 - DEBUG transformer: type_specifier -> line 1148
2026-10-06 12:48:16.121 | INFO     | transformer:__default__:36 - DEBUG transformer: declarator -> line 1148
2026-10-06 12:48:16.121 | INFO     | transformer:__default__:36 - DEBUG transformer: array_index -> line 1148
2026-10-06 12:48:16.121 | INFO     | transformer:__default__:36 - DEBUG transformer: postfix -> line 1148
2026-10-06 12:48:16.121 | INFO     | transformer:__default__:36 - DEBUG transformer: init_declarator -> line 1148
2026-10-06 12:48:16.121 | INFO     | transformer:__default__:36 - DEBUG transformer: init_declarator_list -> line 1148
2026-10-06 12:48:16.121 | INFO     | transformer:__default__:36 - DEBUG transformer: declaration -> line 1148
2026-10-06 12:48:16.121 | INFO     | transformer:__default__:36 - DEBUG transformer: gte -> line 1149
2026-10-06 12:48:16.121 | INFO     | transformer:__default__:36 - DEBUG transformer: relational -> line 1149
2026-10-06 12:48:16.121 | INFO     | transformer:__default__:36 - DEBUG transformer: lte -> line 1149
2026-10-06 12:48:16.121 | INFO     | transformer:__default__:36 - DEBUG transformer: relational -> line 1149
2026-10-06 12:48:16.121 | INFO     | transformer:__default__:36 - DEBUG transformer: logic_and -> line 1149
2026-10-06 12:48:16.121 | INFO     | transformer:__default__:36 - DEBUG transformer: post_inc -> line 1151
2026-10-06 12:48:16.121 | INFO     | transformer:__default__:36 - DEBUG transformer: postfix -> line 1151
2026-10-06 12:48:16.121 | INFO     | transformer:__default__:36 - DEBUG transformer: array_index -> line 1151
2026-10-06 12:48:16.122 | INFO     | transformer:__default__:36 - DEBUG transformer: postfix -> line 1151
2026-10-06 12:48:16.122 | INFO     | transformer:__default__:36 - DEBUG transformer: assignment -> line 1151
2026-10-06 12:48:16.122 | INFO     | transformer:__default__:36 - DEBUG transformer: expr_stmt -> line 1151
2026-10-06 12:48:16.122 | INFO     | transformer:__default__:36 - DEBUG transformer: compound_stmt -> line 1150
2026-10-06 12:48:16.122 | INFO     | transformer:__default__:36 - DEBUG transformer: if_stmt -> line 1149
2026-10-06 12:48:16.122 | INFO     | transformer:__default__:36 - DEBUG transformer: eq -> line 1153
2026-10-06 12:48:16.122 | INFO     | transformer:__default__:36 - DEBUG transformer: equality -> line 1153
2026-10-06 12:48:16.122 | INFO     | transformer:__default__:36 - DEBUG transformer: eq -> line 1153
2026-10-06 12:48:16.122 | INFO     | transformer:__default__:36 - DEBUG transformer: equality -> line 1153
2026-10-06 12:48:16.122 | INFO     | transformer:__default__:36 - DEBUG transformer: eq -> line 1153
2026-10-06 12:48:16.122 | INFO     | transformer:__default__:36 - DEBUG transformer: equality -> line 1153
2026-10-06 12:48:16.122 | INFO     | transformer:__default__:36 - DEBUG transformer: eq -> line 1153
2026-10-06 12:48:16.122 | INFO     | transformer:__default__:36 - DEBUG transformer: equality -> line 1153
2026-10-06 12:48:16.122 | INFO     | transformer:__default__:36 - DEBUG transformer: logic_or -> line 1153
2026-10-06 12:48:16.122 | INFO     | transformer:__default__:36 - DEBUG transformer: int -> line 1155
2026-10-06 12:48:16.122 | INFO     | transformer:__default__:36 - DEBUG transformer: type_specifier -> line 1155
2026-10-06 12:48:16.122 | INFO     | transformer:__default__:36 - DEBUG transformer: declarator -> line 1155
2026-10-06 12:48:16.122 | INFO     | transformer:__default__:36 - DEBUG transformer: arg_list -> line 1155
2026-10-06 12:48:16.122 | INFO     | transformer:__default__:36 - DEBUG transformer: call_suffix -> line 1155
2026-10-06 12:48:16.122 | INFO     | transformer:__default__:36 - DEBUG transformer: postfix -> line 1155
2026-10-06 12:48:16.122 | INFO     | transformer:__default__:36 - DEBUG transformer: init_declarator -> line 1155
2026-10-06 12:48:16.122 | INFO     | transformer:__default__:36 - DEBUG transformer: init_declarator_list -> line 1155
2026-10-06 12:48:16.122 | INFO     | transformer:__default__:36 - DEBUG transformer: declaration -> line 1155
2026-10-06 12:48:16.122 | INFO     | transformer:__default__:36 - DEBUG transformer: eq -> line 1156
2026-10-06 12:48:16.122 | INFO     | transformer:__default__:36 - DEBUG transformer: equality -> line 1156
2026-10-06 12:48:16.122 | INFO     | transformer:__default__:36 - DEBUG transformer: expr_stmt -> line 1159
2026-10-06 12:48:16.122 | INFO     | transformer:__default__:36 - DEBUG transformer: compound_stmt -> line 1157
2026-10-06 12:48:16.122 | INFO     | transformer:__default__:36 - DEBUG transformer: if_stmt -> line 1156
2026-10-06 12:48:16.122 | INFO     | transformer:__default__:36 - DEBUG transformer: gt -> line 1161
2026-10-06 12:48:16.122 | INFO     | transformer:__default__:36 - DEBUG transformer: relational -> line 1161
2026-10-06 12:48:16.122 | INFO     | transformer:__default__:36 - DEBUG transformer: minus -> line 1161
2026-10-06 12:48:16.122 | INFO     | transformer:__default__:36 - DEBUG transformer: additive -> line 1161
2026-10-06 12:48:16.122 | INFO     | transformer:__default__:36 - DEBUG transformer: array_index -> line 1161
2026-10-06 12:48:16.122 | INFO     | transformer:__default__:36 - DEBUG transformer: postfix -> line 1161
2026-10-06 12:48:16.122 | INFO     | transformer:__default__:36 - DEBUG transformer: arg_list -> line 1161
2026-10-06 12:48:16.122 | INFO     | transformer:__default__:36 - DEBUG transformer: call_suffix -> line 1161
2026-10-06 12:48:16.122 | INFO     | transformer:__default__:36 - DEBUG transformer: postfix -> line 1161
2026-10-06 12:48:16.122 | INFO     | transformer:__default__:36 - DEBUG transformer: gte -> line 1161
2026-10-06 12:48:16.122 | INFO     | transformer:__default__:36 - DEBUG transformer: arg_list -> line 1161
2026-10-06 12:48:16.123 | INFO     | transformer:__default__:36 - DEBUG transformer: call_suffix -> line 1161
2026-10-06 12:48:16.123 | INFO     | transformer:__default__:36 - DEBUG transformer: postfix -> line 1161
2026-10-06 12:48:16.123 | INFO     | transformer:__default__:36 - DEBUG transformer: relational -> line 1161
2026-10-06 12:48:16.123 | INFO     | transformer:__default__:36 - DEBUG transformer: logic_and -> line 1161
2026-10-06 12:48:16.123 | INFO     | transformer:__default__:36 - DEBUG transformer: post_inc -> line 1163
2026-10-06 12:48:16.123 | INFO     | transformer:__default__:36 - DEBUG transformer: postfix -> line 1163
2026-10-06 12:48:16.123 | INFO     | transformer:__default__:36 - DEBUG transformer: array_index -> line 1163
2026-10-06 12:48:16.123 | INFO     | transformer:__default__:36 - DEBUG transformer: postfix -> line 1163
2026-10-06 12:48:16.123 | INFO     | transformer:__default__:36 - DEBUG transformer: uminus -> line 1163
2026-10-06 12:48:16.123 | INFO     | transformer:__default__:36 - DEBUG transformer: uminus -> line 1163
2026-10-06 12:48:16.123 | INFO     | transformer:__default__:36 - DEBUG transformer: unary -> line 1163
2026-10-06 12:48:16.123 | INFO     | transformer:__default__:36 - DEBUG transformer: unary -> line 1163
2026-10-06 12:48:16.123 | INFO     | transformer:__default__:36 - DEBUG transformer: array_index -> line 1163
2026-10-06 12:48:16.123 | INFO     | transformer:__default__:36 - DEBUG transformer: postfix -> line 1163
2026-10-06 12:48:16.123 | INFO     | transformer:__default__:36 - DEBUG transformer: assignment -> line 1163
2026-10-06 12:48:16.123 | INFO     | transformer:__default__:36 - DEBUG transformer: expr_stmt -> line 1163
2026-10-06 12:48:16.123 | INFO     | transformer:__default__:36 - DEBUG transformer: compound_stmt -> line 1162
2026-10-06 12:48:16.123 | INFO     | transformer:__default__:36 - DEBUG transformer: while_stmt -> line 1161
2026-10-06 12:48:16.123 | INFO     | transformer:__default__:36 - DEBUG transformer: post_inc -> line 1165
2026-10-06 12:48:16.123 | INFO     | transformer:__default__:36 - DEBUG transformer: postfix -> line 1165
2026-10-06 12:48:16.123 | INFO     | transformer:__default__:36 - DEBUG transformer: array_index -> line 1165
2026-10-06 12:48:16.123 | INFO     | transformer:__default__:36 - DEBUG transformer: postfix -> line 1165
2026-10-06 12:48:16.123 | INFO     | transformer:__default__:36 - DEBUG transformer: assignment -> line 1165
2026-10-06 12:48:16.123 | INFO     | transformer:__default__:36 - DEBUG transformer: expr_stmt -> line 1165
2026-10-06 12:48:16.123 | INFO     | transformer:__default__:36 - DEBUG transformer: compound_stmt -> line 1154
2026-10-06 12:48:16.123 | INFO     | transformer:__default__:36 - DEBUG transformer: if_stmt -> line 1153
2026-10-06 12:48:16.123 | INFO     | transformer:__default__:36 - DEBUG transformer: eq -> line 1167
2026-10-06 12:48:16.123 | INFO     | transformer:__default__:36 - DEBUG transformer: equality -> line 1167
2026-10-06 12:48:16.123 | INFO     | transformer:__default__:36 - DEBUG transformer: post_inc -> line 1169
2026-10-06 12:48:16.123 | INFO     | transformer:__default__:36 - DEBUG transformer: postfix -> line 1169
2026-10-06 12:48:16.123 | INFO     | transformer:__default__:36 - DEBUG transformer: array_index -> line 1169
2026-10-06 12:48:16.123 | INFO     | transformer:__default__:36 - DEBUG transformer: postfix -> line 1169
2026-10-06 12:48:16.123 | INFO     | transformer:__default__:36 - DEBUG transformer: assignment -> line 1169
2026-10-06 12:48:16.123 | INFO     | transformer:__default__:36 - DEBUG transformer: expr_stmt -> line 1169
2026-10-06 12:48:16.123 | INFO     | transformer:__default__:36 - DEBUG transformer: compound_stmt -> line 1168
2026-10-06 12:48:16.123 | INFO     | transformer:__default__:36 - DEBUG transformer: if_stmt -> line 1167
2026-10-06 12:48:16.123 | INFO     | transformer:__default__:36 - DEBUG transformer: eq -> line 1171
2026-10-06 12:48:16.123 | INFO     | transformer:__default__:36 - DEBUG transformer: equality -> line 1171
2026-10-06 12:48:16.123 | INFO     | transformer:__default__:36 - DEBUG transformer: gt -> line 1173
2026-10-06 12:48:16.123 | INFO     | transformer:__default__:36 - DEBUG transformer: relational -> line 1173
2026-10-06 12:48:16.124 | INFO     | transformer:__default__:36 - DEBUG transformer: minus -> line 1173
2026-10-06 12:48:16.124 | INFO     | transformer:__default__:36 - DEBUG transformer: additive -> line 1173
2026-10-06 12:48:16.124 | INFO     | transformer:__default__:36 - DEBUG transformer: array_index -> line 1173
2026-10-06 12:48:16.124 | INFO     | transformer:__default__:36 - DEBUG transformer: postfix -> line 1173
2026-10-06 12:48:16.124 | INFO     | transformer:__default__:36 - DEBUG transformer: neq -> line 1173
2026-10-06 12:48:16.124 | INFO     | transformer:__default__:36 - DEBUG transformer: equality -> line 1173
2026-10-06 12:48:16.124 | INFO     | transformer:__default__:36 - DEBUG transformer: logic_and -> line 1173
2026-10-06 12:48:16.124 | INFO     | transformer:__default__:36 - DEBUG transformer: post_inc -> line 1175
2026-10-06 12:48:16.124 | INFO     | transformer:__default__:36 - DEBUG transformer: postfix -> line 1175
2026-10-06 12:48:16.124 | INFO     | transformer:__default__:36 - DEBUG transformer: array_index -> line 1175
2026-10-06 12:48:16.124 | INFO     | transformer:__default__:36 - DEBUG transformer: postfix -> line 1175
2026-10-06 12:48:16.124 | INFO     | transformer:__default__:36 - DEBUG transformer: uminus -> line 1175
2026-10-06 12:48:16.124 | INFO     | transformer:__default__:36 - DEBUG transformer: uminus -> line 1175
2026-10-06 12:48:16.124 | INFO     | transformer:__default__:36 - DEBUG transformer: unary -> line 1175
2026-10-06 12:48:16.124 | INFO     | transformer:__default__:36 - DEBUG transformer: unary -> line 1175
2026-10-06 12:48:16.124 | INFO     | transformer:__default__:36 - DEBUG transformer: array_index -> line 1175
2026-10-06 12:48:16.124 | INFO     | transformer:__default__:36 - DEBUG transformer: postfix -> line 1175
2026-10-06 12:48:16.124 | INFO     | transformer:__default__:36 - DEBUG transformer: assignment -> line 1175
2026-10-06 12:48:16.124 | INFO     | transformer:__default__:36 - DEBUG transformer: expr_stmt -> line 1175
2026-10-06 12:48:16.124 | INFO     | transformer:__default__:36 - DEBUG transformer: compound_stmt -> line 1174
2026-10-06 12:48:16.124 | INFO     | transformer:__default__:36 - DEBUG transformer: while_stmt -> line 1173
2026-10-06 12:48:16.124 | INFO     | transformer:__default__:36 - DEBUG transformer: gt -> line 1177
2026-10-06 12:48:16.124 | INFO     | transformer:__default__:36 - DEBUG transformer: relational -> line 1177
2026-10-06 12:48:16.124 | INFO     | transformer:__default__:36 - DEBUG transformer: minus -> line 1177
2026-10-06 12:48:16.124 | INFO     | transformer:__default__:36 - DEBUG transformer: additive -> line 1177
2026-10-06 12:48:16.124 | INFO     | transformer:__default__:36 - DEBUG transformer: array_index -> line 1177
2026-10-06 12:48:16.124 | INFO     | transformer:__default__:36 - DEBUG transformer: postfix -> line 1177
2026-10-06 12:48:16.124 | INFO     | transformer:__default__:36 - DEBUG transformer: eq -> line 1177
2026-10-06 12:48:16.124 | INFO     | transformer:__default__:36 - DEBUG transformer: equality -> line 1177
2026-10-06 12:48:16.124 | INFO     | transformer:__default__:36 - DEBUG transformer: logic_and -> line 1177
2026-10-06 12:48:16.124 | INFO     | transformer:__default__:36 - DEBUG transformer: minus -> line 1179
2026-10-06 12:48:16.124 | INFO     | transformer:__default__:36 - DEBUG transformer: additive -> line 1179
2026-10-06 12:48:16.124 | INFO     | transformer:__default__:36 - DEBUG transformer: assignment -> line 1179
2026-10-06 12:48:16.124 | INFO     | transformer:__default__:36 - DEBUG transformer: expr_stmt -> line 1179
2026-10-06 12:48:16.124 | INFO     | transformer:__default__:36 - DEBUG transformer: compound_stmt -> line 1178
2026-10-06 12:48:16.124 | INFO     | transformer:__default__:36 - DEBUG transformer: if_stmt -> line 1177
2026-10-06 12:48:16.124 | INFO     | transformer:__default__:36 - DEBUG transformer: compound_stmt -> line 1172
2026-10-06 12:48:16.124 | INFO     | transformer:__default__:36 - DEBUG transformer: if_stmt -> line 1171
2026-10-06 12:48:16.124 | INFO     | transformer:__default__:36 - DEBUG transformer: plus -> line 1182
2026-10-06 12:48:16.125 | INFO     | transformer:__default__:36 - DEBUG transformer: additive -> line 1182
2026-10-06 12:48:16.125 | INFO     | transformer:__default__:36 - DEBUG transformer: assignment -> line 1182
2026-10-06 12:48:16.125 | INFO     | transformer:__default__:36 - DEBUG transformer: expr_stmt -> line 1182
2026-10-06 12:48:16.125 | INFO     | transformer:__default__:36 - DEBUG transformer: compound_stmt -> line 1147
2026-10-06 12:48:16.125 | INFO     | transformer:__default__:36 - DEBUG transformer: while_stmt -> line 1146
2026-10-06 12:48:16.125 | INFO     | transformer:__default__:36 - DEBUG transformer: gt -> line 1184
2026-10-06 12:48:16.125 | INFO     | transformer:__default__:36 - DEBUG transformer: relational -> line 1184
2026-10-06 12:48:16.125 | INFO     | transformer:__default__:36 - DEBUG transformer: minus -> line 1186
2026-10-06 12:48:16.125 | INFO     | transformer:__default__:36 - DEBUG transformer: additive -> line 1186
2026-10-06 12:48:16.125 | INFO     | transformer:__default__:36 - DEBUG transformer: assignment -> line 1186
2026-10-06 12:48:16.125 | INFO     | transformer:__default__:36 - DEBUG transformer: expr_stmt -> line 1186
2026-10-06 12:48:16.125 | INFO     | transformer:__default__:36 - DEBUG transformer: post_inc -> line 1187
2026-10-06 12:48:16.125 | INFO     | transformer:__default__:36 - DEBUG transformer: postfix -> line 1187
2026-10-06 12:48:16.125 | INFO     | transformer:__default__:36 - DEBUG transformer: array_index -> line 1187
2026-10-06 12:48:16.125 | INFO     | transformer:__default__:36 - DEBUG transformer: postfix -> line 1187
2026-10-06 12:48:16.125 | INFO     | transformer:__default__:36 - DEBUG transformer: array_index -> line 1187
2026-10-06 12:48:16.125 | INFO     | transformer:__default__:36 - DEBUG transformer: postfix -> line 1187
2026-10-06 12:48:16.125 | INFO     | transformer:__default__:36 - DEBUG transformer: assignment -> line 1187
2026-10-06 12:48:16.125 | INFO     | transformer:__default__:36 - DEBUG transformer: expr_stmt -> line 1187
2026-10-06 12:48:16.125 | INFO     | transformer:__default__:36 - DEBUG transformer: compound_stmt -> line 1185
2026-10-06 12:48:16.125 | INFO     | transformer:__default__:36 - DEBUG transformer: while_stmt -> line 1184
2026-10-06 12:48:16.125 | INFO     | transformer:__default__:36 - DEBUG transformer: array_index -> line 1189
2026-10-06 12:48:16.125 | INFO     | transformer:__default__:36 - DEBUG transformer: postfix -> line 1189
2026-10-06 12:48:16.125 | INFO     | transformer:__default__:36 - DEBUG transformer: assignment -> line 1189
2026-10-06 12:48:16.125 | INFO     | transformer:__default__:36 - DEBUG transformer: expr_stmt -> line 1189
2026-10-06 12:48:16.125 | INFO     | transformer:__default__:36 - DEBUG transformer: return_stmt -> line 1190
2026-10-06 12:48:16.125 | INFO     | transformer:__default__:36 - DEBUG transformer: compound_stmt -> line 1140
2026-10-06 12:48:16.125 | INFO     | transformer:__default__:36 - DEBUG transformer: function_def -> line 1139
2026-10-06 12:48:16.125 | INFO     | transformer:__default__:36 - DEBUG transformer: external_decl -> line 1139
2026-10-06 12:48:16.125 | INFO     | transformer:__default__:36 - DEBUG transformer: int -> line 1193
2026-10-06 12:48:16.125 | INFO     | transformer:__default__:36 - DEBUG transformer: type_specifier -> line 1193
2026-10-06 12:48:16.125 | INFO     | transformer:__default__:36 - DEBUG transformer: declarator -> line 1193
2026-10-06 12:48:16.125 | INFO     | transformer:__default__:36 - DEBUG transformer: char -> line 1193
2026-10-06 12:48:16.125 | INFO     | transformer:__default__:36 - DEBUG transformer: pointer -> line 1193
2026-10-06 12:48:16.125 | INFO     | transformer:__default__:36 - DEBUG transformer: type_specifier -> line 1193
2026-10-06 12:48:16.125 | INFO     | transformer:__default__:36 - DEBUG transformer: declarator -> line 1193
2026-10-06 12:48:16.125 | INFO     | transformer:__default__:36 - DEBUG transformer: param -> line 1193
2026-10-06 12:48:16.125 | INFO     | transformer:__default__:36 - DEBUG transformer: param_list -> line 1193
2026-10-06 12:48:16.125 | INFO     | transformer:__default__:36 - DEBUG transformer: int -> line 1195
2026-10-06 12:48:16.125 | INFO     | transformer:__default__:36 - DEBUG transformer: type_specifier -> line 1195
2026-10-06 12:48:16.125 | INFO     | transformer:__default__:36 - DEBUG transformer: array -> line 1195
2026-10-06 12:48:16.126 | INFO     | transformer:__default__:36 - DEBUG transformer: declarator -> line 1195
2026-10-06 12:48:16.126 | INFO     | transformer:__default__:36 - DEBUG transformer: init_declarator -> line 1195
2026-10-06 12:48:16.126 | INFO     | transformer:__default__:36 - DEBUG transformer: init_declarator_list -> line 1195
2026-10-06 12:48:16.126 | INFO     | transformer:__default__:36 - DEBUG transformer: declaration -> line 1195
2026-10-06 12:48:16.126 | INFO     | transformer:__default__:36 - DEBUG transformer: int -> line 1196
2026-10-06 12:48:16.126 | INFO     | transformer:__default__:36 - DEBUG transformer: type_specifier -> line 1196
2026-10-06 12:48:16.126 | INFO     | transformer:__default__:36 - DEBUG transformer: declarator -> line 1196
2026-10-06 12:48:16.126 | INFO     | transformer:__default__:36 - DEBUG transformer: init_declarator -> line 1196
2026-10-06 12:48:16.126 | INFO     | transformer:__default__:36 - DEBUG transformer: init_declarator_list -> line 1196
2026-10-06 12:48:16.126 | INFO     | transformer:__default__:36 - DEBUG transformer: declaration -> line 1196
2026-10-06 12:48:16.126 | INFO     | transformer:__default__:36 - DEBUG transformer: int -> line 1197
2026-10-06 12:48:16.126 | INFO     | transformer:__default__:36 - DEBUG transformer: type_specifier -> line 1197
2026-10-06 12:48:16.126 | INFO     | transformer:__default__:36 - DEBUG transformer: declarator -> line 1197
2026-10-06 12:48:16.126 | INFO     | transformer:__default__:36 - DEBUG transformer: init_declarator -> line 1197
2026-10-06 12:48:16.126 | INFO     | transformer:__default__:36 - DEBUG transformer: init_declarator_list -> line 1197
2026-10-06 12:48:16.126 | INFO     | transformer:__default__:36 - DEBUG transformer: declaration -> line 1197
2026-10-06 12:48:16.126 | INFO     | transformer:__default__:36 - DEBUG transformer: array_index -> line 1198
2026-10-06 12:48:16.126 | INFO     | transformer:__default__:36 - DEBUG transformer: postfix -> line 1198
2026-10-06 12:48:16.126 | INFO     | transformer:__default__:36 - DEBUG transformer: char -> line 1200
2026-10-06 12:48:16.126 | INFO     | transformer:__default__:36 - DEBUG transformer: type_specifier -> line 1200
2026-10-06 12:48:16.126 | INFO     | transformer:__default__:36 - DEBUG transformer: declarator -> line 1200
2026-10-06 12:48:16.126 | INFO     | transformer:__default__:36 - DEBUG transformer: array_index -> line 1200
2026-10-06 12:48:16.126 | INFO     | transformer:__default__:36 - DEBUG transformer: postfix -> line 1200
2026-10-06 12:48:16.126 | INFO     | transformer:__default__:36 - DEBUG transformer: init_declarator -> line 1200
2026-10-06 12:48:16.126 | INFO     | transformer:__default__:36 - DEBUG transformer: init_declarator_list -> line 1200
2026-10-06 12:48:16.126 | INFO     | transformer:__default__:36 - DEBUG transformer: declaration -> line 1200
2026-10-06 12:48:16.126 | INFO     | transformer:__default__:36 - DEBUG transformer: gte -> line 1201
2026-10-06 12:48:16.126 | INFO     | transformer:__default__:36 - DEBUG transformer: relational -> line 1201
2026-10-06 12:48:16.126 | INFO     | transformer:__default__:36 - DEBUG transformer: lte -> line 1201
2026-10-06 12:48:16.126 | INFO     | transformer:__default__:36 - DEBUG transformer: relational -> line 1201
2026-10-06 12:48:16.126 | INFO     | transformer:__default__:36 - DEBUG transformer: logic_and -> line 1201
2026-10-06 12:48:16.126 | INFO     | transformer:__default__:36 - DEBUG transformer: post_inc -> line 1203
2026-10-06 12:48:16.126 | INFO     | transformer:__default__:36 - DEBUG transformer: postfix -> line 1203
2026-10-06 12:48:16.126 | INFO     | transformer:__default__:36 - DEBUG transformer: array_index -> line 1203
2026-10-06 12:48:16.126 | INFO     | transformer:__default__:36 - DEBUG transformer: postfix -> line 1203
2026-10-06 12:48:16.127 | INFO     | transformer:__default__:36 - DEBUG transformer: minus -> line 1203
2026-10-06 12:48:16.127 | INFO     | transformer:__default__:36 - DEBUG transformer: additive -> line 1203
2026-10-06 12:48:16.127 | INFO     | transformer:__default__:36 - DEBUG transformer: assignment -> line 1203
2026-10-06 12:48:16.127 | INFO     | transformer:__default__:36 - DEBUG transformer: expr_stmt -> line 1203
2026-10-06 12:48:16.127 | INFO     | transformer:__default__:36 - DEBUG transformer: compound_stmt -> line 1202
2026-10-06 12:48:16.127 | INFO     | transformer:__default__:36 - DEBUG transformer: int -> line 1207
2026-10-06 12:48:16.127 | INFO     | transformer:__default__:36 - DEBUG transformer: type_specifier -> line 1207
2026-10-06 12:48:16.127 | INFO     | transformer:__default__:36 - DEBUG transformer: declarator -> line 1207
2026-10-06 12:48:16.127 | INFO     | transformer:__default__:36 - DEBUG transformer: uminus -> line 1207
2026-10-06 12:48:16.127 | INFO     | transformer:__default__:36 - DEBUG transformer: uminus -> line 1207
2026-10-06 12:48:16.127 | INFO     | transformer:__default__:36 - DEBUG transformer: unary -> line 1207
2026-10-06 12:48:16.127 | INFO     | transformer:__default__:36 - DEBUG transformer: unary -> line 1207
2026-10-06 12:48:16.127 | INFO     | transformer:__default__:36 - DEBUG transformer: array_index -> line 1207
2026-10-06 12:48:16.127 | INFO     | transformer:__default__:36 - DEBUG transformer: postfix -> line 1207
2026-10-06 12:48:16.127 | INFO     | transformer:__default__:36 - DEBUG transformer: init_declarator -> line 1207
2026-10-06 12:48:16.127 | INFO     | transformer:__default__:36 - DEBUG transformer: init_declarator_list -> line 1207
2026-10-06 12:48:16.130 | INFO     | transformer:__default__:36 - DEBUG transformer: declaration -> line 1207
2026-10-06 12:48:16.130 | INFO     | transformer:__default__:36 - DEBUG transformer: int -> line 1208
2026-10-06 12:48:16.130 | INFO     | transformer:__default__:36 - DEBUG transformer: type_specifier -> line 1208
2026-10-06 12:48:16.130 | INFO     | transformer:__default__:36 - DEBUG transformer: declarator -> line 1208
2026-10-06 12:48:16.130 | INFO     | transformer:__default__:36 - DEBUG transformer: uminus -> line 1208
2026-10-06 12:48:16.130 | INFO     | transformer:__default__:36 - DEBUG transformer: uminus -> line 1208
2026-10-06 12:48:16.130 | INFO     | transformer:__default__:36 - DEBUG transformer: unary -> line 1208
2026-10-06 12:48:16.130 | INFO     | transformer:__default__:36 - DEBUG transformer: unary -> line 1208
2026-10-06 12:48:16.130 | INFO     | transformer:__default__:36 - DEBUG transformer: array_index -> line 1208
2026-10-06 12:48:16.130 | INFO     | transformer:__default__:36 - DEBUG transformer: postfix -> line 1208
2026-10-06 12:48:16.130 | INFO     | transformer:__default__:36 - DEBUG transformer: init_declarator -> line 1208
2026-10-06 12:48:16.130 | INFO     | transformer:__default__:36 - DEBUG transformer: init_declarator_list -> line 1208
2026-10-06 12:48:16.130 | INFO     | transformer:__default__:36 - DEBUG transformer: declaration -> line 1208
2026-10-06 12:48:16.130 | INFO     | transformer:__default__:36 - DEBUG transformer: int -> line 1209
2026-10-06 12:48:16.130 | INFO     | transformer:__default__:36 - DEBUG transformer: type_specifier -> line 1209
2026-10-06 12:48:16.130 | INFO     | transformer:__default__:36 - DEBUG transformer: declarator -> line 1209
2026-10-06 12:48:16.130 | INFO     | transformer:__default__:36 - DEBUG transformer: init_declarator -> line 1209
2026-10-06 12:48:16.130 | INFO     | transformer:__default__:36 - DEBUG transformer: init_declarator_list -> line 1209
2026-10-06 12:48:16.130 | INFO     | transformer:__default__:36 - DEBUG transformer: declaration -> line 1209
2026-10-06 12:48:16.130 | INFO     | transformer:__default__:36 - DEBUG transformer: eq -> line 1210
2026-10-06 12:48:16.130 | INFO     | transformer:__default__:36 - DEBUG transformer: equality -> line 1210
2026-10-06 12:48:16.130 | INFO     | transformer:__default__:36 - DEBUG transformer: plus -> line 1212
2026-10-06 12:48:16.130 | INFO     | transformer:__default__:36 - DEBUG transformer: additive -> line 1212
2026-10-06 12:48:16.130 | INFO     | transformer:__default__:36 - DEBUG transformer: assignment -> line 1212
2026-10-06 12:48:16.130 | INFO     | transformer:__default__:36 - DEBUG transformer: expr_stmt -> line 1212
2026-10-06 12:48:16.130 | INFO     | transformer:__default__:36 - DEBUG transformer: compound_stmt -> line 1211
2026-10-06 12:48:16.130 | INFO     | transformer:__default__:36 - DEBUG transformer: if_stmt -> line 1210
2026-10-06 12:48:16.130 | INFO     | transformer:__default__:36 - DEBUG transformer: eq -> line 1214
2026-10-06 12:48:16.130 | INFO     | transformer:__default__:36 - DEBUG transformer: equality -> line 1214
2026-10-06 12:48:16.130 | INFO     | transformer:__default__:36 - DEBUG transformer: minus -> line 1216
2026-10-06 12:48:16.130 | INFO     | transformer:__default__:36 - DEBUG transformer: additive -> line 1216
2026-10-06 12:48:16.130 | INFO     | transformer:__default__:36 - DEBUG transformer: assignment -> line 1216
2026-10-06 12:48:16.130 | INFO     | transformer:__default__:36 - DEBUG transformer: expr_stmt -> line 1216
2026-10-06 12:48:16.130 | INFO     | transformer:__default__:36 - DEBUG transformer: compound_stmt -> line 1215
2026-10-06 12:48:16.130 | INFO     | transformer:__default__:36 - DEBUG transformer: if_stmt -> line 1214
2026-10-06 12:48:16.130 | INFO     | transformer:__default__:36 - DEBUG transformer: eq -> line 1218
2026-10-06 12:48:16.131 | INFO     | transformer:__default__:36 - DEBUG transformer: equality -> line 1218
2026-10-06 12:48:16.131 | INFO     | transformer:__default__:36 - DEBUG transformer: mult -> line 1220
2026-10-06 12:48:16.131 | INFO     | transformer:__default__:36 - DEBUG transformer: multiplicative -> line 1220
2026-10-06 12:48:16.131 | INFO     | transformer:__default__:36 - DEBUG transformer: assignment -> line 1220
2026-10-06 12:48:16.131 | INFO     | transformer:__default__:36 - DEBUG transformer: expr_stmt -> line 1220
2026-10-06 12:48:16.131 | INFO     | transformer:__default__:36 - DEBUG transformer: compound_stmt -> line 1219
2026-10-06 12:48:16.131 | INFO     | transformer:__default__:36 - DEBUG transformer: if_stmt -> line 1218
2026-10-06 12:48:16.131 | INFO     | transformer:__default__:36 - DEBUG transformer: eq -> line 1222
2026-10-06 12:48:16.131 | INFO     | transformer:__default__:36 - DEBUG transformer: equality -> line 1222
2026-10-06 12:48:16.131 | INFO     | transformer:__default__:36 - DEBUG transformer: div -> line 1224
2026-10-06 12:48:16.131 | INFO     | transformer:__default__:36 - DEBUG transformer: multiplicative -> line 1224
2026-10-06 12:48:16.131 | INFO     | transformer:__default__:36 - DEBUG transformer: assignment -> line 1224
2026-10-06 12:48:16.131 | INFO     | transformer:__default__:36 - DEBUG transformer: expr_stmt -> line 1224
2026-10-06 12:48:16.131 | INFO     | transformer:__default__:36 - DEBUG transformer: compound_stmt -> line 1223
2026-10-06 12:48:16.131 | INFO     | transformer:__default__:36 - DEBUG transformer: if_stmt -> line 1222
2026-10-06 12:48:16.131 | INFO     | transformer:__default__:36 - DEBUG transformer: post_inc -> line 1226
2026-10-06 12:48:16.131 | INFO     | transformer:__default__:36 - DEBUG transformer: postfix -> line 1226
2026-10-06 12:48:16.131 | INFO     | transformer:__default__:36 - DEBUG transformer: array_index -> line 1226
2026-10-06 12:48:16.131 | INFO     | transformer:__default__:36 - DEBUG transformer: postfix -> line 1226
2026-10-06 12:48:16.131 | INFO     | transformer:__default__:36 - DEBUG transformer: assignment -> line 1226
2026-10-06 12:48:16.131 | INFO     | transformer:__default__:36 - DEBUG transformer: expr_stmt -> line 1226
2026-10-06 12:48:16.131 | INFO     | transformer:__default__:36 - DEBUG transformer: compound_stmt -> line 1206
2026-10-06 12:48:16.131 | INFO     | transformer:__default__:36 - DEBUG transformer: if_stmt -> line 1201
2026-10-06 12:48:16.131 | INFO     | transformer:__default__:36 - DEBUG transformer: plus -> line 1228
2026-10-06 12:48:16.131 | INFO     | transformer:__default__:36 - DEBUG transformer: additive -> line 1228
2026-10-06 12:48:16.131 | INFO     | transformer:__default__:36 - DEBUG transformer: assignment -> line 1228
2026-10-06 12:48:16.131 | INFO     | transformer:__default__:36 - DEBUG transformer: expr_stmt -> line 1228
2026-10-06 12:48:16.131 | INFO     | transformer:__default__:36 - DEBUG transformer: compound_stmt -> line 1199
2026-10-06 12:48:16.131 | INFO     | transformer:__default__:36 - DEBUG transformer: while_stmt -> line 1198
2026-10-06 12:48:16.131 | INFO     | transformer:__default__:36 - DEBUG transformer: array_index -> line 1230
2026-10-06 12:48:16.131 | INFO     | transformer:__default__:36 - DEBUG transformer: postfix -> line 1230
2026-10-06 12:48:16.131 | INFO     | transformer:__default__:36 - DEBUG transformer: return_stmt -> line 1230
2026-10-06 12:48:16.131 | INFO     | transformer:__default__:36 - DEBUG transformer: compound_stmt -> line 1194
2026-10-06 12:48:16.131 | INFO     | transformer:__default__:36 - DEBUG transformer: function_def -> line 1193
2026-10-06 12:48:16.131 | INFO     | transformer:__default__:36 - DEBUG transformer: external_decl -> line 1193
2026-10-06 12:48:16.131 | INFO     | transformer:__default__:36 - DEBUG transformer: int -> line 1233
2026-10-06 12:48:16.131 | INFO     | transformer:__default__:36 - DEBUG transformer: type_specifier -> line 1233
2026-10-06 12:48:16.131 | INFO     | transformer:__default__:36 - DEBUG transformer: declarator -> line 1233
2026-10-06 12:48:16.132 | INFO     | transformer:__default__:36 - DEBUG transformer: int -> line 1233
2026-10-06 12:48:16.132 | INFO     | transformer:__default__:36 - DEBUG transformer: type_specifier -> line 1233
2026-10-06 12:48:16.132 | INFO     | transformer:__default__:36 - DEBUG transformer: declarator -> line 1233
2026-10-06 12:48:16.132 | INFO     | transformer:__default__:36 - DEBUG transformer: param -> line 1233
2026-10-06 12:48:16.132 | INFO     | transformer:__default__:36 - DEBUG transformer: int -> line 1233
2026-10-06 12:48:16.132 | INFO     | transformer:__default__:36 - DEBUG transformer: type_specifier -> line 1233
2026-10-06 12:48:16.132 | INFO     | transformer:__default__:36 - DEBUG transformer: declarator -> line 1233
2026-10-06 12:48:16.132 | INFO     | transformer:__default__:36 - DEBUG transformer: param -> line 1233
2026-10-06 12:48:16.132 | INFO     | transformer:__default__:36 - DEBUG transformer: param_list -> line 1233
2026-10-06 12:48:16.132 | INFO     | transformer:__default__:36 - DEBUG transformer: plus -> line 1235
2026-10-06 12:48:16.132 | INFO     | transformer:__default__:36 - DEBUG transformer: additive -> line 1235
2026-10-06 12:48:16.132 | INFO     | transformer:__default__:36 - DEBUG transformer: return_stmt -> line 1235
2026-10-06 12:48:16.132 | INFO     | transformer:__default__:36 - DEBUG transformer: compound_stmt -> line 1234
2026-10-06 12:48:16.132 | INFO     | transformer:__default__:36 - DEBUG transformer: function_def -> line 1233
2026-10-06 12:48:16.132 | INFO     | transformer:__default__:36 - DEBUG transformer: external_decl -> line 1233
2026-10-06 12:48:16.132 | INFO     | transformer:__default__:36 - DEBUG transformer: void -> line 1237
2026-10-06 12:48:16.132 | INFO     | transformer:__default__:36 - DEBUG transformer: type_specifier -> line 1237
2026-10-06 12:48:16.132 | INFO     | transformer:__default__:36 - DEBUG transformer: declarator -> line 1237
2026-10-06 12:48:16.132 | INFO     | transformer:__default__:36 - DEBUG transformer: arg_list -> line 1239
2026-10-06 12:48:16.132 | INFO     | transformer:__default__:36 - DEBUG transformer: call_suffix -> line 1239
2026-10-06 12:48:16.132 | INFO     | transformer:__default__:36 - DEBUG transformer: postfix -> line 1239
2026-10-06 12:48:16.132 | INFO     | transformer:__default__:36 - DEBUG transformer: expr_stmt -> line 1239
2026-10-06 12:48:16.132 | INFO     | transformer:__default__:36 - DEBUG transformer: arg_list -> line 1241
2026-10-06 12:48:16.132 | INFO     | transformer:__default__:36 - DEBUG transformer: call_suffix -> line 1241
2026-10-06 12:48:16.132 | INFO     | transformer:__default__:36 - DEBUG transformer: postfix -> line 1241
2026-10-06 12:48:16.132 | INFO     | transformer:__default__:36 - DEBUG transformer: expr_stmt -> line 1241
2026-10-06 12:48:16.132 | INFO     | transformer:__default__:36 - DEBUG transformer: arg_list -> line 1242
2026-10-06 12:48:16.132 | INFO     | transformer:__default__:36 - DEBUG transformer: call_suffix -> line 1242
2026-10-06 12:48:16.132 | INFO     | transformer:__default__:36 - DEBUG transformer: postfix -> line 1242
2026-10-06 12:48:16.132 | INFO     | transformer:__default__:36 - DEBUG transformer: expr_stmt -> line 1242
2026-10-06 12:48:16.132 | INFO     | transformer:__default__:36 - DEBUG transformer: arg_list -> line 1243
2026-10-06 12:48:16.132 | INFO     | transformer:__default__:36 - DEBUG transformer: call_suffix -> line 1243
2026-10-06 12:48:16.132 | INFO     | transformer:__default__:36 - DEBUG transformer: postfix -> line 1243
2026-10-06 12:48:16.132 | INFO     | transformer:__default__:36 - DEBUG transformer: expr_stmt -> line 1243
2026-10-06 12:48:16.132 | INFO     | transformer:__default__:36 - DEBUG transformer: arg_list -> line 1244
2026-10-06 12:48:16.132 | INFO     | transformer:__default__:36 - DEBUG transformer: call_suffix -> line 1244
2026-10-06 12:48:16.132 | INFO     | transformer:__default__:36 - DEBUG transformer: postfix -> line 1244
2026-10-06 12:48:16.132 | INFO     | transformer:__default__:36 - DEBUG transformer: expr_stmt -> line 1244
2026-10-06 12:48:16.133 | INFO     | transformer:__default__:36 - DEBUG transformer: arg_list -> line 1245
2026-10-06 12:48:16.133 | INFO     | transformer:__default__:36 - DEBUG transformer: call_suffix -> line 1245
2026-10-06 12:48:16.133 | INFO     | transformer:__default__:36 - DEBUG transformer: postfix -> line 1245
2026-10-06 12:48:16.133 | INFO     | transformer:__default__:36 - DEBUG transformer: expr_stmt -> line 1245
2026-10-06 12:48:16.133 | INFO     | transformer:__default__:36 - DEBUG transformer: arg_list -> line 1246
2026-10-06 12:48:16.133 | INFO     | transformer:__default__:36 - DEBUG transformer: call_suffix -> line 1246
2026-10-06 12:48:16.133 | INFO     | transformer:__default__:36 - DEBUG transformer: postfix -> line 1246
2026-10-06 12:48:16.133 | INFO     | transformer:__default__:36 - DEBUG transformer: expr_stmt -> line 1246
2026-10-06 12:48:16.133 | INFO     | transformer:__default__:36 - DEBUG transformer: arg_list -> line 1247
2026-10-06 12:48:16.133 | INFO     | transformer:__default__:36 - DEBUG transformer: call_suffix -> line 1247
2026-10-06 12:48:16.133 | INFO     | transformer:__default__:36 - DEBUG transformer: postfix -> line 1247
2026-10-06 12:48:16.133 | INFO     | transformer:__default__:36 - DEBUG transformer: expr_stmt -> line 1247
2026-10-06 12:48:16.133 | INFO     | transformer:__default__:36 - DEBUG transformer: compound_stmt -> line 1238
2026-10-06 12:48:16.133 | INFO     | transformer:__default__:36 - DEBUG transformer: function_def -> line 1237
2026-10-06 12:48:16.133 | INFO     | transformer:__default__:36 - DEBUG transformer: external_decl -> line 1237
2026-10-06 12:48:16.133 | INFO     | transformer:__default__:36 - DEBUG transformer: void -> line 1249
2026-10-06 12:48:16.133 | INFO     | transformer:__default__:36 - DEBUG transformer: type_specifier -> line 1249
2026-10-06 12:48:16.133 | INFO     | transformer:__default__:36 - DEBUG transformer: declarator -> line 1249
2026-10-06 12:48:16.133 | INFO     | transformer:__default__:36 - DEBUG transformer: call_suffix -> line 1251
2026-10-06 12:48:16.133 | INFO     | transformer:__default__:36 - DEBUG transformer: postfix -> line 1251
2026-10-06 12:48:16.133 | INFO     | transformer:__default__:36 - DEBUG transformer: expr_stmt -> line 1251
2026-10-06 12:48:16.133 | INFO     | transformer:__default__:36 - DEBUG transformer: arg_list -> line 1252
2026-10-06 12:48:16.133 | INFO     | transformer:__default__:36 - DEBUG transformer: call_suffix -> line 1252
2026-10-06 12:48:16.133 | INFO     | transformer:__default__:36 - DEBUG transformer: postfix -> line 1252
2026-10-06 12:48:16.133 | INFO     | transformer:__default__:36 - DEBUG transformer: expr_stmt -> line 1252
2026-10-06 12:48:16.133 | INFO     | transformer:__default__:36 - DEBUG transformer: char -> line 1253
2026-10-06 12:48:16.133 | INFO     | transformer:__default__:36 - DEBUG transformer: type_specifier -> line 1253
2026-10-06 12:48:16.133 | INFO     | transformer:__default__:36 - DEBUG transformer: array -> line 1253
2026-10-06 12:48:16.133 | INFO     | transformer:__default__:36 - DEBUG transformer: declarator -> line 1253
2026-10-06 12:48:16.133 | INFO     | transformer:__default__:36 - DEBUG transformer: init_declarator -> line 1253
2026-10-06 12:48:16.133 | INFO     | transformer:__default__:36 - DEBUG transformer: init_declarator_list -> line 1253
2026-10-06 12:48:16.133 | INFO     | transformer:__default__:36 - DEBUG transformer: declaration -> line 1253
2026-10-06 12:48:16.133 | INFO     | transformer:__default__:36 - DEBUG transformer: arg_list -> line 1254
2026-10-06 12:48:16.133 | INFO     | transformer:__default__:36 - DEBUG transformer: call_suffix -> line 1254
2026-10-06 12:48:16.133 | INFO     | transformer:__default__:36 - DEBUG transformer: postfix -> line 1254
2026-10-06 12:48:16.133 | INFO     | transformer:__default__:36 - DEBUG transformer: expr_stmt -> line 1254
2026-10-06 12:48:16.133 | INFO     | transformer:__default__:36 - DEBUG transformer: arg_list -> line 1255
2026-10-06 12:48:16.133 | INFO     | transformer:__default__:36 - DEBUG transformer: call_suffix -> line 1255
2026-10-06 12:48:16.134 | INFO     | transformer:__default__:36 - DEBUG transformer: postfix -> line 1255
2026-10-06 12:48:16.134 | INFO     | transformer:__default__:36 - DEBUG transformer: expr_stmt -> line 1255
2026-10-06 12:48:16.134 | INFO     | transformer:__default__:36 - DEBUG transformer: char -> line 1256
2026-10-06 12:48:16.134 | INFO     | transformer:__default__:36 - DEBUG transformer: type_specifier -> line 1256
2026-10-06 12:48:16.134 | INFO     | transformer:__default__:36 - DEBUG transformer: array -> line 1256
2026-10-06 12:48:16.134 | INFO     | transformer:__default__:36 - DEBUG transformer: declarator -> line 1256
2026-10-06 12:48:16.134 | INFO     | transformer:__default__:36 - DEBUG transformer: init_declarator -> line 1256
2026-10-06 12:48:16.134 | INFO     | transformer:__default__:36 - DEBUG transformer: init_declarator_list -> line 1256
2026-10-06 12:48:16.134 | INFO     | transformer:__default__:36 - DEBUG transformer: declaration -> line 1256
2026-10-06 12:48:16.134 | INFO     | transformer:__default__:36 - DEBUG transformer: arg_list -> line 1257
2026-10-06 12:48:16.134 | INFO     | transformer:__default__:36 - DEBUG transformer: call_suffix -> line 1257
2026-10-06 12:48:16.134 | INFO     | transformer:__default__:36 - DEBUG transformer: postfix -> line 1257
2026-10-06 12:48:16.134 | INFO     | transformer:__default__:36 - DEBUG transformer: expr_stmt -> line 1257
2026-10-06 12:48:16.134 | INFO     | transformer:__default__:36 - DEBUG transformer: arg_list -> line 1258
2026-10-06 12:48:16.134 | INFO     | transformer:__default__:36 - DEBUG transformer: call_suffix -> line 1258
2026-10-06 12:48:16.134 | INFO     | transformer:__default__:36 - DEBUG transformer: postfix -> line 1258
2026-10-06 12:48:16.134 | INFO     | transformer:__default__:36 - DEBUG transformer: expr_stmt -> line 1258
2026-10-06 12:48:16.134 | INFO     | transformer:__default__:36 - DEBUG transformer: compound_stmt -> line 1250
2026-10-06 12:48:16.134 | INFO     | transformer:__default__:36 - DEBUG transformer: function_def -> line 1249
2026-10-06 12:48:16.134 | INFO     | transformer:__default__:36 - DEBUG transformer: external_decl -> line 1249
2026-10-06 12:48:16.134 | INFO     | transformer:__default__:36 - DEBUG transformer: void -> line 1260
2026-10-06 12:48:16.134 | INFO     | transformer:__default__:36 - DEBUG transformer: type_specifier -> line 1260
2026-10-06 12:48:16.134 | INFO     | transformer:__default__:36 - DEBUG transformer: declarator -> line 1260
2026-10-06 12:48:16.134 | INFO     | transformer:__default__:36 - DEBUG transformer: arg_list -> line 1262
2026-10-06 12:48:16.134 | INFO     | transformer:__default__:36 - DEBUG transformer: call_suffix -> line 1262
2026-10-06 12:48:16.134 | INFO     | transformer:__default__:36 - DEBUG transformer: postfix -> line 1262
2026-10-06 12:48:16.134 | INFO     | transformer:__default__:36 - DEBUG transformer: expr_stmt -> line 1262
2026-10-06 12:48:16.134 | INFO     | transformer:__default__:36 - DEBUG transformer: arg_list -> line 1263
2026-10-06 12:48:16.134 | INFO     | transformer:__default__:36 - DEBUG transformer: call_suffix -> line 1263
2026-10-06 12:48:16.134 | INFO     | transformer:__default__:36 - DEBUG transformer: postfix -> line 1263
2026-10-06 12:48:16.134 | INFO     | transformer:__default__:36 - DEBUG transformer: expr_stmt -> line 1263
2026-10-06 12:48:16.134 | INFO     | transformer:__default__:36 - DEBUG transformer: call_suffix -> line 1264
2026-10-06 12:48:16.134 | INFO     | transformer:__default__:36 - DEBUG transformer: postfix -> line 1264
2026-10-06 12:48:16.134 | INFO     | transformer:__default__:36 - DEBUG transformer: expr_stmt -> line 1264
2026-10-06 12:48:16.134 | INFO     | transformer:__default__:36 - DEBUG transformer: call_suffix -> line 1265
2026-10-06 12:48:16.134 | INFO     | transformer:__default__:36 - DEBUG transformer: postfix -> line 1265
2026-10-06 12:48:16.134 | INFO     | transformer:__default__:36 - DEBUG transformer: expr_stmt -> line 1265
2026-10-06 12:48:16.134 | INFO     | transformer:__default__:36 - DEBUG transformer: compound_stmt -> line 1261
2026-10-06 12:48:16.134 | INFO     | transformer:__default__:36 - DEBUG transformer: function_def -> line 1260
2026-10-06 12:48:16.134 | INFO     | transformer:__default__:36 - DEBUG transformer: external_decl -> line 1260
2026-10-06 12:48:16.135 | INFO     | transformer:__default__:36 - DEBUG transformer: void -> line 1267
2026-10-06 12:48:16.135 | INFO     | transformer:__default__:36 - DEBUG transformer: type_specifier -> line 1267
2026-10-06 12:48:16.135 | INFO     | transformer:__default__:36 - DEBUG transformer: declarator -> line 1267
2026-10-06 12:48:16.135 | INFO     | transformer:__default__:36 - DEBUG transformer: arg_list -> line 1269
2026-10-06 12:48:16.135 | INFO     | transformer:__default__:36 - DEBUG transformer: call_suffix -> line 1269
2026-10-06 12:48:16.135 | INFO     | transformer:__default__:36 - DEBUG transformer: postfix -> line 1269
2026-10-06 12:48:16.135 | INFO     | transformer:__default__:36 - DEBUG transformer: expr_stmt -> line 1269
2026-10-06 12:48:16.135 | INFO     | transformer:__default__:36 - DEBUG transformer: call_suffix -> line 1270
2026-10-06 12:48:16.135 | INFO     | transformer:__default__:36 - DEBUG transformer: postfix -> line 1270
2026-10-06 12:48:16.135 | INFO     | transformer:__default__:36 - DEBUG transformer: expr_stmt -> line 1270
2026-10-06 12:48:16.135 | INFO     | transformer:__default__:36 - DEBUG transformer: arg_list -> line 1271
2026-10-06 12:48:16.135 | INFO     | transformer:__default__:36 - DEBUG transformer: call_suffix -> line 1271
2026-10-06 12:48:16.135 | INFO     | transformer:__default__:36 - DEBUG transformer: postfix -> line 1271
2026-10-06 12:48:16.135 | INFO     | transformer:__default__:36 - DEBUG transformer: expr_stmt -> line 1271
2026-10-06 12:48:16.135 | INFO     | transformer:__default__:36 - DEBUG transformer: call_suffix -> line 1272
2026-10-06 12:48:16.135 | INFO     | transformer:__default__:36 - DEBUG transformer: postfix -> line 1272
2026-10-06 12:48:16.135 | INFO     | transformer:__default__:36 - DEBUG transformer: expr_stmt -> line 1272
2026-10-06 12:48:16.135 | INFO     | transformer:__default__:36 - DEBUG transformer: compound_stmt -> line 1268
2026-10-06 12:48:16.135 | INFO     | transformer:__default__:36 - DEBUG transformer: function_def -> line 1267
2026-10-06 12:48:16.135 | INFO     | transformer:__default__:36 - DEBUG transformer: external_decl -> line 1267
2026-10-06 12:48:16.135 | INFO     | transformer:__default__:36 - DEBUG transformer: void -> line 1274
2026-10-06 12:48:16.135 | INFO     | transformer:__default__:36 - DEBUG transformer: type_specifier -> line 1274
2026-10-06 12:48:16.135 | INFO     | transformer:__default__:36 - DEBUG transformer: declarator -> line 1274
2026-10-06 12:48:16.135 | INFO     | transformer:__default__:36 - DEBUG transformer: arg_list -> line 1276
2026-10-06 12:48:16.135 | INFO     | transformer:__default__:36 - DEBUG transformer: call_suffix -> line 1276
2026-10-06 12:48:16.135 | INFO     | transformer:__default__:36 - DEBUG transformer: postfix -> line 1276
2026-10-06 12:48:16.135 | INFO     | transformer:__default__:36 - DEBUG transformer: expr_stmt -> line 1276
2026-10-06 12:48:16.135 | INFO     | transformer:__default__:36 - DEBUG transformer: call_suffix -> line 1277
2026-10-06 12:48:16.135 | INFO     | transformer:__default__:36 - DEBUG transformer: postfix -> line 1277
2026-10-06 12:48:16.135 | INFO     | transformer:__default__:36 - DEBUG transformer: expr_stmt -> line 1277
2026-10-06 12:48:16.135 | INFO     | transformer:__default__:36 - DEBUG transformer: call_suffix -> line 1278
2026-10-06 12:48:16.135 | INFO     | transformer:__default__:36 - DEBUG transformer: postfix -> line 1278
2026-10-06 12:48:16.135 | INFO     | transformer:__default__:36 - DEBUG transformer: expr_stmt -> line 1278
2026-10-06 12:48:16.135 | INFO     | transformer:__default__:36 - DEBUG transformer: compound_stmt -> line 1275
2026-10-06 12:48:16.135 | INFO     | transformer:__default__:36 - DEBUG transformer: function_def -> line 1274
2026-10-06 12:48:16.135 | INFO     | transformer:__default__:36 - DEBUG transformer: external_decl -> line 1274
2026-10-06 12:48:16.135 | INFO     | transformer:__default__:36 - DEBUG transformer: void -> line 1280
2026-10-06 12:48:16.135 | INFO     | transformer:__default__:36 - DEBUG transformer: type_specifier -> line 1280
2026-10-06 12:48:16.135 | INFO     | transformer:__default__:36 - DEBUG transformer: declarator -> line 1280
2026-10-06 12:48:16.135 | INFO     | transformer:__default__:36 - DEBUG transformer: int -> line 1282
2026-10-06 12:48:16.136 | INFO     | transformer:__default__:36 - DEBUG transformer: type_specifier -> line 1282
2026-10-06 12:48:16.136 | INFO     | transformer:__default__:36 - DEBUG transformer: declarator -> line 1282
2026-10-06 12:48:16.136 | INFO     | transformer:__default__:36 - DEBUG transformer: init_declarator -> line 1282
2026-10-06 12:48:16.136 | INFO     | transformer:__default__:36 - DEBUG transformer: init_declarator_list -> line 1282
2026-10-06 12:48:16.136 | INFO     | transformer:__default__:36 - DEBUG transformer: declaration -> line 1282
2026-10-06 12:48:16.136 | INFO     | transformer:__default__:36 - DEBUG transformer: char -> line 1283
2026-10-06 12:48:16.136 | INFO     | transformer:__default__:36 - DEBUG transformer: pointer -> line 1283
2026-10-06 12:48:16.136 | INFO     | transformer:__default__:36 - DEBUG transformer: type_specifier -> line 1283
2026-10-06 12:48:16.136 | INFO     | transformer:__default__:36 - DEBUG transformer: declarator -> line 1283
2026-10-06 12:48:16.136 | INFO     | transformer:__default__:36 - DEBUG transformer: char -> line 1283
2026-10-06 12:48:16.136 | INFO     | transformer:__default__:36 - DEBUG transformer: pointer -> line 1283
2026-10-06 12:48:16.136 | INFO     | transformer:__default__:36 - DEBUG transformer: type_specifier -> line 1283
2026-10-06 12:48:16.136 | INFO     | transformer:__default__:36 - DEBUG transformer: arg_list -> line 1283
2026-10-06 12:48:16.136 | INFO     | transformer:__default__:36 - DEBUG transformer: call_suffix -> line 1283
2026-10-06 12:48:16.136 | INFO     | transformer:__default__:36 - DEBUG transformer: postfix -> line 1283
2026-10-06 12:48:16.136 | INFO     | transformer:__default__:36 - DEBUG transformer: cast -> line 1283
2026-10-06 12:48:16.136 | INFO     | transformer:__default__:36 - DEBUG transformer: init_declarator -> line 1283
2026-10-06 12:48:16.136 | INFO     | transformer:__default__:36 - DEBUG transformer: init_declarator_list -> line 1283
2026-10-06 12:48:16.136 | INFO     | transformer:__default__:36 - DEBUG transformer: declaration -> line 1283
2026-10-06 12:48:16.136 | INFO     | transformer:__default__:36 - DEBUG transformer: int -> line 1284
2026-10-06 12:48:16.136 | INFO     | transformer:__default__:36 - DEBUG transformer: type_specifier -> line 1284
2026-10-06 12:48:16.136 | INFO     | transformer:__default__:36 - DEBUG transformer: declarator -> line 1284
2026-10-06 12:48:16.136 | INFO     | transformer:__default__:36 - DEBUG transformer: init_declarator -> line 1284
2026-10-06 12:48:16.136 | INFO     | transformer:__default__:36 - DEBUG transformer: init_declarator_list -> line 1284
2026-10-06 12:48:16.136 | INFO     | transformer:__default__:36 - DEBUG transformer: declaration -> line 1284
2026-10-06 12:48:16.136 | INFO     | transformer:__default__:36 - DEBUG transformer: neq -> line 1286
2026-10-06 12:48:16.136 | INFO     | transformer:__default__:36 - DEBUG transformer: equality -> line 1286
2026-10-06 12:48:16.136 | INFO     | transformer:__default__:36 - DEBUG transformer: int -> line 1289
2026-10-06 12:48:16.136 | INFO     | transformer:__default__:36 - DEBUG transformer: type_specifier -> line 1289
2026-10-06 12:48:16.136 | INFO     | transformer:__default__:36 - DEBUG transformer: declarator -> line 1289
2026-10-06 12:48:16.136 | INFO     | transformer:__default__:36 - DEBUG transformer: init_declarator -> line 1289
2026-10-06 12:48:16.136 | INFO     | transformer:__default__:36 - DEBUG transformer: init_declarator_list -> line 1289
2026-10-06 12:48:16.136 | INFO     | transformer:__default__:36 - DEBUG transformer: declaration -> line 1289
2026-10-06 12:48:16.136 | INFO     | transformer:__default__:36 - DEBUG transformer: lt -> line 1289
2026-10-06 12:48:16.136 | INFO     | transformer:__default__:36 - DEBUG transformer: relational -> line 1289
2026-10-06 12:48:16.136 | INFO     | transformer:__default__:36 - DEBUG transformer: post_inc -> line 1289
2026-10-06 12:48:16.136 | INFO     | transformer:__default__:36 - DEBUG transformer: postfix -> line 1289
2026-10-06 12:48:16.136 | INFO     | transformer:__default__:36 - DEBUG transformer: array_index -> line 1291
2026-10-06 12:48:16.137 | INFO     | transformer:__default__:36 - DEBUG transformer: postfix -> line 1291
2026-10-06 12:48:16.137 | INFO     | transformer:__default__:36 - DEBUG transformer: char -> line 1291
2026-10-06 12:48:16.137 | INFO     | transformer:__default__:36 - DEBUG transformer: type_specifier -> line 1291
2026-10-06 12:48:16.137 | INFO     | transformer:__default__:36 - DEBUG transformer: cast -> line 1291
2026-10-06 12:48:16.137 | INFO     | transformer:__default__:36 - DEBUG transformer: assignment -> line 1291
2026-10-06 12:48:16.137 | INFO     | transformer:__default__:36 - DEBUG transformer: expr_stmt -> line 1291
2026-10-06 12:48:16.137 | INFO     | transformer:__default__:36 - DEBUG transformer: compound_stmt -> line 1290
2026-10-06 12:48:16.137 | INFO     | transformer:__default__:36 - DEBUG transformer: for_stmt -> line 1289
2026-10-06 12:48:16.137 | INFO     | transformer:__default__:36 - DEBUG transformer: int -> line 1294
2026-10-06 12:48:16.137 | INFO     | transformer:__default__:36 - DEBUG transformer: type_specifier -> line 1294
2026-10-06 12:48:16.137 | INFO     | transformer:__default__:36 - DEBUG transformer: declarator -> line 1294
2026-10-06 12:48:16.137 | INFO     | transformer:__default__:36 - DEBUG transformer: init_declarator -> line 1294
2026-10-06 12:48:16.137 | INFO     | transformer:__default__:36 - DEBUG transformer: init_declarator_list -> line 1294
2026-10-06 12:48:16.137 | INFO     | transformer:__default__:36 - DEBUG transformer: declaration -> line 1294
2026-10-06 12:48:16.137 | INFO     | transformer:__default__:36 - DEBUG transformer: lt -> line 1294
2026-10-06 12:48:16.137 | INFO     | transformer:__default__:36 - DEBUG transformer: relational -> line 1294
2026-10-06 12:48:16.137 | INFO     | transformer:__default__:36 - DEBUG transformer: post_inc -> line 1294
2026-10-06 12:48:16.137 | INFO     | transformer:__default__:36 - DEBUG transformer: postfix -> line 1294
2026-10-06 12:48:16.137 | INFO     | transformer:__default__:36 - DEBUG transformer: array_index -> line 1296
2026-10-06 12:48:16.137 | INFO     | transformer:__default__:36 - DEBUG transformer: postfix -> line 1296
2026-10-06 12:48:16.137 | INFO     | transformer:__default__:36 - DEBUG transformer: neq -> line 1296
2026-10-06 12:48:16.137 | INFO     | transformer:__default__:36 - DEBUG transformer: char -> line 1296
2026-10-06 12:48:16.137 | INFO     | transformer:__default__:36 - DEBUG transformer: type_specifier -> line 1296
2026-10-06 12:48:16.137 | INFO     | transformer:__default__:36 - DEBUG transformer: cast -> line 1296
2026-10-06 12:48:16.137 | INFO     | transformer:__default__:36 - DEBUG transformer: equality -> line 1296
2026-10-06 12:48:16.137 | INFO     | transformer:__default__:36 - DEBUG transformer: assignment -> line 1298
2026-10-06 12:48:16.137 | INFO     | transformer:__default__:36 - DEBUG transformer: expr_stmt -> line 1298
2026-10-06 12:48:16.137 | INFO     | transformer:__default__:36 - DEBUG transformer: compound_stmt -> line 1297
2026-10-06 12:48:16.137 | INFO     | transformer:__default__:36 - DEBUG transformer: if_stmt -> line 1296
2026-10-06 12:48:16.137 | INFO     | transformer:__default__:36 - DEBUG transformer: compound_stmt -> line 1295
2026-10-06 12:48:16.137 | INFO     | transformer:__default__:36 - DEBUG transformer: for_stmt -> line 1294
2026-10-06 12:48:16.137 | INFO     | transformer:__default__:36 - DEBUG transformer: arg_list -> line 1303
2026-10-06 12:48:16.137 | INFO     | transformer:__default__:36 - DEBUG transformer: call_suffix -> line 1303
2026-10-06 12:48:16.137 | INFO     | transformer:__default__:36 - DEBUG transformer: postfix -> line 1303
2026-10-06 12:48:16.137 | INFO     | transformer:__default__:36 - DEBUG transformer: expr_stmt -> line 1303
2026-10-06 12:48:16.137 | INFO     | transformer:__default__:36 - DEBUG transformer: compound_stmt -> line 1302
2026-10-06 12:48:16.137 | INFO     | transformer:__default__:36 - DEBUG transformer: arg_list -> line 1307
2026-10-06 12:48:16.137 | INFO     | transformer:__default__:36 - DEBUG transformer: call_suffix -> line 1307
2026-10-06 12:48:16.138 | INFO     | transformer:__default__:36 - DEBUG transformer: postfix -> line 1307
2026-10-06 12:48:16.138 | INFO     | transformer:__default__:36 - DEBUG transformer: expr_stmt -> line 1307
2026-10-06 12:48:16.138 | INFO     | transformer:__default__:36 - DEBUG transformer: compound_stmt -> line 1306
2026-10-06 12:48:16.138 | INFO     | transformer:__default__:36 - DEBUG transformer: if_stmt -> line 1301
2026-10-06 12:48:16.138 | INFO     | transformer:__default__:36 - DEBUG transformer: arg_list -> line 1309
2026-10-06 12:48:16.138 | INFO     | transformer:__default__:36 - DEBUG transformer: call_suffix -> line 1309
2026-10-06 12:48:16.138 | INFO     | transformer:__default__:36 - DEBUG transformer: postfix -> line 1309
2026-10-06 12:48:16.138 | INFO     | transformer:__default__:36 - DEBUG transformer: expr_stmt -> line 1309
2026-10-06 12:48:16.138 | INFO     | transformer:__default__:36 - DEBUG transformer: compound_stmt -> line 1287
2026-10-06 12:48:16.138 | INFO     | transformer:__default__:36 - DEBUG transformer: arg_list -> line 1314
2026-10-06 12:48:16.138 | INFO     | transformer:__default__:36 - DEBUG transformer: call_suffix -> line 1314
2026-10-06 12:48:16.138 | INFO     | transformer:__default__:36 - DEBUG transformer: postfix -> line 1314
2026-10-06 12:48:16.138 | INFO     | transformer:__default__:36 - DEBUG transformer: expr_stmt -> line 1314
2026-10-06 12:48:16.138 | INFO     | transformer:__default__:36 - DEBUG transformer: compound_stmt -> line 1313
2026-10-06 12:48:16.138 | INFO     | transformer:__default__:36 - DEBUG transformer: if_stmt -> line 1286
2026-10-06 12:48:16.138 | INFO     | transformer:__default__:36 - DEBUG transformer: char -> line 1317
2026-10-06 12:48:16.138 | INFO     | transformer:__default__:36 - DEBUG transformer: pointer -> line 1317
2026-10-06 12:48:16.138 | INFO     | transformer:__default__:36 - DEBUG transformer: type_specifier -> line 1317
2026-10-06 12:48:16.138 | INFO     | transformer:__default__:36 - DEBUG transformer: declarator -> line 1317
2026-10-06 12:48:16.138 | INFO     | transformer:__default__:36 - DEBUG transformer: char -> line 1317
2026-10-06 12:48:16.138 | INFO     | transformer:__default__:36 - DEBUG transformer: pointer -> line 1317
2026-10-06 12:48:16.138 | INFO     | transformer:__default__:36 - DEBUG transformer: type_specifier -> line 1317
2026-10-06 12:48:16.138 | INFO     | transformer:__default__:36 - DEBUG transformer: arg_list -> line 1317
2026-10-06 12:48:16.138 | INFO     | transformer:__default__:36 - DEBUG transformer: call_suffix -> line 1317
2026-10-06 12:48:16.138 | INFO     | transformer:__default__:36 - DEBUG transformer: postfix -> line 1317
2026-10-06 12:48:16.138 | INFO     | transformer:__default__:36 - DEBUG transformer: cast -> line 1317
2026-10-06 12:48:16.138 | INFO     | transformer:__default__:36 - DEBUG transformer: init_declarator -> line 1317
2026-10-06 12:48:16.138 | INFO     | transformer:__default__:36 - DEBUG transformer: init_declarator_list -> line 1317
2026-10-06 12:48:16.138 | INFO     | transformer:__default__:36 - DEBUG transformer: declaration -> line 1317
2026-10-06 12:48:16.138 | INFO     | transformer:__default__:36 - DEBUG transformer: neq -> line 1318
2026-10-06 12:48:16.138 | INFO     | transformer:__default__:36 - DEBUG transformer: equality -> line 1318
2026-10-06 12:48:16.138 | INFO     | transformer:__default__:36 - DEBUG transformer: int -> line 1320
2026-10-06 12:48:16.138 | INFO     | transformer:__default__:36 - DEBUG transformer: type_specifier -> line 1320
2026-10-06 12:48:16.138 | INFO     | transformer:__default__:36 - DEBUG transformer: declarator -> line 1320
2026-10-06 12:48:16.138 | INFO     | transformer:__default__:36 - DEBUG transformer: uminus -> line 1320
2026-10-06 12:48:16.138 | INFO     | transformer:__default__:36 - DEBUG transformer: unary -> line 1320
2026-10-06 12:48:16.138 | INFO     | transformer:__default__:36 - DEBUG transformer: init_declarator -> line 1320
2026-10-06 12:48:16.138 | INFO     | transformer:__default__:36 - DEBUG transformer: init_declarator_list -> line 1320
2026-10-06 12:48:16.138 | INFO     | transformer:__default__:36 - DEBUG transformer: declaration -> line 1320
2026-10-06 12:48:16.138 | INFO     | transformer:__default__:36 - DEBUG transformer: arg_list -> line 1321
2026-10-06 12:48:16.139 | INFO     | transformer:__default__:36 - DEBUG transformer: call_suffix -> line 1321
2026-10-06 12:48:16.139 | INFO     | transformer:__default__:36 - DEBUG transformer: postfix -> line 1321
2026-10-06 12:48:16.139 | INFO     | transformer:__default__:36 - DEBUG transformer: expr_stmt -> line 1321
2026-10-06 12:48:16.139 | INFO     | transformer:__default__:36 - DEBUG transformer: arg_list -> line 1322
2026-10-06 12:48:16.139 | INFO     | transformer:__default__:36 - DEBUG transformer: call_suffix -> line 1322
2026-10-06 12:48:16.139 | INFO     | transformer:__default__:36 - DEBUG transformer: postfix -> line 1322
2026-10-06 12:48:16.139 | INFO     | transformer:__default__:36 - DEBUG transformer: expr_stmt -> line 1322
2026-10-06 12:48:16.139 | INFO     | transformer:__default__:36 - DEBUG transformer: arg_list -> line 1323
2026-10-06 12:48:16.139 | INFO     | transformer:__default__:36 - DEBUG transformer: call_suffix -> line 1323
2026-10-06 12:48:16.139 | INFO     | transformer:__default__:36 - DEBUG transformer: postfix -> line 1323
2026-10-06 12:48:16.139 | INFO     | transformer:__default__:36 - DEBUG transformer: expr_stmt -> line 1323
2026-10-06 12:48:16.139 | INFO     | transformer:__default__:36 - DEBUG transformer: arg_list -> line 1324
2026-10-06 12:48:16.139 | INFO     | transformer:__default__:36 - DEBUG transformer: call_suffix -> line 1324
2026-10-06 12:48:16.139 | INFO     | transformer:__default__:36 - DEBUG transformer: postfix -> line 1324
2026-10-06 12:48:16.139 | INFO     | transformer:__default__:36 - DEBUG transformer: expr_stmt -> line 1324
2026-10-06 12:48:16.139 | INFO     | transformer:__default__:36 - DEBUG transformer: compound_stmt -> line 1319
2026-10-06 12:48:16.139 | INFO     | transformer:__default__:36 - DEBUG transformer: arg_list -> line 1328
2026-10-06 12:48:16.139 | INFO     | transformer:__default__:36 - DEBUG transformer: call_suffix -> line 1328
2026-10-06 12:48:16.139 | INFO     | transformer:__default__:36 - DEBUG transformer: postfix -> line 1328
2026-10-06 12:48:16.139 | INFO     | transformer:__default__:36 - DEBUG transformer: expr_stmt -> line 1328
2026-10-06 12:48:16.139 | INFO     | transformer:__default__:36 - DEBUG transformer: compound_stmt -> line 1327
2026-10-06 12:48:16.139 | INFO     | transformer:__default__:36 - DEBUG transformer: if_stmt -> line 1318
2026-10-06 12:48:16.139 | INFO     | transformer:__default__:36 - DEBUG transformer: compound_stmt -> line 1281
2026-10-06 12:48:16.139 | INFO     | transformer:__default__:36 - DEBUG transformer: function_def -> line 1280
2026-10-06 12:48:16.139 | INFO     | transformer:__default__:36 - DEBUG transformer: external_decl -> line 1280
2026-10-06 12:48:16.139 | INFO     | transformer:__default__:36 - DEBUG transformer: void -> line 1332
2026-10-06 12:48:16.139 | INFO     | transformer:__default__:36 - DEBUG transformer: type_specifier -> line 1332
2026-10-06 12:48:16.139 | INFO     | transformer:__default__:36 - DEBUG transformer: declarator -> line 1332
2026-10-06 12:48:16.139 | INFO     | transformer:__default__:36 - DEBUG transformer: char -> line 1334
2026-10-06 12:48:16.139 | INFO     | transformer:__default__:36 - DEBUG transformer: pointer -> line 1334
2026-10-06 12:48:16.139 | INFO     | transformer:__default__:36 - DEBUG transformer: type_specifier -> line 1334
2026-10-06 12:48:16.139 | INFO     | transformer:__default__:36 - DEBUG transformer: declarator -> line 1334
2026-10-06 12:48:16.139 | INFO     | transformer:__default__:36 - DEBUG transformer: init_declarator -> line 1334
2026-10-06 12:48:16.139 | INFO     | transformer:__default__:36 - DEBUG transformer: init_declarator_list -> line 1334
2026-10-06 12:48:16.139 | INFO     | transformer:__default__:36 - DEBUG transformer: declaration -> line 1334
2026-10-06 12:48:16.139 | INFO     | transformer:__default__:36 - DEBUG transformer: arg_list -> line 1335
2026-10-06 12:48:16.139 | INFO     | transformer:__default__:36 - DEBUG transformer: call_suffix -> line 1335
2026-10-06 12:48:16.139 | INFO     | transformer:__default__:36 - DEBUG transformer: postfix -> line 1335
2026-10-06 12:48:16.140 | INFO     | transformer:__default__:36 - DEBUG transformer: expr_stmt -> line 1335
2026-10-06 12:48:16.140 | INFO     | transformer:__default__:36 - DEBUG transformer: arg_list -> line 1336
2026-10-06 12:48:16.140 | INFO     | transformer:__default__:36 - DEBUG transformer: call_suffix -> line 1336
2026-10-06 12:48:16.140 | INFO     | transformer:__default__:36 - DEBUG transformer: postfix -> line 1336
2026-10-06 12:48:16.140 | INFO     | transformer:__default__:36 - DEBUG transformer: expr_stmt -> line 1336
2026-10-06 12:48:16.140 | INFO     | transformer:__default__:36 - DEBUG transformer: call_suffix -> line 1337
2026-10-06 12:48:16.140 | INFO     | transformer:__default__:36 - DEBUG transformer: postfix -> line 1337
2026-10-06 12:48:16.140 | INFO     | transformer:__default__:36 - DEBUG transformer: expr_stmt -> line 1337
2026-10-06 12:48:16.140 | INFO     | transformer:__default__:36 - DEBUG transformer: char -> line 1338
2026-10-06 12:48:16.140 | INFO     | transformer:__default__:36 - DEBUG transformer: pointer -> line 1338
2026-10-06 12:48:16.140 | INFO     | transformer:__default__:36 - DEBUG transformer: type_specifier -> line 1338
2026-10-06 12:48:16.140 | INFO     | transformer:__default__:36 - DEBUG transformer: declarator -> line 1338
2026-10-06 12:48:16.140 | INFO     | transformer:__default__:36 - DEBUG transformer: char -> line 1338
2026-10-06 12:48:16.140 | INFO     | transformer:__default__:36 - DEBUG transformer: pointer -> line 1338
2026-10-06 12:48:16.140 | INFO     | transformer:__default__:36 - DEBUG transformer: type_specifier -> line 1338
2026-10-06 12:48:16.140 | INFO     | transformer:__default__:36 - DEBUG transformer: arg_list -> line 1338
2026-10-06 12:48:16.140 | INFO     | transformer:__default__:36 - DEBUG transformer: call_suffix -> line 1338
2026-10-06 12:48:16.140 | INFO     | transformer:__default__:36 - DEBUG transformer: postfix -> line 1338
2026-10-06 12:48:16.140 | INFO     | transformer:__default__:36 - DEBUG transformer: cast -> line 1338
2026-10-06 12:48:16.140 | INFO     | transformer:__default__:36 - DEBUG transformer: init_declarator -> line 1338
2026-10-06 12:48:16.140 | INFO     | transformer:__default__:36 - DEBUG transformer: init_declarator_list -> line 1338
2026-10-06 12:48:16.140 | INFO     | transformer:__default__:36 - DEBUG transformer: declaration -> line 1338
2026-10-06 12:48:16.140 | INFO     | transformer:__default__:36 - DEBUG transformer: not -> line 1339
2026-10-06 12:48:16.140 | INFO     | transformer:__default__:36 - DEBUG transformer: unary -> line 1339
2026-10-06 12:48:16.140 | INFO     | transformer:__default__:36 - DEBUG transformer: arg_list -> line 1341
2026-10-06 12:48:16.140 | INFO     | transformer:__default__:36 - DEBUG transformer: call_suffix -> line 1341
2026-10-06 12:48:16.140 | INFO     | transformer:__default__:36 - DEBUG transformer: postfix -> line 1341
2026-10-06 12:48:16.140 | INFO     | transformer:__default__:36 - DEBUG transformer: expr_stmt -> line 1341
2026-10-06 12:48:16.140 | INFO     | transformer:__default__:36 - DEBUG transformer: call_suffix -> line 1342
2026-10-06 12:48:16.140 | INFO     | transformer:__default__:36 - DEBUG transformer: postfix -> line 1342
2026-10-06 12:48:16.140 | INFO     | transformer:__default__:36 - DEBUG transformer: expr_stmt -> line 1342
2026-10-06 12:48:16.140 | INFO     | transformer:__default__:36 - DEBUG transformer: return_stmt -> line 1343
2026-10-06 12:48:16.140 | INFO     | transformer:__default__:36 - DEBUG transformer: compound_stmt -> line 1340
2026-10-06 12:48:16.140 | INFO     | transformer:__default__:36 - DEBUG transformer: if_stmt -> line 1339
2026-10-06 12:48:16.140 | INFO     | transformer:__default__:36 - DEBUG transformer: arg_list -> line 1345
2026-10-06 12:48:16.140 | INFO     | transformer:__default__:36 - DEBUG transformer: call_suffix -> line 1345
2026-10-06 12:48:16.140 | INFO     | transformer:__default__:36 - DEBUG transformer: postfix -> line 1345
2026-10-06 12:48:16.140 | INFO     | transformer:__default__:36 - DEBUG transformer: expr_stmt -> line 1345
2026-10-06 12:48:16.140 | INFO     | transformer:__default__:36 - DEBUG transformer: arg_list -> line 1346
2026-10-06 12:48:16.140 | INFO     | transformer:__default__:36 - DEBUG transformer: call_suffix -> line 1346
2026-10-06 12:48:16.141 | INFO     | transformer:__default__:36 - DEBUG transformer: postfix -> line 1346
2026-10-06 12:48:16.141 | INFO     | transformer:__default__:36 - DEBUG transformer: expr_stmt -> line 1346
2026-10-06 12:48:16.141 | INFO     | transformer:__default__:36 - DEBUG transformer: arg_list -> line 1347
2026-10-06 12:48:16.141 | INFO     | transformer:__default__:36 - DEBUG transformer: call_suffix -> line 1347
2026-10-06 12:48:16.141 | INFO     | transformer:__default__:36 - DEBUG transformer: postfix -> line 1347
2026-10-06 12:48:16.141 | INFO     | transformer:__default__:36 - DEBUG transformer: expr_stmt -> line 1347
2026-10-06 12:48:16.141 | INFO     | transformer:__default__:36 - DEBUG transformer: call_suffix -> line 1348
2026-10-06 12:48:16.141 | INFO     | transformer:__default__:36 - DEBUG transformer: postfix -> line 1348
2026-10-06 12:48:16.141 | INFO     | transformer:__default__:36 - DEBUG transformer: expr_stmt -> line 1348
2026-10-06 12:48:16.141 | INFO     | transformer:__default__:36 - DEBUG transformer: arg_list -> line 1350
2026-10-06 12:48:16.141 | INFO     | transformer:__default__:36 - DEBUG transformer: call_suffix -> line 1350
2026-10-06 12:48:16.141 | INFO     | transformer:__default__:36 - DEBUG transformer: postfix -> line 1350
2026-10-06 12:48:16.141 | INFO     | transformer:__default__:36 - DEBUG transformer: expr_stmt -> line 1350
2026-10-06 12:48:16.141 | INFO     | transformer:__default__:36 - DEBUG transformer: int -> line 1351
2026-10-06 12:48:16.141 | INFO     | transformer:__default__:36 - DEBUG transformer: type_specifier -> line 1351
2026-10-06 12:48:16.141 | INFO     | transformer:__default__:36 - DEBUG transformer: declarator -> line 1351
2026-10-06 12:48:16.141 | INFO     | transformer:__default__:36 - DEBUG transformer: arg_list -> line 1351
2026-10-06 12:48:16.141 | INFO     | transformer:__default__:36 - DEBUG transformer: call_suffix -> line 1351
2026-10-06 12:48:16.141 | INFO     | transformer:__default__:36 - DEBUG transformer: postfix -> line 1351
2026-10-06 12:48:16.141 | INFO     | transformer:__default__:36 - DEBUG transformer: init_declarator -> line 1351
2026-10-06 12:48:16.141 | INFO     | transformer:__default__:36 - DEBUG transformer: init_declarator_list -> line 1351
2026-10-06 12:48:16.141 | INFO     | transformer:__default__:36 - DEBUG transformer: declaration -> line 1351
2026-10-06 12:48:16.141 | INFO     | transformer:__default__:36 - DEBUG transformer: char -> line 1352
2026-10-06 12:48:16.141 | INFO     | transformer:__default__:36 - DEBUG transformer: type_specifier -> line 1352
2026-10-06 12:48:16.141 | INFO     | transformer:__default__:36 - DEBUG transformer: array -> line 1352
2026-10-06 12:48:16.141 | INFO     | transformer:__default__:36 - DEBUG transformer: declarator -> line 1352
2026-10-06 12:48:16.141 | INFO     | transformer:__default__:36 - DEBUG transformer: init_declarator -> line 1352
2026-10-06 12:48:16.141 | INFO     | transformer:__default__:36 - DEBUG transformer: init_declarator_list -> line 1352
2026-10-06 12:48:16.141 | INFO     | transformer:__default__:36 - DEBUG transformer: declaration -> line 1352
2026-10-06 12:48:16.141 | INFO     | transformer:__default__:36 - DEBUG transformer: arg_list -> line 1353
2026-10-06 12:48:16.141 | INFO     | transformer:__default__:36 - DEBUG transformer: call_suffix -> line 1353
2026-10-06 12:48:16.141 | INFO     | transformer:__default__:36 - DEBUG transformer: postfix -> line 1353
2026-10-06 12:48:16.141 | INFO     | transformer:__default__:36 - DEBUG transformer: expr_stmt -> line 1353
2026-10-06 12:48:16.141 | INFO     | transformer:__default__:36 - DEBUG transformer: arg_list -> line 1354
2026-10-06 12:48:16.141 | INFO     | transformer:__default__:36 - DEBUG transformer: call_suffix -> line 1354
2026-10-06 12:48:16.141 | INFO     | transformer:__default__:36 - DEBUG transformer: postfix -> line 1354
2026-10-06 12:48:16.141 | INFO     | transformer:__default__:36 - DEBUG transformer: expr_stmt -> line 1354
2026-10-06 12:48:16.141 | INFO     | transformer:__default__:36 - DEBUG transformer: call_suffix -> line 1355
2026-10-06 12:48:16.141 | INFO     | transformer:__default__:36 - DEBUG transformer: postfix -> line 1355
2026-10-06 12:48:16.141 | INFO     | transformer:__default__:36 - DEBUG transformer: expr_stmt -> line 1355
2026-10-06 12:48:16.142 | INFO     | transformer:__default__:36 - DEBUG transformer: compound_stmt -> line 1333
2026-10-06 12:48:16.142 | INFO     | transformer:__default__:36 - DEBUG transformer: function_def -> line 1332
2026-10-06 12:48:16.142 | INFO     | transformer:__default__:36 - DEBUG transformer: external_decl -> line 1332
2026-10-06 12:48:16.142 | INFO     | transformer:__default__:36 - DEBUG transformer: void -> line 1357
2026-10-06 12:48:16.142 | INFO     | transformer:__default__:36 - DEBUG transformer: type_specifier -> line 1357
2026-10-06 12:48:16.142 | INFO     | transformer:__default__:36 - DEBUG transformer: declarator -> line 1357
2026-10-06 12:48:16.142 | INFO     | transformer:__default__:36 - DEBUG transformer: char -> line 1359
2026-10-06 12:48:16.142 | INFO     | transformer:__default__:36 - DEBUG transformer: pointer -> line 1359
2026-10-06 12:48:16.142 | INFO     | transformer:__default__:36 - DEBUG transformer: type_specifier -> line 1359
2026-10-06 12:48:16.142 | INFO     | transformer:__default__:36 - DEBUG transformer: declarator -> line 1359
2026-10-06 12:48:16.142 | INFO     | transformer:__default__:36 - DEBUG transformer: call_suffix -> line 1359
2026-10-06 12:48:16.142 | INFO     | transformer:__default__:36 - DEBUG transformer: postfix -> line 1359
2026-10-06 12:48:16.142 | INFO     | transformer:__default__:36 - DEBUG transformer: arg_list -> line 1359
2026-10-06 12:48:16.142 | INFO     | transformer:__default__:36 - DEBUG transformer: call_suffix -> line 1359
2026-10-06 12:48:16.142 | INFO     | transformer:__default__:36 - DEBUG transformer: postfix -> line 1359
2026-10-06 12:48:16.142 | INFO     | transformer:__default__:36 - DEBUG transformer: init_declarator -> line 1359
2026-10-06 12:48:16.142 | INFO     | transformer:__default__:36 - DEBUG transformer: init_declarator_list -> line 1359
2026-10-06 12:48:16.142 | INFO     | transformer:__default__:36 - DEBUG transformer: declaration -> line 1359
2026-10-06 12:48:16.142 | INFO     | transformer:__default__:36 - DEBUG transformer: arg_list -> line 1360
2026-10-06 12:48:16.142 | INFO     | transformer:__default__:36 - DEBUG transformer: call_suffix -> line 1360
2026-10-06 12:48:16.142 | INFO     | transformer:__default__:36 - DEBUG transformer: postfix -> line 1360
2026-10-06 12:48:16.142 | INFO     | transformer:__default__:36 - DEBUG transformer: expr_stmt -> line 1360
2026-10-06 12:48:16.142 | INFO     | transformer:__default__:36 - DEBUG transformer: arg_list -> line 1361
2026-10-06 12:48:16.142 | INFO     | transformer:__default__:36 - DEBUG transformer: call_suffix -> line 1361
2026-10-06 12:48:16.142 | INFO     | transformer:__default__:36 - DEBUG transformer: postfix -> line 1361
2026-10-06 12:48:16.142 | INFO     | transformer:__default__:36 - DEBUG transformer: expr_stmt -> line 1361
2026-10-06 12:48:16.142 | INFO     | transformer:__default__:36 - DEBUG transformer: arg_list -> line 1362
2026-10-06 12:48:16.142 | INFO     | transformer:__default__:36 - DEBUG transformer: call_suffix -> line 1362
2026-10-06 12:48:16.142 | INFO     | transformer:__default__:36 - DEBUG transformer: postfix -> line 1362
2026-10-06 12:48:16.142 | INFO     | transformer:__default__:36 - DEBUG transformer: expr_stmt -> line 1362
2026-10-06 12:48:16.142 | INFO     | transformer:__default__:36 - DEBUG transformer: call_suffix -> line 1363
2026-10-06 12:48:16.142 | INFO     | transformer:__default__:36 - DEBUG transformer: postfix -> line 1363
2026-10-06 12:48:16.142 | INFO     | transformer:__default__:36 - DEBUG transformer: expr_stmt -> line 1363
2026-10-06 12:48:16.142 | INFO     | transformer:__default__:36 - DEBUG transformer: compound_stmt -> line 1358
2026-10-06 12:48:16.142 | INFO     | transformer:__default__:36 - DEBUG transformer: function_def -> line 1357
2026-10-06 12:48:16.142 | INFO     | transformer:__default__:36 - DEBUG transformer: external_decl -> line 1357
2026-10-06 12:48:16.142 | INFO     | transformer:__default__:36 - DEBUG transformer: void -> line 1366
2026-10-06 12:48:16.142 | INFO     | transformer:__default__:36 - DEBUG transformer: type_specifier -> line 1366
2026-10-06 12:48:16.142 | INFO     | transformer:__default__:36 - DEBUG transformer: declarator -> line 1366
2026-10-06 12:48:16.142 | INFO     | transformer:__default__:36 - DEBUG transformer: call_suffix -> line 1368
2026-10-06 12:48:16.143 | INFO     | transformer:__default__:36 - DEBUG transformer: postfix -> line 1368
2026-10-06 12:48:16.143 | INFO     | transformer:__default__:36 - DEBUG transformer: expr_stmt -> line 1368
2026-10-06 12:48:16.143 | INFO     | transformer:__default__:36 - DEBUG transformer: call_suffix -> line 1383
2026-10-06 12:48:16.143 | INFO     | transformer:__default__:36 - DEBUG transformer: postfix -> line 1383
2026-10-06 12:48:16.143 | INFO     | transformer:__default__:36 - DEBUG transformer: expr_stmt -> line 1383
2026-10-06 12:48:16.143 | INFO     | transformer:__default__:36 - DEBUG transformer: compound_stmt -> line 1367
2026-10-06 12:48:16.143 | INFO     | transformer:__default__:36 - DEBUG transformer: function_def -> line 1366
2026-10-06 12:48:16.143 | INFO     | transformer:__default__:36 - DEBUG transformer: external_decl -> line 1366
2026-10-06 12:48:16.143 | INFO     | transformer:__default__:36 - DEBUG transformer: translation_unit -> line 1
2026-10-06 12:48:16.144 | INFO     | transformer_tu:_extract_embed_path:221 - Found potential embed call: __embed at line 148
2026-10-06 12:48:16.144 | INFO     | transformer_tu:_handle_global_declaration:419 - Embedding blob for global 'font_address' from path: font_bitmap.bin
2026-10-06 12:48:16.163 | WARNING  | emitter:emit_function_def:1265 - arg register r1 not in free list

2026-10-06 12:48:16.163 | WARNING  | emitter:emit_function_def:1265 - arg register r1 not in free list

2026-10-06 12:48:16.163 | WARNING  | emitter:emit_function_def:1265 - arg register r1 not in free list

2026-10-06 12:48:16.164 | WARNING  | emitter:emit_function_def:1265 - arg register r1 not in free list

2026-10-06 12:48:16.164 | WARNING  | emitter:emit_function_def:1265 - arg register r1 not in free list

2026-10-06 12:48:16.165 | WARNING  | emitter:emit_function_def:1265 - arg register r1 not in free list

2026-10-06 12:48:16.165 | WARNING  | emitter:emit_function_def:1265 - arg register r1 not in free list

2026-10-06 12:48:16.166 | WARNING  | emitter:emit_function_def:1265 - arg register r1 not in free list

2026-10-06 12:48:16.166 | WARNING  | emitter:emit_function_def:1265 - arg register r1 not in free list

2026-10-06 12:48:16.167 | WARNING  | emitter:emit_function_def:1265 - arg register r1 not in free list

2026-10-06 12:48:16.168 | INFO     | emitter:alloc_reg:272 - Register pressure: spilling live variable register r2 to static slot
2026-10-06 12:48:16.168 | INFO     | emitter:alloc_reg:272 - Register pressure: spilling live variable register r2 to static slot
2026-10-06 12:48:16.168 | WARNING  | emitter:emit_function_def:1265 - arg register r1 not in free list

2026-10-06 12:48:16.168 | INFO     | emitter:alloc_reg:272 - Register pressure: spilling live variable register r2 to static slot
2026-10-06 12:48:16.169 | INFO     | emitter:alloc_reg:272 - Register pressure: spilling live variable register r2 to static slot
2026-10-06 12:48:16.169 | WARNING  | emitter:emit_function_def:1265 - arg register r1 not in free list

2026-10-06 12:48:16.170 | WARNING  | emitter:emit_function_def:1265 - arg register r1 not in free list

2026-10-06 12:48:16.170 | WARNING  | emitter:emit_function_def:1265 - arg register r1 not in free list

2026-10-06 12:48:16.170 | WARNING  | emitter:emit_function_def:1265 - arg register r1 not in free list

2026-10-06 12:48:16.171 | WARNING  | emitter:emit_function_def:1265 - arg register r1 not in free list

2026-10-06 12:48:16.171 | WARNING  | emitter:emit_function_def:1265 - arg register r1 not in free list

2026-10-06 12:48:16.172 | WARNING  | emitter:emit_function_def:1265 - arg register r1 not in free list

2026-10-06 12:48:16.172 | WARNING  | emitter:emit_function_def:1265 - arg register r1 not in free list

2026-10-06 12:48:16.172 | WARNING  | emitter:emit_function_def:1265 - arg register r1 not in free list

2026-10-06 12:48:16.172 | WARNING  | emitter:emit_function_def:1265 - arg register r1 not in free list

2026-10-06 12:48:16.173 | WARNING  | emitter:emit_function_def:1265 - arg register r1 not in free list

2026-10-06 12:48:16.173 | WARNING  | emitter:emit_function_def:1265 - arg register r1 not in free list

2026-10-06 12:48:16.173 | WARNING  | emitter:emit_function_def:1265 - arg register r1 not in free list

2026-10-06 12:48:16.174 | WARNING  | emitter:emit_function_def:1265 - arg register r1 not in free list

2026-10-06 12:48:16.174 | WARNING  | emitter:emit_function_def:1265 - arg register r1 not in free list

2026-10-06 12:48:16.175 | WARNING  | emitter:emit_function_def:1265 - arg register r1 not in free list

2026-10-06 12:48:16.176 | WARNING  | emitter:emit_function_def:1265 - arg register r1 not in free list

2026-10-06 12:48:16.177 | WARNING  | emitter:emit_function_def:1265 - arg register r1 not in free list

2026-10-06 12:48:16.177 | WARNING  | emitter:emit_function_def:1265 - arg register r1 not in free list

2026-10-06 12:48:16.177 | WARNING  | emitter:emit_function_def:1265 - arg register r1 not in free list

2026-10-06 12:48:16.178 | WARNING  | emitter:emit_function_def:1265 - arg register r1 not in free list

2026-10-06 12:48:16.178 | WARNING  | emitter:emit_function_def:1265 - arg register r1 not in free list

2026-10-06 12:48:16.179 | WARNING  | emitter:emit_function_def:1265 - arg register r1 not in free list

2026-10-06 12:48:16.180 | WARNING  | emitter:emit_function_def:1265 - arg register r1 not in free list

2026-10-06 12:48:16.180 | WARNING  | emitter:emit_function_def:1265 - arg register r1 not in free list

2026-10-06 12:48:16.181 | WARNING  | emitter:emit_function_def:1265 - arg register r1 not in free list

2026-10-06 12:48:16.181 | WARNING  | emitter:emit_function_def:1265 - arg register r1 not in free list

2026-10-06 12:48:16.182 | WARNING  | emitter:emit_function_def:1265 - arg register r1 not in free list

2026-10-06 12:48:16.182 | WARNING  | emitter:emit_function_def:1265 - arg register r1 not in free list

2026-10-06 12:48:16.182 | WARNING  | emitter:emit_function_def:1265 - arg register r1 not in free list

2026-10-06 12:48:16.182 | WARNING  | emitter:emit_function_def:1265 - arg register r1 not in free list

2026-10-06 12:48:16.183 | WARNING  | emitter:emit_function_def:1265 - arg register r1 not in free list

2026-10-06 12:48:16.183 | WARNING  | emitter:emit_function_def:1265 - arg register r1 not in free list

2026-10-06 12:48:16.437 | INFO     | __main__:main:153 - Emitted rospos/build/rospos.rosc.debug with 5729 tracked mappings
2026-10-06 12:48:16.437 | INFO     | __main__:main:154 - Emitted rospos/build/rospos.ros
